ID,Complaint,Department
1,Bribe was demanded for issuing a building permit in Chromepet,Corruption
2,Construction debris left on South Street blocking traffic,Road Maintenance
3,Streetside electric meter is sparking in Pallavaram,Electricity
4,Speed breakers are missing near the school on Main Road,Road Maintenance
5,Abandoned building near Bazaar Street is unsafe for children,Public Safety
6,Frequent power cuts are occurring in Porur,Electricity
7,Road divider near School Lane is broken,Road Maintenance
8,Speed breakers are missing near the school on Bazaar Street,Road Maintenance
9,Dumping ground near Pallavaram is causing bad odor,Waste Management
10,Huge potholes on Market Road in T Nagar,Road Maintenance
11,Someone demanded a bribe for approval of a document in Nungambakkam,Corruption
12,No water connection provided despite application in Porur,Water Supply
13,Plastic waste dumped near the water body in Perambur,Environment
14,Mid day meal quality is poor at Anna Nagar school,Education
15,Contaminated water is being supplied in Egmore,Water Supply
16,Signboards are missing at the Bypass Road intersection,Traffic
17,Borewell in the panchayat office area has run dry,Water Supply
18,Ambulance service is delayed in Adyar,Health
19,Road divider near Station Road is broken,Road Maintenance
20,A clerk asked for extra money to process ration card in Block C,Corruption
21,Textbooks not distributed on time in Alwarpet schools,Education
22,Water supply has been irregular in Block C for 12 weeks,Water Supply
23,Unsafe construction site near North Street lacks barricades,Public Safety
24,Stray dogs are attacking residents in Kodambakkam,Public Safety
25,Bus stop shelter near Bazaar Street is damaged,Public Transport
26,Broken compound wall near Main Road is a safety hazard,Public Safety
27,Traffic signal timing is too short at Station Road,Traffic
28,Illegal dumping of waste is happening near Market Road,Waste Management
29,Air pollution levels are high near the factory in Porur,Environment
30,Someone demanded a bribe for approval of a document in Alwarpet,Corruption
31,Someone demanded a bribe for approval of a document in the industrial estate,Corruption
32,Traffic signal timing is too short at Main Road,Traffic
33,There is no drinking water in Anna Nagar for the past 4 days,Water Supply
34,Garbage is overflowing near Market Road in Mylapore,Waste Management
35,Leaking pipeline is wasting water on Station Road,Water Supply
36,Frequent traffic congestion on North Street during peak hours,Traffic
37,An officer at the counter is taking bribes for water connection approvals in Alwarpet,Corruption
38,Broken compound wall near Station Road is a safety hazard,Public Safety
39,Bus service is irregular on the Alwarpet route,Public Transport
40,No bus service available to Block C after 8 pm,Public Transport
41,"Street lights remain on during daytime in Mylapore, wasting power",Street Lighting
42,Burning of waste is causing smoke in Phase 2,Environment
43,Hospital in the panchayat office area has no doctors available,Health
44,Primary health center in Egmore is understaffed,Health
45,Traffic signal timing is too short at Market Road,Traffic
46,Road near Church Street has not been repaired after monsoon,Road Maintenance
47,No bus service available to Kolathur after 8 pm,Public Transport
48,Exposed wires near Park Avenue pose a danger to residents,Electricity
49,Encroachment on the lake near Alwarpet is destroying wetlands,Environment
50,Hospital in Alwarpet has no doctors available,Health
51,Hospital in Ambattur has no doctors available,Health
52,Zebra crossing markings have faded on Church Street,Traffic
53,"New street light pole is needed on MG Road, Royapettah",Street Lighting
54,Street light flickers continuously on Church Street,Street Lighting
55,Primary health center in Perambur is understaffed,Health
56,Burning of waste is causing smoke in Velachery,Environment
57,Auto drivers are refusing to use the meter near School Lane,Public Transport
58,School in Velachery lacks proper toilet facilities,Education
59,Textbooks not distributed on time in Guindy schools,Education
60,There is no drinking water in Block C for the past 9 days,Water Supply
61,Encroachment on the lake near near the temple is destroying wetlands,Environment
62,Long waiting times reported at the industrial estate government hospital,Health
63,Bus stop shelter near North Street is damaged,Public Transport
64,Bribe was demanded for issuing a building permit in Adyar,Corruption
65,Textbooks not distributed on time in the industrial estate schools,Education
66,Bribe was demanded for issuing a building permit in the panchayat office area,Corruption
67,Hospital in Ward 12 has no doctors available,Health
68,Segregated waste is being mixed by collection staff in Vadapalani,Waste Management
69,Corruption reported in distribution of government scheme benefits in the housing board colony,Corruption
70,Traffic signal timing is too short at Main Road,Traffic
71,Hospital in the housing board colony has no doctors available,Health
72,Money was demanded for processing a pension application in Sector 5,Corruption
73,Overcrowded classrooms reported in the industrial estate government school,Education
74,Someone demanded a bribe for approval of a document in Perambur,Corruption
75,Bus stop shelter near Main Road is damaged,Public Transport
76,Solar street lights installed in Kodambakkam are non functional,Street Lighting
77,Teacher is absent regularly at the Alwarpet government school,Education
78,Contaminated water is being supplied in Kolathur,Water Supply
79,Open manhole causing danger on Nehru Street in Mylapore,Public Safety
80,No security personnel at the public park in Phase 2,Public Safety
81,Deep pit left uncovered near Station Road in Kodambakkam,Public Safety
82,Long waiting times reported at Sector 5 government hospital,Health
83,School building near School Lane needs urgent repair,Education
84,Road divider near Ring Road is broken,Road Maintenance
85,No science teacher appointed at Vadapalani school for 2 months,Education
86,Burning of waste is causing smoke in the old bus stand area,Environment
87,No bus service available to Mylapore after 8 pm,Public Transport
88,Zebra crossing markings have faded on Church Street,Traffic
89,"No footpath available on Bazaar Street, pedestrians face danger",Road Maintenance
90,Contaminated water is being supplied in Adyar,Water Supply
91,No bus service available to Sector 5 after 8 pm,Public Transport
92,Someone demanded a bribe for approval of a document in Kodambakkam,Corruption
93,Bribe was demanded for issuing a building permit in near the temple,Corruption
94,School in Egmore lacks proper toilet facilities,Education
95,Transformer near Temple Street in Perambur is not working,Electricity
96,Dumping ground near Tambaram is causing bad odor,Waste Management
97,"Street lights remain on during daytime in the housing board colony, wasting power",Street Lighting
98,No traffic police present at busy junction near Station Road,Traffic
99,Illegal dumping of waste is happening near MG Road,Waste Management
100,Dark stretch on Bypass Road due to broken street lights,Street Lighting
101,"Traffic signal is damaged at Ring Road junction, Phase 2",Traffic
102,Bus service is irregular on the Ward 12 route,Public Transport
103,Electric pole near Nehru Street is leaning dangerously,Electricity
104,Electric pole near South Street is leaning dangerously,Electricity
105,Plastic waste dumped near the water body in the main market road,Environment
106,Borewell in the old bus stand area has run dry,Water Supply
107,Dead animal left uncollected on Bypass Road in the old bus stand area,Waste Management
108,Water body near Porur is being polluted by industrial waste,Environment
109,There is no drinking water in Egmore for the past 4 days,Water Supply
110,Solar street lights installed in Ambattur are non functional,Street Lighting
111,"No footpath available on Ring Road, pedestrians face danger",Road Maintenance
112,Bus stop shelter near Gandhi Street is damaged,Public Transport
113,No water connection provided despite application in the government school area,Water Supply
114,Huge potholes on Market Road in Velachery,Road Maintenance
115,Burning of waste is causing smoke in Ambattur,Environment
116,Speed breakers are missing near the school on Church Street,Road Maintenance
117,No waste collection service provided in Block C colony,Waste Management
118,Newly laid road on Ring Road is already damaged,Road Maintenance
119,Stray dogs are attacking residents in Saidapet,Public Safety
120,"No footpath available on Gandhi Street, pedestrians face danger",Road Maintenance
121,No security personnel at the public park in Tambaram,Public Safety
122,School in Perambur lacks proper toilet facilities,Education
123,Bus stop shelter near Bazaar Street is damaged,Public Transport
124,Air pollution levels are high near the factory in Adyar,Environment
125,Bus stop shelter near Church Street is damaged,Public Transport
126,School in Saidapet lacks proper toilet facilities,Education
127,Billing error in electricity charges for Vadapalani residents,Electricity
128,Water tanker did not arrive in the housing board colony as scheduled,Water Supply
129,Signboards are missing at the Station Road intersection,Traffic
130,"Street lights remain on during daytime in the housing board colony, wasting power",Street Lighting
131,Bus stop shelter near Church Street is damaged,Public Transport
132,Electricity is unavailable in Porur for the past 4 days,Electricity
133,Traffic signal timing is too short at Park Avenue,Traffic
134,School building near Bypass Road needs urgent repair,Education
135,Power supply tripped and not restored for 14 hours in Block C,Electricity
136,Bus frequency has reduced drastically on Adyar route,Public Transport
137,"Low water pressure reported near Temple Street, Egmore",Water Supply
138,School building near Main Road needs urgent repair,Education
139,Street light wiring is exposed and dangerous in Saidapet,Street Lighting
140,Bus service is irregular on the Adyar route,Public Transport
141,Textbooks not distributed on time in Kolathur schools,Education
142,Segregated waste is being mixed by collection staff in the railway station road,Waste Management
143,Street lights are not working on North Street in the industrial estate,Street Lighting
144,No science teacher appointed at Pallavaram school for 3 months,Education
145,Corruption reported in distribution of government scheme benefits in the government school area,Corruption
146,Public dustbin near South Street is broken and overflowing,Waste Management
147,Water body near Adyar is being polluted by industrial waste,Environment
148,Bribe was demanded for issuing a building permit in Ward 12,Corruption
149,Corruption reported in distribution of government scheme benefits in the government school area,Corruption
150,Live wire lying on Gandhi Street poses electrocution risk,Public Safety
151,Waterlogging occurs on Park Avenue during rains,Road Maintenance
152,No water connection provided despite application in the government school area,Water Supply
153,"Low water pressure reported near Ring Road, Vadapalani",Water Supply
154,Electric pole near Church Street is leaning dangerously,Electricity
155,Power supply tripped and not restored for 12 hours in Sector 5,Electricity
156,Public dustbin near Temple Street is broken and overflowing,Waste Management
157,Solar street lights installed in Mylapore are non functional,Street Lighting
158,Burning of waste is causing smoke in near the temple,Environment
159,Leaking pipeline is wasting water on MG Road,Water Supply
160,Stray dogs are attacking residents in Velachery,Public Safety
161,Public dustbin near Church Street is broken and overflowing,Waste Management
162,A government official is taking bribes for water connection approvals in Kodambakkam,Corruption
163,Ambulance service is delayed in Phase 2,Health
164,Newly laid road on Church Street is already damaged,Road Maintenance
165,Abandoned building near Gandhi Street is unsafe for children,Public Safety
166,Encroachment on the lake near Egmore is destroying wetlands,Environment
167,Speed breakers are missing near the school on South Street,Road Maintenance
168,New electricity connection is delayed in Pallavaram,Electricity
169,A contractor is taking bribes for water connection approvals in Anna Nagar,Corruption
170,There is no drinking water in the old bus stand area for the past 13 days,Water Supply
171,No bus service available to Royapettah after 8 pm,Public Transport
172,Frequent power cuts are occurring in Adyar,Electricity
173,Illegal sand mining reported near Chromepet,Environment
174,Official at the Perambur office is demanding money for a certificate,Corruption
175,Open manhole causing danger on South Street in Guindy,Public Safety
176,Deep pit left uncovered near Bazaar Street in near the temple,Public Safety
177,Overcrowded buses are running on the Guindy route,Public Transport
178,Dead animal left uncollected on Bazaar Street in Ward 12,Waste Management
179,Plastic waste dumped near the water body in Alwarpet,Environment
180,Money was demanded for processing a pension application in Porur,Corruption
181,Long waiting times reported at the main market road government hospital,Health
182,No security personnel at the public park in the main market road,Public Safety
183,Government hospital near Nehru Street lacks basic medicines,Health
184,School in Tambaram lacks proper toilet facilities,Education
185,Overcrowded classrooms reported in Alwarpet government school,Education
186,Hospital in the industrial estate has no doctors available,Health
187,Contaminated water is being supplied in the industrial estate,Water Supply
188,Water body near Egmore is being polluted by industrial waste,Environment
189,Road divider near MG Road is broken,Road Maintenance
190,Bribe was demanded for issuing a building permit in Phase 2,Corruption
191,Official at the the railway station road office is demanding money for a certificate,Corruption
192,Air pollution levels are high near the factory in Kodambakkam,Environment
193,Money was demanded for processing a pension application in Guindy,Corruption
194,Dark stretch on Park Avenue due to broken street lights,Street Lighting
195,Money was demanded for processing a pension application in Vadapalani,Corruption
196,Teacher is absent regularly at the the railway station road government school,Education
197,Bus frequency has reduced drastically on T Nagar route,Public Transport
198,"No footpath available on Market Road, pedestrians face danger",Road Maintenance
199,Long waiting times reported at the panchayat office area government hospital,Health
200,Street light flickers continuously on Main Road,Street Lighting
201,Dumping ground near the housing board colony is causing bad odor,Waste Management
202,Air pollution levels are high near the factory in Pallavaram,Environment
203,8 street lights have been off for weeks near MG Road,Street Lighting
204,13 street lights have been off for weeks near Main Road,Street Lighting
205,A government official is taking bribes for water connection approvals in the railway station road,Corruption
206,A municipal worker is taking bribes for water connection approvals in Vadapalani,Corruption
207,Road near Temple Street has not been repaired after monsoon,Road Maintenance
208,Leaking pipeline is wasting water on North Street,Water Supply
209,No security personnel at the public park in Perambur,Public Safety
210,Electric pole near Market Road is leaning dangerously,Electricity
211,"No signal at the school crossing near Main Road, T Nagar",Traffic
212,Government hospital near Main Road lacks basic medicines,Health
213,"Low water pressure reported near Church Street, Sector 5",Water Supply
214,Bus service is irregular on the Guindy route,Public Transport
215,Long waiting times reported at Saidapet government hospital,Health
216,"No footpath available on Main Road, pedestrians face danger",Road Maintenance
217,Leaking pipeline is wasting water on School Lane,Water Supply
218,Open manhole causing danger on Church Street in Kodambakkam,Public Safety
219,Frequent power cuts are occurring in Guindy,Electricity
220,Open manhole causing danger on Main Road in Pallavaram,Public Safety
221,14 street lights have been off for weeks near Gandhi Street,Street Lighting
222,Exposed wires near Station Road pose a danger to residents,Electricity
223,New electricity connection is delayed in Pallavaram,Electricity
224,Mid day meal quality is poor at T Nagar school,Education
225,Illegal tree cutting is happening near Church Street in Saidapet,Environment
226,Money was demanded for processing a pension application in the old bus stand area,Corruption
227,Road divider near MG Road is broken,Road Maintenance
228,Auto drivers are refusing to use the meter near School Lane,Public Transport
229,Street lights are not working on Station Road in Ambattur,Street Lighting
230,Illegal tree cutting is happening near Ring Road in Kolathur,Environment
231,Billing error in electricity charges for Perambur residents,Electricity
232,Garbage collection truck has not come to Velachery for 11 days,Waste Management
233,Someone demanded a bribe for approval of a document in the housing board colony,Corruption
234,Public dustbin near MG Road is broken and overflowing,Waste Management
235,Dumping ground near Vadapalani is causing bad odor,Waste Management
236,Huge potholes on MG Road in Kolathur,Road Maintenance
237,No specialist doctor visits the Kodambakkam health center,Health
238,A municipal worker asked for extra money to process ration card in the government school area,Corruption
239,Waterlogging occurs on South Street during rains,Road Maintenance
240,Road near School Lane has not been repaired after monsoon,Road Maintenance
241,Stray dogs are attacking residents in the housing board colony,Public Safety
242,Ambulance service is delayed in Egmore,Health
243,Frequent traffic congestion on School Lane during peak hours,Traffic
244,Bus frequency has reduced drastically on Phase 2 route,Public Transport
245,Huge potholes on Ring Road in the old bus stand area,Road Maintenance
246,Teacher is absent regularly at the the housing board colony government school,Education
247,Live wire lying on South Street poses electrocution risk,Public Safety
248,"No signal at the school crossing near Main Road, the railway station road",Traffic
249,Overcrowded classrooms reported in the panchayat office area government school,Education
250,Burning of waste is causing smoke in Phase 2,Environment
251,Water body near T Nagar is being polluted by industrial waste,Environment
252,Stray dogs are attacking residents in Royapettah,Public Safety
253,Street lights are not working on Temple Street in Sector 5,Street Lighting
254,Solar street lights installed in Pallavaram are non functional,Street Lighting
255,Contaminated water is being supplied in Adyar,Water Supply
256,Signboards are missing at the MG Road intersection,Traffic
257,Vaccination camp was cancelled without notice in Pallavaram,Health
258,Exposed wires near South Street pose a danger to residents,Electricity
259,A municipal worker is taking bribes for water connection approvals in Nungambakkam,Corruption
260,Abandoned building near MG Road is unsafe for children,Public Safety
261,Mid day meal quality is poor at Ambattur school,Education
262,Speed breakers are missing near the school on Church Street,Road Maintenance
263,Burning of waste is causing smoke in the panchayat office area,Environment
264,Dark stretch on Bazaar Street due to broken street lights,Street Lighting
265,Dead animal left uncollected on Nehru Street in near the temple,Waste Management
266,Road divider near Station Road is broken,Road Maintenance
267,School building near South Street needs urgent repair,Education
268,Stray dogs are attacking residents in Anna Nagar,Public Safety
269,Billing error in electricity charges for the railway station road residents,Electricity
270,Overcrowded classrooms reported in the government school area government school,Education
271,"No signal at the school crossing near Bazaar Street, Ambattur",Traffic
272,Borewell in Adyar has run dry,Water Supply
273,No security personnel at the public park in Royapettah,Public Safety
274,Illegal tree cutting is happening near Ring Road in Kolathur,Environment
275,Garbage is overflowing near Market Road in Alwarpet,Waste Management
276,A middleman asked for extra money to process ration card in the government school area,Corruption
277,Someone demanded a bribe for approval of a document in Mylapore,Corruption
278,Bribe was demanded for issuing a building permit in Chromepet,Corruption
279,No traffic police present at busy junction near MG Road,Traffic
280,Exposed wires near Church Street pose a danger to residents,Electricity
281,Live wire lying on North Street poses electrocution risk,Public Safety
282,Newly laid road on Station Road is already damaged,Road Maintenance
283,Auto drivers are refusing to use the meter near South Street,Public Transport
284,A contractor asked for extra money to process ration card in Kolathur,Corruption
285,Overcrowded buses are running on the T Nagar route,Public Transport
286,Mid day meal quality is poor at Mylapore school,Education
287,Billing error in electricity charges for the main market road residents,Electricity
288,Primary health center in Adyar is understaffed,Health
289,Last bus timing has been cancelled for Vadapalani,Public Transport
290,Burning of waste is causing smoke in Kolathur,Environment
291,Bus frequency has reduced drastically on Saidapet route,Public Transport
292,Garbage is overflowing near Bazaar Street in the panchayat office area,Waste Management
293,No security personnel at the public park in the old bus stand area,Public Safety
294,Traffic signal timing is too short at Bazaar Street,Traffic
295,Corruption reported in distribution of government scheme benefits in Anna Nagar,Corruption
296,Electricity is unavailable in the housing board colony for the past 11 days,Electricity
297,Bus stop shelter near Gandhi Street is damaged,Public Transport
298,Illegal sand mining reported near Royapettah,Environment
299,Bus service is irregular on the Mylapore route,Public Transport
300,Waterlogging occurs on Gandhi Street during rains,Road Maintenance
301,Street light wiring is exposed and dangerous in the government school area,Street Lighting
302,No specialist doctor visits the Vadapalani health center,Health
303,Unsafe construction site near Bypass Road lacks barricades,Public Safety
304,Traffic signal timing is too short at Church Street,Traffic
305,Solar street lights installed in Royapettah are non functional,Street Lighting
306,Water supply has been irregular in Saidapet for 7 weeks,Water Supply
307,"No footpath available on Station Road, pedestrians face danger",Road Maintenance
308,Dead animal left uncollected on Park Avenue in the government school area,Waste Management
309,Construction debris left on Ring Road blocking traffic,Road Maintenance
310,Road divider near MG Road is broken,Road Maintenance
311,Traffic signal timing is too short at Ring Road,Traffic
312,No security personnel at the public park in Royapettah,Public Safety
313,Noise pollution from construction near Gandhi Street at night,Environment
314,Streetside electric meter is sparking in Royapettah,Electricity
315,Public dustbin near MG Road is broken and overflowing,Waste Management
316,Contaminated water is being supplied in the panchayat office area,Water Supply
317,Public dustbin near Temple Street is broken and overflowing,Waste Management
318,Abandoned building near Gandhi Street is unsafe for children,Public Safety
319,Overcrowded buses are running on the Alwarpet route,Public Transport
320,Bus frequency has reduced drastically on near the temple route,Public Transport
321,Abandoned building near Park Avenue is unsafe for children,Public Safety
322,Bus service is irregular on the Kodambakkam route,Public Transport
323,School in Nungambakkam lacks proper toilet facilities,Education
324,Bus conductor misbehaved with passengers on the railway station road route,Public Transport
325,Dead animal left uncollected on Bypass Road in Kodambakkam,Waste Management
326,Streetside electric meter is sparking in Ambattur,Electricity
327,Borewell in Ward 12 has run dry,Water Supply
328,Traffic signal timing is too short at Main Road,Traffic
329,Dark stretch on Ring Road due to broken street lights,Street Lighting
330,Illegal tree cutting is happening near MG Road in the housing board colony,Environment
331,Abandoned building near MG Road is unsafe for children,Public Safety
332,Water body near Kolathur is being polluted by industrial waste,Environment
333,Official at the Anna Nagar office is demanding money for a certificate,Corruption
334,Street light flickers continuously on MG Road,Street Lighting
335,Zebra crossing markings have faded on Park Avenue,Traffic
336,Voltage fluctuation is damaging appliances in the old bus stand area,Electricity
337,Voltage fluctuation is damaging appliances in Guindy,Electricity
338,Streetside electric meter is sparking in Saidapet,Electricity
339,No specialist doctor visits the Kodambakkam health center,Health
340,Money was demanded for processing a pension application in Sector 5,Corruption
341,Deep pit left uncovered near Main Road in Adyar,Public Safety
342,Last bus timing has been cancelled for Ambattur,Public Transport
343,"No footpath available on Temple Street, pedestrians face danger",Road Maintenance
344,Road divider near Station Road is broken,Road Maintenance
345,Last bus timing has been cancelled for the main market road,Public Transport
346,"No footpath available on Station Road, pedestrians face danger",Road Maintenance
347,Borewell in T Nagar has run dry,Water Supply
348,Last bus timing has been cancelled for Vadapalani,Public Transport
349,Water supply has been irregular in Kodambakkam for 6 weeks,Water Supply
350,Bus service is irregular on the Block C route,Public Transport
351,No traffic police present at busy junction near Church Street,Traffic
352,Billing error in electricity charges for near the temple residents,Electricity
353,Frequent power cuts are occurring in Egmore,Electricity
354,Burning of waste is causing smoke in Porur,Environment
355,No security personnel at the public park in near the temple,Public Safety
356,Broken compound wall near School Lane is a safety hazard,Public Safety
357,Unsafe construction site near Main Road lacks barricades,Public Safety
358,Dead animal left uncollected on Gandhi Street in the industrial estate,Waste Management
359,Unsafe construction site near North Street lacks barricades,Public Safety
360,Broken compound wall near Temple Street is a safety hazard,Public Safety
361,Streetside electric meter is sparking in the government school area,Electricity
362,Illegal sand mining reported near Block C,Environment
363,Dead animal left uncollected on Temple Street in Porur,Waste Management
364,Traffic signal timing is too short at Station Road,Traffic
365,Overcrowded classrooms reported in the panchayat office area government school,Education
366,Public dustbin near Main Road is broken and overflowing,Waste Management
367,Illegal sand mining reported near Kodambakkam,Environment
368,Overcrowded buses are running on the the main market road route,Public Transport
369,Road divider near Church Street is broken,Road Maintenance
370,Air pollution levels are high near the factory in the old bus stand area,Environment
371,Primary health center in Royapettah is understaffed,Health
372,"New street light pole is needed on Bazaar Street, Adyar",Street Lighting
373,Street lights are not working on MG Road in near the temple,Street Lighting
374,Waterlogging occurs on South Street during rains,Road Maintenance
375,Road divider near Gandhi Street is broken,Road Maintenance
376,Encroachment on the lake near Ambattur is destroying wetlands,Environment
377,Public dustbin near Station Road is broken and overflowing,Waste Management
378,Bribe was demanded for issuing a building permit in Block C,Corruption
379,No water connection provided despite application in Nungambakkam,Water Supply
380,Ambulance service is delayed in the main market road,Health
381,Frequent power cuts are occurring in Alwarpet,Electricity
382,Water supply has been irregular in the old bus stand area for 6 weeks,Water Supply
383,New electricity connection is delayed in Phase 2,Electricity
384,Frequent traffic congestion on Bypass Road during peak hours,Traffic
385,Overcrowded buses are running on the Porur route,Public Transport
386,Dark stretch on Station Road due to broken street lights,Street Lighting
387,Hospital in Vadapalani lacks cleanliness and hygiene,Health
388,Bus frequency has reduced drastically on Adyar route,Public Transport
389,Power supply tripped and not restored for 8 hours in the panchayat office area,Electricity
390,Dark stretch on Ring Road due to broken street lights,Street Lighting
391,Water supply has been irregular in Guindy for 15 weeks,Water Supply
392,Water pipe burst near Bypass Road in Egmore,Water Supply
393,Ambulance service is delayed in Velachery,Health
394,Electricity is unavailable in Porur for the past 5 days,Electricity
395,School lacks drinking water facility in Kolathur,Education
396,Corruption reported in distribution of government scheme benefits in Mylapore,Corruption
397,Speed breakers are missing near the school on Gandhi Street,Road Maintenance
398,Hospital in Velachery lacks cleanliness and hygiene,Health
399,"Street lights remain on during daytime in Anna Nagar, wasting power",Street Lighting
400,Official at the near the temple office is demanding money for a certificate,Corruption
401,Bus frequency has reduced drastically on Tambaram route,Public Transport
402,No science teacher appointed at Velachery school for 2 months,Education
403,Speed breakers are missing near the school on North Street,Road Maintenance
404,Bus stop shelter near North Street is damaged,Public Transport
405,Bus conductor misbehaved with passengers on Mylapore route,Public Transport
406,Illegal sand mining reported near Alwarpet,Environment
407,Road near Nehru Street has not been repaired after monsoon,Road Maintenance
408,Unsafe construction site near Bypass Road lacks barricades,Public Safety
409,Newly laid road on Temple Street is already damaged,Road Maintenance
410,Encroachment on the lake near the old bus stand area is destroying wetlands,Environment
411,No specialist doctor visits the Block C health center,Health
412,A middleman asked for extra money to process ration card in Perambur,Corruption
413,No security personnel at the public park in Anna Nagar,Public Safety
414,Streetside electric meter is sparking in Alwarpet,Electricity
415,Abandoned building near Bypass Road is unsafe for children,Public Safety
416,Bus frequency has reduced drastically on the railway station road route,Public Transport
417,"New street light pole is needed on Main Road, Sector 5",Street Lighting
418,Newly laid road on South Street is already damaged,Road Maintenance
419,Construction debris left on Main Road blocking traffic,Road Maintenance
420,Bus stop shelter near Main Road is damaged,Public Transport
421,Garbage is overflowing near Temple Street in Ambattur,Waste Management
422,Borewell in the government school area has run dry,Water Supply
423,Water body near Mylapore is being polluted by industrial waste,Environment
424,Leaking pipeline is wasting water on Main Road,Water Supply
425,Bus stop shelter near Station Road is damaged,Public Transport
426,Garbage is overflowing near Park Avenue in Perambur,Waste Management
427,No water connection provided despite application in Kodambakkam,Water Supply
428,"Low water pressure reported near South Street, near the temple",Water Supply
429,Power supply tripped and not restored for 12 hours in near the temple,Electricity
430,Water tanker did not arrive in the housing board colony as scheduled,Water Supply
431,Open manhole causing danger on South Street in Velachery,Public Safety
432,Illegal parking is causing traffic jams on Church Street,Traffic
433,Huge potholes on Main Road in Anna Nagar,Road Maintenance
434,Air pollution levels are high near the factory in the industrial estate,Environment
435,Zebra crossing markings have faded on Market Road,Traffic
436,Zebra crossing markings have faded on Park Avenue,Traffic
437,Water supply has been irregular in the main market road for 13 weeks,Water Supply
438,Money was demanded for processing a pension application in near the temple,Corruption
439,"New street light pole is needed on Market Road, Nungambakkam",Street Lighting
440,Air pollution levels are high near the factory in Sector 5,Environment
441,Solar street lights installed in the main market road are non functional,Street Lighting
442,Power supply tripped and not restored for 14 hours in Vadapalani,Electricity
443,Burning of waste is causing smoke in Block C,Environment
444,Abandoned building near Gandhi Street is unsafe for children,Public Safety
445,Illegal sand mining reported near the industrial estate,Environment
446,No specialist doctor visits the Anna Nagar health center,Health
447,Voltage fluctuation is damaging appliances in near the temple,Electricity
448,Signboards are missing at the Park Avenue intersection,Traffic
449,Exposed wires near MG Road pose a danger to residents,Electricity
450,Street light flickers continuously on North Street,Street Lighting
451,An officer at the counter asked for extra money to process ration card in Mylapore,Corruption
452,Plastic waste dumped near the water body in Block C,Environment
453,13 street lights have been off for weeks near Bypass Road,Street Lighting
454,Plastic waste dumped near the water body in the panchayat office area,Environment
455,No water connection provided despite application in Perambur,Water Supply
456,Dark stretch on Main Road due to broken street lights,Street Lighting
457,Dead animal left uncollected on North Street in Royapettah,Waste Management
458,Newly laid road on Bazaar Street is already damaged,Road Maintenance
459,Dark stretch on North Street due to broken street lights,Street Lighting
460,Power supply tripped and not restored for 5 hours in the main market road,Electricity
461,Bus conductor misbehaved with passengers on the old bus stand area route,Public Transport
462,Newly laid road on MG Road is already damaged,Road Maintenance
463,Broken compound wall near Gandhi Street is a safety hazard,Public Safety
464,Contaminated water is being supplied in Alwarpet,Water Supply
465,Deep pit left uncovered near Nehru Street in the panchayat office area,Public Safety
466,Abandoned building near MG Road is unsafe for children,Public Safety
467,Garbage is overflowing near Gandhi Street in Tambaram,Waste Management
468,Government hospital near School Lane lacks basic medicines,Health
469,Abandoned building near Market Road is unsafe for children,Public Safety
470,Overcrowded buses are running on the Nungambakkam route,Public Transport
471,Traffic signal timing is too short at Temple Street,Traffic
472,Water body near the main market road is being polluted by industrial waste,Environment
473,Borewell in the main market road has run dry,Water Supply
474,Garbage collection truck has not come to Porur for 4 days,Waste Management
475,A government official is taking bribes for water connection approvals in Phase 2,Corruption
476,Bus stop shelter near MG Road is damaged,Public Transport
477,No waste collection service provided in Block C colony,Waste Management
478,Frequent power cuts are occurring in Egmore,Electricity
479,Garbage collection truck has not come to Ward 12 for 13 days,Waste Management
480,Street lights are not working on Church Street in Kolathur,Street Lighting
481,Overcrowded buses are running on the Velachery route,Public Transport
482,Long waiting times reported at Chromepet government hospital,Health
483,Water supply has been irregular in Velachery for 3 weeks,Water Supply
484,There is no drinking water in Nungambakkam for the past 2 days,Water Supply
485,No science teacher appointed at the main market road school for 2 months,Education
486,Bus service is irregular on the the main market road route,Public Transport
487,Live wire lying on South Street poses electrocution risk,Public Safety
488,Auto drivers are refusing to use the meter near School Lane,Public Transport
489,Exposed wires near Temple Street pose a danger to residents,Electricity
490,Air pollution levels are high near the factory in Guindy,Environment
491,Bus stop shelter near Nehru Street is damaged,Public Transport
492,Teacher is absent regularly at the Ambattur government school,Education
493,Long waiting times reported at Kodambakkam government hospital,Health
494,Hospital in the panchayat office area has no doctors available,Health
495,9 street lights have been off for weeks near MG Road,Street Lighting
496,Illegal tree cutting is happening near Gandhi Street in the industrial estate,Environment
497,Solar street lights installed in the old bus stand area are non functional,Street Lighting
498,Water body near the housing board colony is being polluted by industrial waste,Environment
499,Overcrowded buses are running on the the panchayat office area route,Public Transport
500,Street lights are not working on Temple Street in Egmore,Street Lighting
501,No specialist doctor visits the Alwarpet health center,Health
502,Water pipe burst near Market Road in Phase 2,Water Supply
503,Electric pole near Bazaar Street is leaning dangerously,Electricity
504,"Traffic signal is damaged at Market Road junction, Pallavaram",Traffic
505,Bus frequency has reduced drastically on the industrial estate route,Public Transport
506,Overcrowded buses are running on the near the temple route,Public Transport
507,15 street lights have been off for weeks near School Lane,Street Lighting
508,Broken compound wall near Bazaar Street is a safety hazard,Public Safety
509,Exposed wires near School Lane pose a danger to residents,Electricity
510,Abandoned building near MG Road is unsafe for children,Public Safety
511,Illegal dumping of waste is happening near Nehru Street,Waste Management
512,Water tanker did not arrive in Saidapet as scheduled,Water Supply
513,"New street light pole is needed on Market Road, Saidapet",Street Lighting
514,Corruption reported in distribution of government scheme benefits in Kodambakkam,Corruption
515,Government hospital near School Lane lacks basic medicines,Health
516,Someone demanded a bribe for approval of a document in Chromepet,Corruption
517,Street lights are not working on Gandhi Street in Vadapalani,Street Lighting
518,No science teacher appointed at near the temple school for 5 months,Education
519,Dumping ground near the government school area is causing bad odor,Waste Management
520,Bus service is irregular on the Kolathur route,Public Transport
521,No specialist doctor visits the the old bus stand area health center,Health
522,Street lights are not working on North Street in the main market road,Street Lighting
523,Public dustbin near Park Avenue is broken and overflowing,Waste Management
524,Streetside electric meter is sparking in Pallavaram,Electricity
525,Air pollution levels are high near the factory in Alwarpet,Environment
526,Signboards are missing at the Church Street intersection,Traffic
527,Street light flickers continuously on Bypass Road,Street Lighting
528,School lacks drinking water facility in the industrial estate,Education
529,Dumping ground near Egmore is causing bad odor,Waste Management
530,No security personnel at the public park in Kolathur,Public Safety
531,Teacher is absent regularly at the Chromepet government school,Education
532,Money was demanded for processing a pension application in Guindy,Corruption
533,Abandoned building near MG Road is unsafe for children,Public Safety
534,Electric pole near South Street is leaning dangerously,Electricity
535,Ambulance service is delayed in Porur,Health
536,Voltage fluctuation is damaging appliances in Porur,Electricity
537,Noise pollution from construction near Main Road at night,Environment
538,Bus service is irregular on the Kodambakkam route,Public Transport
539,No traffic police present at busy junction near Main Road,Traffic
540,Teacher is absent regularly at the the industrial estate government school,Education
541,Illegal sand mining reported near the old bus stand area,Environment
542,Dumping ground near Adyar is causing bad odor,Waste Management
543,Frequent power cuts are occurring in Pallavaram,Electricity
544,Hospital in Phase 2 lacks cleanliness and hygiene,Health
545,Signboards are missing at the Nehru Street intersection,Traffic
546,Auto drivers are refusing to use the meter near Ring Road,Public Transport
547,Dark stretch on Ring Road due to broken street lights,Street Lighting
548,Encroachment on the lake near Tambaram is destroying wetlands,Environment
549,Last bus timing has been cancelled for the housing board colony,Public Transport
550,No waste collection service provided in Egmore colony,Waste Management
551,Bus service is irregular on the Ambattur route,Public Transport
552,Road divider near MG Road is broken,Road Maintenance
553,Plastic waste dumped near the water body in Ambattur,Environment
554,Illegal dumping of waste is happening near Church Street,Waste Management
555,Open manhole causing danger on North Street in Kodambakkam,Public Safety
556,No science teacher appointed at the main market road school for 4 months,Education
557,Plastic waste dumped near the water body in Adyar,Environment
558,Garbage is overflowing near Bypass Road in Alwarpet,Waste Management
559,Electric pole near Ring Road is leaning dangerously,Electricity
560,Speed breakers are missing near the school on South Street,Road Maintenance
561,Transformer near Station Road in the housing board colony is not working,Electricity
562,Segregated waste is being mixed by collection staff in Egmore,Waste Management
563,Hospital in Ward 12 lacks cleanliness and hygiene,Health
564,A middleman asked for extra money to process ration card in Alwarpet,Corruption
565,"No signal at the school crossing near Station Road, the main market road",Traffic
566,Air pollution levels are high near the factory in the housing board colony,Environment
567,Frequent power cuts are occurring in Velachery,Electricity
568,Electric pole near Bazaar Street is leaning dangerously,Electricity
569,No science teacher appointed at Adyar school for 8 months,Education
570,Illegal dumping of waste is happening near Nehru Street,Waste Management
571,Road divider near North Street is broken,Road Maintenance
572,Garbage is overflowing near South Street in Vadapalani,Waste Management
573,Burning of waste is causing smoke in the industrial estate,Environment
574,Money was demanded for processing a pension application in the main market road,Corruption
575,"Street lights remain on during daytime in the panchayat office area, wasting power",Street Lighting
576,Illegal tree cutting is happening near MG Road in Egmore,Environment
577,Deep pit left uncovered near South Street in Adyar,Public Safety
578,Hospital in Phase 2 lacks cleanliness and hygiene,Health
579,Contaminated water is being supplied in Porur,Water Supply
580,Vaccination camp was cancelled without notice in Anna Nagar,Health
581,Encroachment on the lake near the railway station road is destroying wetlands,Environment
582,"No footpath available on Gandhi Street, pedestrians face danger",Road Maintenance
583,No waste collection service provided in Perambur colony,Waste Management
584,School building near Station Road needs urgent repair,Education
585,Encroachment on the lake near Kolathur is destroying wetlands,Environment
586,Hospital in Tambaram has no doctors available,Health
587,Illegal dumping of waste is happening near Bazaar Street,Waste Management
588,Water tanker did not arrive in Velachery as scheduled,Water Supply
589,A middleman asked for extra money to process ration card in Phase 2,Corruption
590,Broken compound wall near MG Road is a safety hazard,Public Safety
591,Air pollution levels are high near the factory in Tambaram,Environment
592,No water connection provided despite application in the old bus stand area,Water Supply
593,A government official asked for extra money to process ration card in near the temple,Corruption
594,Segregated waste is being mixed by collection staff in Kolathur,Waste Management
595,Dumping ground near T Nagar is causing bad odor,Waste Management
596,"Traffic signal is damaged at Bazaar Street junction, Kodambakkam",Traffic
597,New electricity connection is delayed in Mylapore,Electricity
598,Bribe was demanded for issuing a building permit in Mylapore,Corruption
599,Corruption reported in distribution of government scheme benefits in Chromepet,Corruption
600,Billing error in electricity charges for Guindy residents,Electricity
601,Segregated waste is being mixed by collection staff in the main market road,Waste Management
602,There is no drinking water in near the temple for the past 15 days,Water Supply
603,Bus conductor misbehaved with passengers on Pallavaram route,Public Transport
604,Open manhole causing danger on Church Street in Vadapalani,Public Safety
605,Street light flickers continuously on Temple Street,Street Lighting
606,Construction debris left on Market Road blocking traffic,Road Maintenance
607,Corruption reported in distribution of government scheme benefits in Guindy,Corruption
608,Auto drivers are refusing to use the meter near MG Road,Public Transport
609,Water body near Ward 12 is being polluted by industrial waste,Environment
610,Electric pole near Ring Road is leaning dangerously,Electricity
611,Ambulance service is delayed in near the temple,Health
612,Speed breakers are missing near the school on Ring Road,Road Maintenance
613,Contaminated water is being supplied in Nungambakkam,Water Supply
614,Traffic signal timing is too short at Station Road,Traffic
615,Zebra crossing markings have faded on Bazaar Street,Traffic
616,Broken compound wall near Bypass Road is a safety hazard,Public Safety
617,Water tanker did not arrive in the railway station road as scheduled,Water Supply
618,Dead animal left uncollected on School Lane in Kodambakkam,Waste Management
619,Textbooks not distributed on time in the old bus stand area schools,Education
620,Garbage collection truck has not come to Egmore for 9 days,Waste Management
621,Mid day meal quality is poor at Kolathur school,Education
622,An officer at the counter asked for extra money to process ration card in Saidapet,Corruption
623,Encroachment on the lake near the government school area is destroying wetlands,Environment
624,Water body near Royapettah is being polluted by industrial waste,Environment
625,A contractor asked for extra money to process ration card in Chromepet,Corruption
626,Dumping ground near Alwarpet is causing bad odor,Waste Management
627,Plastic waste dumped near the water body in Kodambakkam,Environment
628,Public dustbin near Bypass Road is broken and overflowing,Waste Management
629,Textbooks not distributed on time in Nungambakkam schools,Education
630,Mid day meal quality is poor at the government school area school,Education
631,No water connection provided despite application in Perambur,Water Supply
632,Speed breakers are missing near the school on North Street,Road Maintenance
633,Textbooks not distributed on time in the main market road schools,Education
634,Illegal tree cutting is happening near Nehru Street in Guindy,Environment
635,Hospital in Egmore lacks cleanliness and hygiene,Health
636,Overcrowded classrooms reported in Nungambakkam government school,Education
637,Road divider near School Lane is broken,Road Maintenance
638,Plastic waste dumped near the water body in Kodambakkam,Environment
639,Bus service is irregular on the Royapettah route,Public Transport
640,"Street lights remain on during daytime in the housing board colony, wasting power",Street Lighting
641,Primary health center in Royapettah is understaffed,Health
642,No security personnel at the public park in Tambaram,Public Safety
643,Noise pollution from construction near Station Road at night,Environment
644,Bus frequency has reduced drastically on Kolathur route,Public Transport
645,Bus service is irregular on the Ward 12 route,Public Transport
646,No science teacher appointed at Guindy school for 9 months,Education
647,Bus frequency has reduced drastically on Chromepet route,Public Transport
648,Construction debris left on North Street blocking traffic,Road Maintenance
649,"Street lights remain on during daytime in Sector 5, wasting power",Street Lighting
650,Corruption reported in distribution of government scheme benefits in Velachery,Corruption
651,Waterlogging occurs on Bypass Road during rains,Road Maintenance
652,Construction debris left on South Street blocking traffic,Road Maintenance
653,Abandoned building near Market Road is unsafe for children,Public Safety
654,Transformer near Gandhi Street in Chromepet is not working,Electricity
655,"Street lights remain on during daytime in the main market road, wasting power",Street Lighting
656,Primary health center in the panchayat office area is understaffed,Health
657,13 street lights have been off for weeks near MG Road,Street Lighting
658,Abandoned building near Park Avenue is unsafe for children,Public Safety
659,"Traffic signal is damaged at School Lane junction, Kodambakkam",Traffic
660,School in Block C lacks proper toilet facilities,Education
661,No bus service available to Block C after 8 pm,Public Transport
662,Bus frequency has reduced drastically on Adyar route,Public Transport
663,Bus frequency has reduced drastically on near the temple route,Public Transport
664,There is no drinking water in Kodambakkam for the past 7 days,Water Supply
665,Segregated waste is being mixed by collection staff in Chromepet,Waste Management
666,Huge potholes on Station Road in Egmore,Road Maintenance
667,Money was demanded for processing a pension application in Kodambakkam,Corruption
668,Road divider near Church Street is broken,Road Maintenance
669,Teacher is absent regularly at the Guindy government school,Education
670,Signboards are missing at the Station Road intersection,Traffic
671,Illegal parking is causing traffic jams on Bypass Road,Traffic
672,Huge potholes on Nehru Street in Tambaram,Road Maintenance
673,Corruption reported in distribution of government scheme benefits in Velachery,Corruption
674,Water supply has been irregular in Anna Nagar for 9 weeks,Water Supply
675,12 street lights have been off for weeks near North Street,Street Lighting
676,Dumping ground near the government school area is causing bad odor,Waste Management
677,Zebra crossing markings have faded on North Street,Traffic
678,Garbage is overflowing near Nehru Street in Egmore,Waste Management
679,"Traffic signal is damaged at South Street junction, Tambaram",Traffic
680,Deep pit left uncovered near Station Road in the industrial estate,Public Safety
681,Street lights are not working on Station Road in the main market road,Street Lighting
682,Huge potholes on Ring Road in Perambur,Road Maintenance
683,Noise pollution from construction near Nehru Street at night,Environment
684,Huge potholes on Nehru Street in Vadapalani,Road Maintenance
685,Money was demanded for processing a pension application in Velachery,Corruption
686,Dead animal left uncollected on Station Road in Block C,Waste Management
687,Overcrowded buses are running on the Vadapalani route,Public Transport
688,Government hospital near North Street lacks basic medicines,Health
689,Bus service is irregular on the T Nagar route,Public Transport
690,Voltage fluctuation is damaging appliances in Mylapore,Electricity
691,Hospital in Saidapet lacks cleanliness and hygiene,Health
692,"New street light pole is needed on Temple Street, near the temple",Street Lighting
693,There is no drinking water in Tambaram for the past 12 days,Water Supply
694,Dumping ground near Kodambakkam is causing bad odor,Waste Management
695,Open manhole causing danger on Bypass Road in the main market road,Public Safety
696,Live wire lying on Bazaar Street poses electrocution risk,Public Safety
697,Long waiting times reported at Alwarpet government hospital,Health
698,Bus service is irregular on the the main market road route,Public Transport
699,Noise pollution from construction near Park Avenue at night,Environment
700,Ambulance service is delayed in Ambattur,Health
701,Open manhole causing danger on South Street in Royapettah,Public Safety
702,No bus service available to Vadapalani after 8 pm,Public Transport
703,No specialist doctor visits the near the temple health center,Health
704,Money was demanded for processing a pension application in Tambaram,Corruption
705,Money was demanded for processing a pension application in the railway station road,Corruption
706,Solar street lights installed in Porur are non functional,Street Lighting
707,No traffic police present at busy junction near Station Road,Traffic
708,Last bus timing has been cancelled for Saidapet,Public Transport
709,Construction debris left on South Street blocking traffic,Road Maintenance
710,"No signal at the school crossing near Station Road, the industrial estate",Traffic
711,Frequent power cuts are occurring in Pallavaram,Electricity
712,Someone demanded a bribe for approval of a document in the railway station road,Corruption
713,Hospital in Sector 5 lacks cleanliness and hygiene,Health
714,Street light wiring is exposed and dangerous in Kodambakkam,Street Lighting
715,"Street lights remain on during daytime in Perambur, wasting power",Street Lighting
716,Illegal dumping of waste is happening near Market Road,Waste Management
717,Illegal parking is causing traffic jams on Park Avenue,Traffic
718,Vaccination camp was cancelled without notice in Ward 12,Health
719,Huge potholes on Temple Street in Saidapet,Road Maintenance
720,Last bus timing has been cancelled for the old bus stand area,Public Transport
721,Bus frequency has reduced drastically on Block C route,Public Transport
722,"Low water pressure reported near School Lane, Saidapet",Water Supply
723,Abandoned building near Bazaar Street is unsafe for children,Public Safety
724,Segregated waste is being mixed by collection staff in Porur,Waste Management
725,Government hospital near MG Road lacks basic medicines,Health
726,Burning of waste is causing smoke in Velachery,Environment
727,Official at the Kodambakkam office is demanding money for a certificate,Corruption
728,New electricity connection is delayed in the industrial estate,Electricity
729,"Low water pressure reported near School Lane, Perambur",Water Supply
730,Encroachment on the lake near Pallavaram is destroying wetlands,Environment
731,Contaminated water is being supplied in Kodambakkam,Water Supply
732,Long waiting times reported at the main market road government hospital,Health
733,Vaccination camp was cancelled without notice in Guindy,Health
734,Money was demanded for processing a pension application in Block C,Corruption
735,Construction debris left on Nehru Street blocking traffic,Road Maintenance
736,Exposed wires near Bypass Road pose a danger to residents,Electricity
737,Billing error in electricity charges for Tambaram residents,Electricity
738,Overcrowded buses are running on the the railway station road route,Public Transport
739,"New street light pole is needed on Main Road, Phase 2",Street Lighting
740,New electricity connection is delayed in Perambur,Electricity
741,Bus conductor misbehaved with passengers on Royapettah route,Public Transport
742,Overcrowded buses are running on the Vadapalani route,Public Transport
743,Abandoned building near South Street is unsafe for children,Public Safety
744,No bus service available to Perambur after 8 pm,Public Transport
745,Signboards are missing at the Market Road intersection,Traffic
746,Open manhole causing danger on School Lane in Velachery,Public Safety
747,Garbage is overflowing near Bazaar Street in Perambur,Waste Management
748,Overhead tank in Sector 5 has not been cleaned in months,Water Supply
749,Billing error in electricity charges for the housing board colony residents,Electricity
750,School lacks drinking water facility in near the temple,Education
751,Noise pollution from construction near North Street at night,Environment
752,Long waiting times reported at Mylapore government hospital,Health
753,Illegal tree cutting is happening near South Street in Kolathur,Environment
754,Billing error in electricity charges for Anna Nagar residents,Electricity
755,Encroachment on the lake near the main market road is destroying wetlands,Environment
756,Overcrowded buses are running on the Egmore route,Public Transport
757,Hospital in Porur lacks cleanliness and hygiene,Health
758,A municipal worker asked for extra money to process ration card in the industrial estate,Corruption
759,Street light wiring is exposed and dangerous in Vadapalani,Street Lighting
760,Street light wiring is exposed and dangerous in Saidapet,Street Lighting
761,Waterlogging occurs on Nehru Street during rains,Road Maintenance
762,Solar street lights installed in the government school area are non functional,Street Lighting
763,Solar street lights installed in Pallavaram are non functional,Street Lighting
764,Garbage collection truck has not come to Block C for 3 days,Waste Management
765,No specialist doctor visits the the industrial estate health center,Health
766,Water supply has been irregular in Tambaram for 14 weeks,Water Supply
767,Overcrowded classrooms reported in Adyar government school,Education
768,"No footpath available on Station Road, pedestrians face danger",Road Maintenance
769,Long waiting times reported at near the temple government hospital,Health
770,"Low water pressure reported near Park Avenue, Tambaram",Water Supply
771,Teacher is absent regularly at the the railway station road government school,Education
772,Power supply tripped and not restored for 11 hours in Ambattur,Electricity
773,Zebra crossing markings have faded on South Street,Traffic
774,Teacher is absent regularly at the Pallavaram government school,Education
775,Street light wiring is exposed and dangerous in Anna Nagar,Street Lighting
776,No water connection provided despite application in the old bus stand area,Water Supply
777,Long waiting times reported at Perambur government hospital,Health
778,Streetside electric meter is sparking in Saidapet,Electricity
779,Vaccination camp was cancelled without notice in Perambur,Health
780,Bus service is irregular on the Ward 12 route,Public Transport
781,"Traffic signal is damaged at Ring Road junction, the railway station road",Traffic
782,Illegal dumping of waste is happening near North Street,Waste Management
783,School building near Nehru Street needs urgent repair,Education
784,Overcrowded classrooms reported in Velachery government school,Education
785,Plastic waste dumped near the water body in Ambattur,Environment
786,Leaking pipeline is wasting water on Ring Road,Water Supply
787,Street light flickers continuously on North Street,Street Lighting
788,Textbooks not distributed on time in T Nagar schools,Education
789,Air pollution levels are high near the factory in the housing board colony,Environment
790,Frequent traffic congestion on Bazaar Street during peak hours,Traffic
791,Air pollution levels are high near the factory in Mylapore,Environment
792,Bus frequency has reduced drastically on the railway station road route,Public Transport
793,Auto drivers are refusing to use the meter near Nehru Street,Public Transport
794,Auto drivers are refusing to use the meter near Ring Road,Public Transport
795,"Low water pressure reported near South Street, Sector 5",Water Supply
796,Illegal parking is causing traffic jams on South Street,Traffic
797,Zebra crossing markings have faded on North Street,Traffic
798,Voltage fluctuation is damaging appliances in the industrial estate,Electricity
799,Water body near Nungambakkam is being polluted by industrial waste,Environment
800,Money was demanded for processing a pension application in Ambattur,Corruption
801,15 street lights have been off for weeks near Church Street,Street Lighting
802,Bus frequency has reduced drastically on Kolathur route,Public Transport
803,School in Phase 2 lacks proper toilet facilities,Education
804,Illegal parking is causing traffic jams on Main Road,Traffic
805,Garbage is overflowing near North Street in the railway station road,Waste Management
806,Deep pit left uncovered near South Street in Vadapalani,Public Safety
807,Waterlogging occurs on Gandhi Street during rains,Road Maintenance
808,Money was demanded for processing a pension application in Phase 2,Corruption
809,Auto drivers are refusing to use the meter near Ring Road,Public Transport
810,Bribe was demanded for issuing a building permit in Tambaram,Corruption
811,Corruption reported in distribution of government scheme benefits in Kolathur,Corruption
812,Garbage collection truck has not come to the government school area for 7 days,Waste Management
813,Transformer near Main Road in Anna Nagar is not working,Electricity
814,Abandoned building near North Street is unsafe for children,Public Safety
815,Open manhole causing danger on Market Road in Chromepet,Public Safety
816,School lacks drinking water facility in Ward 12,Education
817,Speed breakers are missing near the school on Bypass Road,Road Maintenance
818,Waterlogging occurs on Bypass Road during rains,Road Maintenance
819,Borewell in Phase 2 has run dry,Water Supply
820,Illegal dumping of waste is happening near School Lane,Waste Management
821,Abandoned building near MG Road is unsafe for children,Public Safety
822,Newly laid road on North Street is already damaged,Road Maintenance
823,Public dustbin near MG Road is broken and overflowing,Waste Management
824,Corruption reported in distribution of government scheme benefits in Ambattur,Corruption
825,Overhead tank in Kolathur has not been cleaned in months,Water Supply
826,Official at the the main market road office is demanding money for a certificate,Corruption
827,Speed breakers are missing near the school on School Lane,Road Maintenance
828,Traffic signal timing is too short at Station Road,Traffic
829,"Traffic signal is damaged at School Lane junction, near the temple",Traffic
830,School in Pallavaram lacks proper toilet facilities,Education
831,Government hospital near North Street lacks basic medicines,Health
832,Dead animal left uncollected on Church Street in Vadapalani,Waste Management
833,Transformer near Church Street in the railway station road is not working,Electricity
834,Waterlogging occurs on Station Road during rains,Road Maintenance
835,"No footpath available on Station Road, pedestrians face danger",Road Maintenance
836,Road near Temple Street has not been repaired after monsoon,Road Maintenance
837,Traffic signal timing is too short at Station Road,Traffic
838,Traffic signal timing is too short at North Street,Traffic
839,Power supply tripped and not restored for 3 hours in the railway station road,Electricity
840,Broken compound wall near Main Road is a safety hazard,Public Safety
841,No specialist doctor visits the the housing board colony health center,Health
842,There is no drinking water in Mylapore for the past 15 days,Water Supply
843,Garbage collection truck has not come to Pallavaram for 13 days,Waste Management
844,Auto drivers are refusing to use the meter near Main Road,Public Transport
845,Dead animal left uncollected on Park Avenue in the railway station road,Waste Management
846,Illegal parking is causing traffic jams on North Street,Traffic
847,Dead animal left uncollected on Ring Road in the panchayat office area,Waste Management
848,Electric pole near Station Road is leaning dangerously,Electricity
849,Ambulance service is delayed in the main market road,Health
850,Exposed wires near Church Street pose a danger to residents,Electricity
851,Bus stop shelter near MG Road is damaged,Public Transport
852,Overhead tank in Anna Nagar has not been cleaned in months,Water Supply
853,Mid day meal quality is poor at the panchayat office area school,Education
854,An officer at the counter asked for extra money to process ration card in Alwarpet,Corruption
855,Ambulance service is delayed in Egmore,Health
856,Live wire lying on Market Road poses electrocution risk,Public Safety
857,Electricity is unavailable in Mylapore for the past 9 days,Electricity
858,Frequent traffic congestion on Park Avenue during peak hours,Traffic
859,Billing error in electricity charges for Nungambakkam residents,Electricity
860,Dark stretch on Church Street due to broken street lights,Street Lighting
861,Dead animal left uncollected on School Lane in Nungambakkam,Waste Management
862,Encroachment on the lake near Ward 12 is destroying wetlands,Environment
863,Billing error in electricity charges for the housing board colony residents,Electricity
864,Transformer near Main Road in Ward 12 is not working,Electricity
865,Overcrowded buses are running on the Ambattur route,Public Transport
866,"Traffic signal is damaged at School Lane junction, Kolathur",Traffic
867,No security personnel at the public park in Perambur,Public Safety
868,Plastic waste dumped near the water body in the housing board colony,Environment
869,School building near Park Avenue needs urgent repair,Education
870,Overcrowded classrooms reported in Kodambakkam government school,Education
871,Hospital in Vadapalani lacks cleanliness and hygiene,Health
872,Hospital in the industrial estate lacks cleanliness and hygiene,Health
873,Electricity is unavailable in the old bus stand area for the past 7 days,Electricity
874,A contractor asked for extra money to process ration card in Tambaram,Corruption
875,Garbage collection truck has not come to Chromepet for 9 days,Waste Management
876,Road near Temple Street has not been repaired after monsoon,Road Maintenance
877,Street lights are not working on Temple Street in Pallavaram,Street Lighting
878,No security personnel at the public park in Saidapet,Public Safety
879,Electricity is unavailable in Ward 12 for the past 15 days,Electricity
880,Deep pit left uncovered near Bypass Road in Alwarpet,Public Safety
881,Bus frequency has reduced drastically on Perambur route,Public Transport
882,Transformer near Temple Street in Mylapore is not working,Electricity
883,Last bus timing has been cancelled for Adyar,Public Transport
884,"No signal at the school crossing near Station Road, Nungambakkam",Traffic
885,Street light flickers continuously on Bazaar Street,Street Lighting
886,Garbage is overflowing near Church Street in Ambattur,Waste Management
887,Road divider near Bypass Road is broken,Road Maintenance
888,Street lights are not working on MG Road in Chromepet,Street Lighting
889,Ambulance service is delayed in the industrial estate,Health
890,Textbooks not distributed on time in Pallavaram schools,Education
891,Deep pit left uncovered near Nehru Street in T Nagar,Public Safety
892,Waterlogging occurs on Main Road during rains,Road Maintenance
893,Bribe was demanded for issuing a building permit in Sector 5,Corruption
894,Contaminated water is being supplied in Phase 2,Water Supply
895,Signboards are missing at the Main Road intersection,Traffic
896,Voltage fluctuation is damaging appliances in the main market road,Electricity
897,Abandoned building near North Street is unsafe for children,Public Safety
898,Bus stop shelter near Bypass Road is damaged,Public Transport
899,Illegal sand mining reported near the old bus stand area,Environment
900,Overcrowded classrooms reported in Alwarpet government school,Education
901,Electric pole near Bazaar Street is leaning dangerously,Electricity
902,Live wire lying on Gandhi Street poses electrocution risk,Public Safety
903,Air pollution levels are high near the factory in near the temple,Environment
904,Illegal tree cutting is happening near Bypass Road in the housing board colony,Environment
905,Hospital in the housing board colony lacks cleanliness and hygiene,Health
906,Encroachment on the lake near the industrial estate is destroying wetlands,Environment
907,Dead animal left uncollected on North Street in Royapettah,Waste Management
908,Public dustbin near Market Road is broken and overflowing,Waste Management
909,Water pipe burst near Temple Street in Nungambakkam,Water Supply
910,Hospital in Ambattur lacks cleanliness and hygiene,Health
911,Someone demanded a bribe for approval of a document in Vadapalani,Corruption
912,Construction debris left on Main Road blocking traffic,Road Maintenance
913,Bus service is irregular on the Velachery route,Public Transport
914,Voltage fluctuation is damaging appliances in Alwarpet,Electricity
915,Speed breakers are missing near the school on Park Avenue,Road Maintenance
916,Street light flickers continuously on School Lane,Street Lighting
917,"Traffic signal is damaged at Church Street junction, Phase 2",Traffic
918,Noise pollution from construction near Market Road at night,Environment
919,Bus stop shelter near Market Road is damaged,Public Transport
920,Construction debris left on Bazaar Street blocking traffic,Road Maintenance
921,Water supply has been irregular in Nungambakkam for 2 weeks,Water Supply
922,Road near Bazaar Street has not been repaired after monsoon,Road Maintenance
923,Voltage fluctuation is damaging appliances in Porur,Electricity
924,Last bus timing has been cancelled for Perambur,Public Transport
925,Street light flickers continuously on Gandhi Street,Street Lighting
926,Open manhole causing danger on Ring Road in Sector 5,Public Safety
927,Deep pit left uncovered near North Street in Vadapalani,Public Safety
928,Teacher is absent regularly at the the main market road government school,Education
929,Air pollution levels are high near the factory in Perambur,Environment
930,Street light flickers continuously on MG Road,Street Lighting
931,School building near School Lane needs urgent repair,Education
932,Plastic waste dumped near the water body in Chromepet,Environment
933,Hospital in Ward 12 has no doctors available,Health
934,Mid day meal quality is poor at Royapettah school,Education
935,Garbage collection truck has not come to Egmore for 9 days,Waste Management
936,Government hospital near MG Road lacks basic medicines,Health
937,Illegal tree cutting is happening near Bypass Road in Sector 5,Environment
938,School in Perambur lacks proper toilet facilities,Education
939,Bus conductor misbehaved with passengers on Sector 5 route,Public Transport
940,Traffic signal timing is too short at Market Road,Traffic
941,Abandoned building near MG Road is unsafe for children,Public Safety
942,Construction debris left on Ring Road blocking traffic,Road Maintenance
943,"No footpath available on North Street, pedestrians face danger",Road Maintenance
944,No waste collection service provided in Nungambakkam colony,Waste Management
945,Bribe was demanded for issuing a building permit in the old bus stand area,Corruption
946,School in Sector 5 lacks proper toilet facilities,Education
947,Hospital in Chromepet has no doctors available,Health
948,Electric pole near Park Avenue is leaning dangerously,Electricity
949,"Street lights remain on during daytime in Adyar, wasting power",Street Lighting
950,Electric pole near Park Avenue is leaning dangerously,Electricity
951,Public dustbin near School Lane is broken and overflowing,Waste Management
952,No bus service available to Vadapalani after 8 pm,Public Transport
953,Street light flickers continuously on Church Street,Street Lighting
954,Overhead tank in Anna Nagar has not been cleaned in months,Water Supply
955,Primary health center in the panchayat office area is understaffed,Health
956,Unsafe construction site near Church Street lacks barricades,Public Safety
957,Overcrowded classrooms reported in T Nagar government school,Education
958,Bus frequency has reduced drastically on Anna Nagar route,Public Transport
959,There is no drinking water in Nungambakkam for the past 2 days,Water Supply
960,No water connection provided despite application in Porur,Water Supply
961,Illegal sand mining reported near Egmore,Environment
962,Streetside electric meter is sparking in Kodambakkam,Electricity
963,Exposed wires near Church Street pose a danger to residents,Electricity
964,Someone demanded a bribe for approval of a document in Guindy,Corruption
965,Bus frequency has reduced drastically on Anna Nagar route,Public Transport
966,Street light flickers continuously on Park Avenue,Street Lighting
967,No bus service available to Kodambakkam after 8 pm,Public Transport
968,Official at the the old bus stand area office is demanding money for a certificate,Corruption
969,Bus service is irregular on the Mylapore route,Public Transport
970,Last bus timing has been cancelled for Phase 2,Public Transport
971,Segregated waste is being mixed by collection staff in the railway station road,Waste Management
972,Primary health center in Block C is understaffed,Health
973,"Traffic signal is damaged at Bypass Road junction, Block C",Traffic
974,Street light wiring is exposed and dangerous in Anna Nagar,Street Lighting
975,Live wire lying on Ring Road poses electrocution risk,Public Safety
976,Long waiting times reported at the government school area government hospital,Health
977,Signboards are missing at the Station Road intersection,Traffic
978,Auto drivers are refusing to use the meter near Main Road,Public Transport
979,Illegal parking is causing traffic jams on Ring Road,Traffic
980,Money was demanded for processing a pension application in Porur,Corruption
981,Illegal parking is causing traffic jams on Bazaar Street,Traffic
982,Ambulance service is delayed in Chromepet,Health
983,Illegal sand mining reported near Ward 12,Environment
984,Signboards are missing at the Ring Road intersection,Traffic
985,No traffic police present at busy junction near Station Road,Traffic
986,A local shopkeeper is taking bribes for water connection approvals in Ambattur,Corruption
987,Vaccination camp was cancelled without notice in the main market road,Health
988,Contaminated water is being supplied in Velachery,Water Supply
989,Stray dogs are attacking residents in the industrial estate,Public Safety
990,No science teacher appointed at Velachery school for 12 months,Education
991,No waste collection service provided in the panchayat office area colony,Waste Management
992,Frequent power cuts are occurring in T Nagar,Electricity
993,"No footpath available on Temple Street, pedestrians face danger",Road Maintenance
994,Bribe was demanded for issuing a building permit in Sector 5,Corruption
995,A government official is taking bribes for water connection approvals in Sector 5,Corruption
996,Construction debris left on Bazaar Street blocking traffic,Road Maintenance
997,"Street lights remain on during daytime in Alwarpet, wasting power",Street Lighting
998,Stray dogs are attacking residents in Vadapalani,Public Safety
999,Corruption reported in distribution of government scheme benefits in Saidapet,Corruption
1000,Streetside electric meter is sparking in Porur,Electricity
1001,Road near Gandhi Street has not been repaired after monsoon,Road Maintenance
1002,Dead animal left uncollected on Gandhi Street in the housing board colony,Waste Management
1003,Ambulance service is delayed in the old bus stand area,Health
1004,Bus stop shelter near School Lane is damaged,Public Transport
1005,Government hospital near Market Road lacks basic medicines,Health
1006,"New street light pole is needed on South Street, Sector 5",Street Lighting
1007,Someone demanded a bribe for approval of a document in the government school area,Corruption
1008,Auto drivers are refusing to use the meter near Main Road,Public Transport
1009,Long waiting times reported at Kolathur government hospital,Health
1010,Burning of waste is causing smoke in Perambur,Environment
1011,Unsafe construction site near Ring Road lacks barricades,Public Safety
1012,No security personnel at the public park in Vadapalani,Public Safety
1013,Dead animal left uncollected on Main Road in Kolathur,Waste Management
1014,Newly laid road on Gandhi Street is already damaged,Road Maintenance
1015,Auto drivers are refusing to use the meter near Bypass Road,Public Transport
1016,Huge potholes on Ring Road in the main market road,Road Maintenance
1017,"Traffic signal is damaged at North Street junction, Kolathur",Traffic
1018,Solar street lights installed in Kodambakkam are non functional,Street Lighting
1019,Auto drivers are refusing to use the meter near MG Road,Public Transport
1020,14 street lights have been off for weeks near Park Avenue,Street Lighting
1021,Encroachment on the lake near Saidapet is destroying wetlands,Environment
1022,A municipal worker asked for extra money to process ration card in the panchayat office area,Corruption
1023,Road divider near Main Road is broken,Road Maintenance
1024,Water body near the panchayat office area is being polluted by industrial waste,Environment
1025,Power supply tripped and not restored for 11 hours in the railway station road,Electricity
1026,Huge potholes on Market Road in Phase 2,Road Maintenance
1027,Transformer near Gandhi Street in Mylapore is not working,Electricity
1028,Last bus timing has been cancelled for Sector 5,Public Transport
1029,Dead animal left uncollected on Nehru Street in the housing board colony,Waste Management
1030,Hospital in Kodambakkam lacks cleanliness and hygiene,Health
1031,Textbooks not distributed on time in Porur schools,Education
1032,Frequent power cuts are occurring in Nungambakkam,Electricity
1033,Ambulance service is delayed in the panchayat office area,Health
1034,Plastic waste dumped near the water body in the government school area,Environment
1035,Road near Ring Road has not been repaired after monsoon,Road Maintenance
1036,No water connection provided despite application in Guindy,Water Supply
1037,Illegal dumping of waste is happening near Temple Street,Waste Management
1038,Mid day meal quality is poor at Mylapore school,Education
1039,Water supply has been irregular in the industrial estate for 11 weeks,Water Supply
1040,Open manhole causing danger on Church Street in T Nagar,Public Safety
1041,Transformer near Nehru Street in the panchayat office area is not working,Electricity
1042,Dark stretch on Temple Street due to broken street lights,Street Lighting
1043,Someone demanded a bribe for approval of a document in Kodambakkam,Corruption
1044,Contaminated water is being supplied in the old bus stand area,Water Supply
1045,Zebra crossing markings have faded on Temple Street,Traffic
1046,No bus service available to Perambur after 8 pm,Public Transport
1047,Borewell in Adyar has run dry,Water Supply
1048,Dead animal left uncollected on South Street in Mylapore,Waste Management
1049,Street light flickers continuously on Gandhi Street,Street Lighting
1050,Ambulance service is delayed in Block C,Health
1051,Air pollution levels are high near the factory in Tambaram,Environment
1052,No security personnel at the public park in Royapettah,Public Safety
1053,Electricity is unavailable in Nungambakkam for the past 9 days,Electricity
1054,"No signal at the school crossing near South Street, Block C",Traffic
1055,Illegal tree cutting is happening near Church Street in Velachery,Environment
1056,Bus service is irregular on the Ambattur route,Public Transport
1057,"Low water pressure reported near School Lane, the industrial estate",Water Supply
1058,Vaccination camp was cancelled without notice in Mylapore,Health
1059,Frequent traffic congestion on South Street during peak hours,Traffic
1060,Dark stretch on North Street due to broken street lights,Street Lighting
1061,Solar street lights installed in Nungambakkam are non functional,Street Lighting
1062,Road divider near Park Avenue is broken,Road Maintenance
1063,"No footpath available on North Street, pedestrians face danger",Road Maintenance
1064,Vaccination camp was cancelled without notice in Pallavaram,Health
1065,Bus stop shelter near Station Road is damaged,Public Transport
1066,Someone demanded a bribe for approval of a document in Porur,Corruption
1067,Bus stop shelter near South Street is damaged,Public Transport
1068,Electric pole near Station Road is leaning dangerously,Electricity
1069,Street light wiring is exposed and dangerous in Block C,Street Lighting
1070,Bribe was demanded for issuing a building permit in Guindy,Corruption
1071,Public dustbin near Main Road is broken and overflowing,Waste Management
1072,Water pipe burst near Gandhi Street in Porur,Water Supply
1073,School lacks drinking water facility in the panchayat office area,Education
1074,Frequent traffic congestion on Main Road during peak hours,Traffic
1075,Stray dogs are attacking residents in Nungambakkam,Public Safety
1076,Deep pit left uncovered near South Street in Mylapore,Public Safety
1077,Water pipe burst near Ring Road in Perambur,Water Supply
1078,Burning of waste is causing smoke in Phase 2,Environment
1079,Dark stretch on South Street due to broken street lights,Street Lighting
1080,Live wire lying on Bazaar Street poses electrocution risk,Public Safety
1081,Transformer near South Street in Kolathur is not working,Electricity
1082,Primary health center in Chromepet is understaffed,Health
1083,Speed breakers are missing near the school on Park Avenue,Road Maintenance
1084,Traffic signal timing is too short at Market Road,Traffic
1085,Overhead tank in Chromepet has not been cleaned in months,Water Supply
1086,Illegal sand mining reported near Porur,Environment
1087,Teacher is absent regularly at the Vadapalani government school,Education
1088,School lacks drinking water facility in Block C,Education
1089,School lacks drinking water facility in Ward 12,Education
1090,Segregated waste is being mixed by collection staff in the industrial estate,Waste Management
1091,Corruption reported in distribution of government scheme benefits in the government school area,Corruption
1092,No waste collection service provided in Chromepet colony,Waste Management
1093,Borewell in Nungambakkam has run dry,Water Supply
1094,School in Ambattur lacks proper toilet facilities,Education
1095,"Traffic signal is damaged at Gandhi Street junction, the industrial estate",Traffic
1096,Segregated waste is being mixed by collection staff in Chromepet,Waste Management
1097,Segregated waste is being mixed by collection staff in near the temple,Waste Management
1098,Zebra crossing markings have faded on Temple Street,Traffic
1099,Contaminated water is being supplied in Pallavaram,Water Supply
1100,Water pipe burst near South Street in Kolathur,Water Supply
1101,Bribe was demanded for issuing a building permit in Mylapore,Corruption
1102,A clerk is taking bribes for water connection approvals in the panchayat office area,Corruption
1103,Encroachment on the lake near Nungambakkam is destroying wetlands,Environment
1104,Street light flickers continuously on North Street,Street Lighting
1105,Leaking pipeline is wasting water on Station Road,Water Supply
1106,A contractor is taking bribes for water connection approvals in Nungambakkam,Corruption
1107,A clerk asked for extra money to process ration card in Nungambakkam,Corruption
1108,"New street light pole is needed on Ring Road, the old bus stand area",Street Lighting
1109,Frequent traffic congestion on North Street during peak hours,Traffic
1110,Garbage collection truck has not come to Tambaram for 4 days,Waste Management
1111,Long waiting times reported at Kolathur government hospital,Health
1112,Power supply tripped and not restored for 11 hours in Adyar,Electricity
1113,No science teacher appointed at the railway station road school for 6 months,Education
1114,Stray dogs are attacking residents in Guindy,Public Safety
1115,School lacks drinking water facility in Royapettah,Education
1116,"New street light pole is needed on Bazaar Street, Pallavaram",Street Lighting
1117,Water body near Ambattur is being polluted by industrial waste,Environment
1118,Money was demanded for processing a pension application in Phase 2,Corruption
1119,Someone demanded a bribe for approval of a document in the main market road,Corruption
1120,Last bus timing has been cancelled for the panchayat office area,Public Transport
1121,Waterlogging occurs on School Lane during rains,Road Maintenance
1122,Deep pit left uncovered near Park Avenue in Kodambakkam,Public Safety
1123,Streetside electric meter is sparking in Saidapet,Electricity
1124,Billing error in electricity charges for Nungambakkam residents,Electricity
1125,No waste collection service provided in Velachery colony,Waste Management
1126,Leaking pipeline is wasting water on Gandhi Street,Water Supply
1127,Waterlogging occurs on Temple Street during rains,Road Maintenance
1128,Public dustbin near South Street is broken and overflowing,Waste Management
1129,Bus service is irregular on the Adyar route,Public Transport
1130,"New street light pole is needed on MG Road, Pallavaram",Street Lighting
1131,"New street light pole is needed on Temple Street, Velachery",Street Lighting
1132,School in Royapettah lacks proper toilet facilities,Education
1133,Someone demanded a bribe for approval of a document in Kodambakkam,Corruption
1134,Plastic waste dumped near the water body in Alwarpet,Environment
1135,Mid day meal quality is poor at Perambur school,Education
1136,Billing error in electricity charges for Block C residents,Electricity
1137,Signboards are missing at the Nehru Street intersection,Traffic
1138,Dumping ground near Guindy is causing bad odor,Waste Management
1139,Street light wiring is exposed and dangerous in Guindy,Street Lighting
1140,Burning of waste is causing smoke in Tambaram,Environment
1141,Waterlogging occurs on MG Road during rains,Road Maintenance
1142,A contractor is taking bribes for water connection approvals in Egmore,Corruption
1143,No security personnel at the public park in Anna Nagar,Public Safety
1144,Teacher is absent regularly at the Guindy government school,Education
1145,Air pollution levels are high near the factory in the government school area,Environment
1146,Overcrowded buses are running on the Anna Nagar route,Public Transport
1147,Mid day meal quality is poor at Phase 2 school,Education
1148,Water tanker did not arrive in Tambaram as scheduled,Water Supply
1149,Garbage is overflowing near South Street in the old bus stand area,Waste Management
1150,Hospital in the old bus stand area lacks cleanliness and hygiene,Health
1151,Streetside electric meter is sparking in Egmore,Electricity
1152,Street lights are not working on Park Avenue in Perambur,Street Lighting
1153,No water connection provided despite application in the government school area,Water Supply
1154,No waste collection service provided in Saidapet colony,Waste Management
1155,8 street lights have been off for weeks near School Lane,Street Lighting
1156,Dumping ground near Alwarpet is causing bad odor,Waste Management
1157,Burning of waste is causing smoke in Royapettah,Environment
1158,Public dustbin near Market Road is broken and overflowing,Waste Management
1159,Corruption reported in distribution of government scheme benefits in Vadapalani,Corruption
1160,No science teacher appointed at Sector 5 school for 15 months,Education
1161,Burning of waste is causing smoke in Guindy,Environment
1162,Garbage collection truck has not come to Block C for 9 days,Waste Management
1163,Money was demanded for processing a pension application in Kolathur,Corruption
1164,Waterlogging occurs on Market Road during rains,Road Maintenance
1165,Signboards are missing at the Nehru Street intersection,Traffic
1166,No security personnel at the public park in Nungambakkam,Public Safety
1167,Transformer near School Lane in T Nagar is not working,Electricity
1168,Someone demanded a bribe for approval of a document in Perambur,Corruption
1169,Bribe was demanded for issuing a building permit in the industrial estate,Corruption
1170,Live wire lying on South Street poses electrocution risk,Public Safety
1171,Road near School Lane has not been repaired after monsoon,Road Maintenance
1172,Streetside electric meter is sparking in Chromepet,Electricity
1173,Illegal parking is causing traffic jams on South Street,Traffic
1174,"Traffic signal is damaged at Gandhi Street junction, Velachery",Traffic
1175,Plastic waste dumped near the water body in Ambattur,Environment
1176,Official at the Phase 2 office is demanding money for a certificate,Corruption
1177,Water tanker did not arrive in the government school area as scheduled,Water Supply
1178,Overhead tank in Adyar has not been cleaned in months,Water Supply
1179,New electricity connection is delayed in the panchayat office area,Electricity
1180,Newly laid road on Park Avenue is already damaged,Road Maintenance
1181,An officer at the counter is taking bribes for water connection approvals in Vadapalani,Corruption
1182,Illegal parking is causing traffic jams on Main Road,Traffic
1183,Long waiting times reported at the main market road government hospital,Health
1184,No security personnel at the public park in Adyar,Public Safety
1185,Water tanker did not arrive in Perambur as scheduled,Water Supply
1186,Broken compound wall near School Lane is a safety hazard,Public Safety
1187,Bus conductor misbehaved with passengers on Nungambakkam route,Public Transport
1188,Illegal tree cutting is happening near Market Road in Egmore,Environment
1189,Dead animal left uncollected on Main Road in Velachery,Waste Management
1190,Power supply tripped and not restored for 13 hours in Nungambakkam,Electricity
1191,Deep pit left uncovered near School Lane in the government school area,Public Safety
1192,No security personnel at the public park in the old bus stand area,Public Safety
1193,Bribe was demanded for issuing a building permit in Ward 12,Corruption
1194,A municipal worker asked for extra money to process ration card in Guindy,Corruption
1195,Traffic signal timing is too short at MG Road,Traffic
1196,Someone demanded a bribe for approval of a document in Tambaram,Corruption
1197,Dead animal left uncollected on Bypass Road in Royapettah,Waste Management
1198,Water pipe burst near School Lane in Perambur,Water Supply
1199,Vaccination camp was cancelled without notice in Velachery,Health
1200,Bribe was demanded for issuing a building permit in Pallavaram,Corruption
1201,Someone demanded a bribe for approval of a document in Adyar,Corruption
1202,Garbage is overflowing near Ring Road in Phase 2,Waste Management
1203,Auto drivers are refusing to use the meter near Nehru Street,Public Transport
1204,An officer at the counter is taking bribes for water connection approvals in Adyar,Corruption
1205,School in Phase 2 lacks proper toilet facilities,Education
1206,A middleman is taking bribes for water connection approvals in Ward 12,Corruption
1207,Last bus timing has been cancelled for Sector 5,Public Transport
1208,Deep pit left uncovered near Station Road in Velachery,Public Safety
1209,Huge potholes on Main Road in Nungambakkam,Road Maintenance
1210,Bribe was demanded for issuing a building permit in Alwarpet,Corruption
1211,School building near School Lane needs urgent repair,Education
1212,"New street light pole is needed on Bypass Road, Kolathur",Street Lighting
1213,Textbooks not distributed on time in Pallavaram schools,Education
1214,Exposed wires near Bazaar Street pose a danger to residents,Electricity
1215,No bus service available to Pallavaram after 8 pm,Public Transport
1216,Street light wiring is exposed and dangerous in the industrial estate,Street Lighting
1217,There is no drinking water in Pallavaram for the past 9 days,Water Supply
1218,Street light wiring is exposed and dangerous in Block C,Street Lighting
1219,Garbage collection truck has not come to Kodambakkam for 5 days,Waste Management
1220,Teacher is absent regularly at the Alwarpet government school,Education
1221,Official at the Anna Nagar office is demanding money for a certificate,Corruption
1222,No traffic police present at busy junction near North Street,Traffic
1223,Borewell in Porur has run dry,Water Supply
1224,Overhead tank in Kolathur has not been cleaned in months,Water Supply
1225,Signboards are missing at the Church Street intersection,Traffic
1226,Money was demanded for processing a pension application in Egmore,Corruption
1227,An officer at the counter is taking bribes for water connection approvals in Sector 5,Corruption
1228,Electricity is unavailable in Mylapore for the past 2 days,Electricity
1229,No specialist doctor visits the Kolathur health center,Health
1230,Air pollution levels are high near the factory in Phase 2,Environment
1231,Primary health center in Porur is understaffed,Health
1232,Bus conductor misbehaved with passengers on the railway station road route,Public Transport
1233,"Traffic signal is damaged at North Street junction, the panchayat office area",Traffic
1234,Deep pit left uncovered near Market Road in Vadapalani,Public Safety
1235,Dark stretch on South Street due to broken street lights,Street Lighting
1236,"No footpath available on Ring Road, pedestrians face danger",Road Maintenance
1237,Dark stretch on South Street due to broken street lights,Street Lighting
1238,Overcrowded classrooms reported in the main market road government school,Education
1239,Transformer near North Street in the main market road is not working,Electricity
1240,Open manhole causing danger on MG Road in Porur,Public Safety
1241,Zebra crossing markings have faded on North Street,Traffic
1242,Traffic signal timing is too short at Bazaar Street,Traffic
1243,"Street lights remain on during daytime in Phase 2, wasting power",Street Lighting
1244,Bus frequency has reduced drastically on T Nagar route,Public Transport
1245,A middleman is taking bribes for water connection approvals in Egmore,Corruption
1246,Government hospital near Bypass Road lacks basic medicines,Health
1247,Vaccination camp was cancelled without notice in Mylapore,Health
1248,Long waiting times reported at Block C government hospital,Health
1249,Newly laid road on Bypass Road is already damaged,Road Maintenance
1250,Live wire lying on South Street poses electrocution risk,Public Safety
1251,"Traffic signal is damaged at MG Road junction, Royapettah",Traffic
1252,Street light wiring is exposed and dangerous in Pallavaram,Street Lighting
1253,Overcrowded classrooms reported in the government school area government school,Education
1254,Frequent traffic congestion on Nehru Street during peak hours,Traffic
1255,"New street light pole is needed on Gandhi Street, Chromepet",Street Lighting
1256,No bus service available to Royapettah after 8 pm,Public Transport
1257,Solar street lights installed in Tambaram are non functional,Street Lighting
1258,Transformer near Church Street in Ward 12 is not working,Electricity
1259,Mid day meal quality is poor at Saidapet school,Education
1260,"No signal at the school crossing near Church Street, the government school area",Traffic
1261,No traffic police present at busy junction near South Street,Traffic
1262,Overhead tank in Pallavaram has not been cleaned in months,Water Supply
1263,Streetside electric meter is sparking in Sector 5,Electricity
1264,Frequent traffic congestion on Station Road during peak hours,Traffic
1265,Zebra crossing markings have faded on Gandhi Street,Traffic
1266,Dead animal left uncollected on Main Road in the government school area,Waste Management
1267,No water connection provided despite application in Sector 5,Water Supply
1268,Bus stop shelter near Main Road is damaged,Public Transport
1269,Dark stretch on Main Road due to broken street lights,Street Lighting
1270,Dumping ground near Royapettah is causing bad odor,Waste Management
1271,Illegal dumping of waste is happening near Church Street,Waste Management
1272,Transformer near North Street in Ambattur is not working,Electricity
1273,Illegal parking is causing traffic jams on Nehru Street,Traffic
1274,Transformer near Gandhi Street in Perambur is not working,Electricity
1275,There is no drinking water in Vadapalani for the past 2 days,Water Supply
1276,No water connection provided despite application in Block C,Water Supply
1277,Abandoned building near Bypass Road is unsafe for children,Public Safety
1278,"New street light pole is needed on Park Avenue, the government school area",Street Lighting
1279,Power supply tripped and not restored for 5 hours in Sector 5,Electricity
1280,Stray dogs are attacking residents in Velachery,Public Safety
1281,Auto drivers are refusing to use the meter near Market Road,Public Transport
1282,2 street lights have been off for weeks near South Street,Street Lighting
1283,Overhead tank in the housing board colony has not been cleaned in months,Water Supply
1284,Encroachment on the lake near Saidapet is destroying wetlands,Environment
1285,Textbooks not distributed on time in Perambur schools,Education
1286,"New street light pole is needed on Main Road, the government school area",Street Lighting
1287,"Low water pressure reported near Market Road, Pallavaram",Water Supply
1288,Electric pole near Church Street is leaning dangerously,Electricity
1289,Money was demanded for processing a pension application in Royapettah,Corruption
1290,Money was demanded for processing a pension application in Kolathur,Corruption
1291,Garbage is overflowing near Nehru Street in Vadapalani,Waste Management
1292,"Low water pressure reported near Bypass Road, Perambur",Water Supply
1293,Overhead tank in near the temple has not been cleaned in months,Water Supply
1294,Unsafe construction site near Temple Street lacks barricades,Public Safety
1295,Encroachment on the lake near Nungambakkam is destroying wetlands,Environment
1296,Newly laid road on Bypass Road is already damaged,Road Maintenance
1297,Bus stop shelter near School Lane is damaged,Public Transport
1298,School lacks drinking water facility in Pallavaram,Education
1299,A municipal worker is taking bribes for water connection approvals in T Nagar,Corruption
1300,Bus frequency has reduced drastically on Vadapalani route,Public Transport
1301,Water pipe burst near North Street in T Nagar,Water Supply
1302,Traffic signal timing is too short at Nehru Street,Traffic
1303,8 street lights have been off for weeks near Temple Street,Street Lighting
1304,"Street lights remain on during daytime in Alwarpet, wasting power",Street Lighting
1305,Bus service is irregular on the T Nagar route,Public Transport
1306,There is no drinking water in Royapettah for the past 14 days,Water Supply
1307,Contaminated water is being supplied in Vadapalani,Water Supply
1308,Street lights are not working on Main Road in Ambattur,Street Lighting
1309,Illegal tree cutting is happening near Market Road in Vadapalani,Environment
1310,Street light wiring is exposed and dangerous in the industrial estate,Street Lighting
1311,Overhead tank in Ambattur has not been cleaned in months,Water Supply
1312,Dead animal left uncollected on MG Road in Pallavaram,Waste Management
1313,Last bus timing has been cancelled for the railway station road,Public Transport
1314,Bus stop shelter near Market Road is damaged,Public Transport
1315,"New street light pole is needed on Market Road, Vadapalani",Street Lighting
1316,Signboards are missing at the Main Road intersection,Traffic
1317,Solar street lights installed in the housing board colony are non functional,Street Lighting
1318,Exposed wires near Ring Road pose a danger to residents,Electricity
1319,School building near Gandhi Street needs urgent repair,Education
1320,Garbage is overflowing near MG Road in the government school area,Waste Management
1321,Someone demanded a bribe for approval of a document in Mylapore,Corruption
1322,Leaking pipeline is wasting water on Main Road,Water Supply
1323,Corruption reported in distribution of government scheme benefits in Adyar,Corruption
1324,Public dustbin near Bazaar Street is broken and overflowing,Waste Management
1325,Stray dogs are attacking residents in Kolathur,Public Safety
1326,Solar street lights installed in Block C are non functional,Street Lighting
1327,No waste collection service provided in Mylapore colony,Waste Management
1328,Hospital in the railway station road lacks cleanliness and hygiene,Health
1329,Live wire lying on South Street poses electrocution risk,Public Safety
1330,Solar street lights installed in Kolathur are non functional,Street Lighting
1331,Signboards are missing at the Bazaar Street intersection,Traffic
1332,Segregated waste is being mixed by collection staff in Block C,Waste Management
1333,Bus stop shelter near Market Road is damaged,Public Transport
1334,Broken compound wall near Ring Road is a safety hazard,Public Safety
1335,Air pollution levels are high near the factory in Mylapore,Environment
1336,Official at the the railway station road office is demanding money for a certificate,Corruption
1337,No traffic police present at busy junction near Church Street,Traffic
1338,Signboards are missing at the Bypass Road intersection,Traffic
1339,Solar street lights installed in Chromepet are non functional,Street Lighting
1340,Garbage collection truck has not come to Perambur for 5 days,Waste Management
1341,Bus service is irregular on the near the temple route,Public Transport
1342,Vaccination camp was cancelled without notice in Anna Nagar,Health
1343,Water pipe burst near Ring Road in Block C,Water Supply
1344,Electricity is unavailable in Guindy for the past 2 days,Electricity
1345,Unsafe construction site near Main Road lacks barricades,Public Safety
1346,Bus frequency has reduced drastically on Anna Nagar route,Public Transport
1347,Dead animal left uncollected on Church Street in the main market road,Waste Management
1348,Open manhole causing danger on Market Road in Mylapore,Public Safety
1349,Newly laid road on Gandhi Street is already damaged,Road Maintenance
1350,No security personnel at the public park in the housing board colony,Public Safety
1351,Abandoned building near Temple Street is unsafe for children,Public Safety
1352,A clerk asked for extra money to process ration card in the old bus stand area,Corruption
1353,Electricity is unavailable in Adyar for the past 14 days,Electricity
1354,Dark stretch on Park Avenue due to broken street lights,Street Lighting
1355,"Street lights remain on during daytime in Ambattur, wasting power",Street Lighting
1356,Streetside electric meter is sparking in the main market road,Electricity
1357,"Traffic signal is damaged at Nehru Street junction, Kolathur",Traffic
1358,Water tanker did not arrive in Adyar as scheduled,Water Supply
1359,No waste collection service provided in Velachery colony,Waste Management
1360,Deep pit left uncovered near Bypass Road in Pallavaram,Public Safety
1361,Unsafe construction site near School Lane lacks barricades,Public Safety
1362,Water supply has been irregular in Royapettah for 4 weeks,Water Supply
1363,Bribe was demanded for issuing a building permit in Phase 2,Corruption
1364,School building near Ring Road needs urgent repair,Education
1365,Contaminated water is being supplied in T Nagar,Water Supply
1366,Dead animal left uncollected on Gandhi Street in Phase 2,Waste Management
1367,Illegal dumping of waste is happening near School Lane,Waste Management
1368,Solar street lights installed in Kodambakkam are non functional,Street Lighting
1369,Illegal parking is causing traffic jams on School Lane,Traffic
1370,School lacks drinking water facility in Royapettah,Education
1371,Dumping ground near Sector 5 is causing bad odor,Waste Management
1372,Bus service is irregular on the Ambattur route,Public Transport
1373,Bus service is irregular on the Vadapalani route,Public Transport
1374,No security personnel at the public park in Saidapet,Public Safety
1375,Public dustbin near Park Avenue is broken and overflowing,Waste Management
1376,Deep pit left uncovered near Bazaar Street in Saidapet,Public Safety
1377,Transformer near South Street in Saidapet is not working,Electricity
1378,Last bus timing has been cancelled for Velachery,Public Transport
1379,Dumping ground near Saidapet is causing bad odor,Waste Management
1380,Primary health center in Sector 5 is understaffed,Health
1381,Illegal dumping of waste is happening near North Street,Waste Management
1382,Money was demanded for processing a pension application in Guindy,Corruption
1383,Road near Market Road has not been repaired after monsoon,Road Maintenance
1384,No science teacher appointed at Porur school for 14 months,Education
1385,Someone demanded a bribe for approval of a document in Kodambakkam,Corruption
1386,Plastic waste dumped near the water body in the housing board colony,Environment
1387,Leaking pipeline is wasting water on Main Road,Water Supply
1388,An officer at the counter is taking bribes for water connection approvals in Guindy,Corruption
1389,Money was demanded for processing a pension application in Chromepet,Corruption
1390,"Traffic signal is damaged at School Lane junction, Saidapet",Traffic
1391,Garbage collection truck has not come to Kodambakkam for 8 days,Waste Management
1392,School in Porur lacks proper toilet facilities,Education
1393,Dead animal left uncollected on Gandhi Street in the railway station road,Waste Management
1394,Bus service is irregular on the Perambur route,Public Transport
1395,"Low water pressure reported near Main Road, Porur",Water Supply
1396,No security personnel at the public park in the main market road,Public Safety
1397,Stray dogs are attacking residents in T Nagar,Public Safety
1398,Traffic signal timing is too short at Park Avenue,Traffic
1399,Electric pole near School Lane is leaning dangerously,Electricity
1400,Exposed wires near Gandhi Street pose a danger to residents,Electricity
1401,Transformer near Nehru Street in the old bus stand area is not working,Electricity
1402,School building near MG Road needs urgent repair,Education
1403,Auto drivers are refusing to use the meter near Park Avenue,Public Transport
1404,Someone demanded a bribe for approval of a document in the panchayat office area,Corruption
1405,Bribe was demanded for issuing a building permit in the railway station road,Corruption
1406,Mid day meal quality is poor at Vadapalani school,Education
1407,Teacher is absent regularly at the Perambur government school,Education
1408,Newly laid road on Market Road is already damaged,Road Maintenance
1409,Teacher is absent regularly at the Perambur government school,Education
1410,Streetside electric meter is sparking in Sector 5,Electricity
1411,Unsafe construction site near Temple Street lacks barricades,Public Safety
1412,"Street lights remain on during daytime in Sector 5, wasting power",Street Lighting
1413,"Low water pressure reported near Temple Street, Mylapore",Water Supply
1414,Electric pole near Temple Street is leaning dangerously,Electricity
1415,No security personnel at the public park in Vadapalani,Public Safety
1416,Live wire lying on Church Street poses electrocution risk,Public Safety
1417,Speed breakers are missing near the school on Bypass Road,Road Maintenance
1418,Corruption reported in distribution of government scheme benefits in Anna Nagar,Corruption
1419,Zebra crossing markings have faded on Ring Road,Traffic
1420,Solar street lights installed in Alwarpet are non functional,Street Lighting
1421,No security personnel at the public park in Anna Nagar,Public Safety
1422,"Low water pressure reported near Temple Street, Guindy",Water Supply
1423,Electricity is unavailable in Royapettah for the past 8 days,Electricity
1424,Official at the Royapettah office is demanding money for a certificate,Corruption
1425,Official at the Ward 12 office is demanding money for a certificate,Corruption
1426,Bus service is irregular on the Kolathur route,Public Transport
1427,Street light wiring is exposed and dangerous in Kodambakkam,Street Lighting
1428,Hospital in the housing board colony has no doctors available,Health
1429,Abandoned building near Bypass Road is unsafe for children,Public Safety
1430,Vaccination camp was cancelled without notice in Adyar,Health
1431,Dumping ground near Ward 12 is causing bad odor,Waste Management
1432,Deep pit left uncovered near School Lane in T Nagar,Public Safety
1433,Newly laid road on North Street is already damaged,Road Maintenance
1434,Vaccination camp was cancelled without notice in the old bus stand area,Health
1435,There is no drinking water in Egmore for the past 11 days,Water Supply
1436,Illegal parking is causing traffic jams on Station Road,Traffic
1437,Water body near Royapettah is being polluted by industrial waste,Environment
1438,Illegal parking is causing traffic jams on Main Road,Traffic
1439,Newly laid road on Station Road is already damaged,Road Maintenance
1440,Noise pollution from construction near Station Road at night,Environment
1441,Signboards are missing at the Temple Street intersection,Traffic
1442,School building near North Street needs urgent repair,Education
1443,Waterlogging occurs on Park Avenue during rains,Road Maintenance
1444,Garbage collection truck has not come to Adyar for 13 days,Waste Management
1445,No bus service available to Anna Nagar after 8 pm,Public Transport
1446,Dark stretch on North Street due to broken street lights,Street Lighting
1447,Electricity is unavailable in T Nagar for the past 3 days,Electricity
1448,10 street lights have been off for weeks near South Street,Street Lighting
1449,Unsafe construction site near Ring Road lacks barricades,Public Safety
1450,Open manhole causing danger on Bypass Road in near the temple,Public Safety
1451,No traffic police present at busy junction near School Lane,Traffic
1452,Signboards are missing at the South Street intersection,Traffic
1453,Long waiting times reported at Block C government hospital,Health
1454,Waterlogging occurs on Ring Road during rains,Road Maintenance
1455,Public dustbin near Church Street is broken and overflowing,Waste Management
1456,Electricity is unavailable in Tambaram for the past 5 days,Electricity
1457,"Street lights remain on during daytime in Tambaram, wasting power",Street Lighting
1458,Primary health center in Porur is understaffed,Health
1459,Overcrowded buses are running on the Mylapore route,Public Transport
1460,Ambulance service is delayed in the housing board colony,Health
1461,Billing error in electricity charges for Egmore residents,Electricity
1462,No science teacher appointed at near the temple school for 2 months,Education
1463,Abandoned building near Bazaar Street is unsafe for children,Public Safety
1464,Official at the Guindy office is demanding money for a certificate,Corruption
1465,No specialist doctor visits the the old bus stand area health center,Health
1466,Noise pollution from construction near Nehru Street at night,Environment
1467,A clerk is taking bribes for water connection approvals in the panchayat office area,Corruption
1468,Open manhole causing danger on North Street in Kolathur,Public Safety
1469,Live wire lying on North Street poses electrocution risk,Public Safety
1470,Illegal parking is causing traffic jams on Temple Street,Traffic
1471,No bus service available to Sector 5 after 8 pm,Public Transport
1472,Waterlogging occurs on MG Road during rains,Road Maintenance
1473,Illegal parking is causing traffic jams on Gandhi Street,Traffic
1474,Electric pole near Temple Street is leaning dangerously,Electricity
1475,Dumping ground near the housing board colony is causing bad odor,Waste Management
1476,Long waiting times reported at T Nagar government hospital,Health
1477,Zebra crossing markings have faded on Gandhi Street,Traffic
1478,Someone demanded a bribe for approval of a document in Ambattur,Corruption
1479,Burning of waste is causing smoke in Tambaram,Environment
1480,Street lights are not working on MG Road in Guindy,Street Lighting
1481,Plastic waste dumped near the water body in the old bus stand area,Environment
1482,Signboards are missing at the Bazaar Street intersection,Traffic
1483,No waste collection service provided in Anna Nagar colony,Waste Management
1484,Plastic waste dumped near the water body in Adyar,Environment
1485,Money was demanded for processing a pension application in the panchayat office area,Corruption
1486,Garbage collection truck has not come to Sector 5 for 2 days,Waste Management
1487,Leaking pipeline is wasting water on MG Road,Water Supply
1488,Frequent power cuts are occurring in Velachery,Electricity
1489,Street light flickers continuously on Market Road,Street Lighting
1490,Billing error in electricity charges for Royapettah residents,Electricity
1491,Textbooks not distributed on time in Mylapore schools,Education
1492,Government hospital near Market Road lacks basic medicines,Health
1493,Water tanker did not arrive in Guindy as scheduled,Water Supply
1494,"Street lights remain on during daytime in the industrial estate, wasting power",Street Lighting
1495,Water tanker did not arrive in the old bus stand area as scheduled,Water Supply
1496,Street light wiring is exposed and dangerous in Ambattur,Street Lighting
1497,Waterlogging occurs on North Street during rains,Road Maintenance
1498,Electric pole near Temple Street is leaning dangerously,Electricity
1499,Stray dogs are attacking residents in near the temple,Public Safety
1500,Overcrowded buses are running on the Adyar route,Public Transport
1501,Bus frequency has reduced drastically on Vadapalani route,Public Transport
1502,Illegal sand mining reported near Porur,Environment
1503,Waterlogging occurs on Gandhi Street during rains,Road Maintenance
1504,Garbage collection truck has not come to Ambattur for 2 days,Waste Management
1505,Stray dogs are attacking residents in the housing board colony,Public Safety
1506,"Traffic signal is damaged at Bypass Road junction, Royapettah",Traffic
1507,Bus service is irregular on the the housing board colony route,Public Transport
1508,No waste collection service provided in Royapettah colony,Waste Management
1509,Frequent traffic congestion on Station Road during peak hours,Traffic
1510,Exposed wires near Temple Street pose a danger to residents,Electricity
1511,No security personnel at the public park in Adyar,Public Safety
1512,Public dustbin near Nehru Street is broken and overflowing,Waste Management
1513,Auto drivers are refusing to use the meter near Park Avenue,Public Transport
1514,Contaminated water is being supplied in Mylapore,Water Supply
1515,School in Chromepet lacks proper toilet facilities,Education
1516,"New street light pole is needed on Gandhi Street, Block C",Street Lighting
1517,Contaminated water is being supplied in near the temple,Water Supply
1518,Auto drivers are refusing to use the meter near Ring Road,Public Transport
1519,"No signal at the school crossing near MG Road, the old bus stand area",Traffic
1520,Exposed wires near Temple Street pose a danger to residents,Electricity
1521,Leaking pipeline is wasting water on North Street,Water Supply
1522,Auto drivers are refusing to use the meter near Gandhi Street,Public Transport
1523,School in Ward 12 lacks proper toilet facilities,Education
1524,Someone demanded a bribe for approval of a document in T Nagar,Corruption
1525,Teacher is absent regularly at the Saidapet government school,Education
1526,Textbooks not distributed on time in Phase 2 schools,Education
1527,Vaccination camp was cancelled without notice in the housing board colony,Health
1528,Overcrowded buses are running on the Alwarpet route,Public Transport
1529,"Street lights remain on during daytime in Pallavaram, wasting power",Street Lighting
1530,Bus frequency has reduced drastically on Pallavaram route,Public Transport
1531,Noise pollution from construction near South Street at night,Environment
1532,Unsafe construction site near South Street lacks barricades,Public Safety
1533,Dead animal left uncollected on Temple Street in the main market road,Waste Management
1534,Encroachment on the lake near Block C is destroying wetlands,Environment
1535,Dead animal left uncollected on South Street in the old bus stand area,Waste Management
1536,Dumping ground near Mylapore is causing bad odor,Waste Management
1537,Noise pollution from construction near Ring Road at night,Environment
1538,Bus conductor misbehaved with passengers on Adyar route,Public Transport
1539,"No footpath available on Ring Road, pedestrians face danger",Road Maintenance
1540,Vaccination camp was cancelled without notice in the railway station road,Health
1541,Abandoned building near School Lane is unsafe for children,Public Safety
1542,Water pipe burst near School Lane in the railway station road,Water Supply
1543,Transformer near Gandhi Street in Egmore is not working,Electricity
1544,Solar street lights installed in the railway station road are non functional,Street Lighting
1545,Official at the Porur office is demanding money for a certificate,Corruption
1546,Noise pollution from construction near MG Road at night,Environment
1547,Road divider near Gandhi Street is broken,Road Maintenance
1548,"No footpath available on Gandhi Street, pedestrians face danger",Road Maintenance
1549,Corruption reported in distribution of government scheme benefits in near the temple,Corruption
1550,Last bus timing has been cancelled for Anna Nagar,Public Transport
1551,Streetside electric meter is sparking in near the temple,Electricity
1552,Zebra crossing markings have faded on Main Road,Traffic
1553,No specialist doctor visits the Saidapet health center,Health
1554,13 street lights have been off for weeks near Bypass Road,Street Lighting
1555,Transformer near Main Road in Perambur is not working,Electricity
1556,Hospital in Ambattur has no doctors available,Health
1557,Ambulance service is delayed in Ward 12,Health
1558,"No footpath available on Temple Street, pedestrians face danger",Road Maintenance
1559,Auto drivers are refusing to use the meter near Gandhi Street,Public Transport
1560,Water tanker did not arrive in Velachery as scheduled,Water Supply
1561,Ambulance service is delayed in the old bus stand area,Health
1562,Bus stop shelter near Bypass Road is damaged,Public Transport
1563,Bus stop shelter near Temple Street is damaged,Public Transport
1564,A municipal worker is taking bribes for water connection approvals in Royapettah,Corruption
1565,"Low water pressure reported near Gandhi Street, Vadapalani",Water Supply
1566,9 street lights have been off for weeks near Bypass Road,Street Lighting
1567,Stray dogs are attacking residents in Ward 12,Public Safety
1568,No bus service available to the panchayat office area after 8 pm,Public Transport
1569,Government hospital near North Street lacks basic medicines,Health
1570,Solar street lights installed in Kolathur are non functional,Street Lighting
1571,Long waiting times reported at Mylapore government hospital,Health
1572,Electric pole near Bazaar Street is leaning dangerously,Electricity
1573,Garbage collection truck has not come to Block C for 2 days,Waste Management
1574,Road divider near Church Street is broken,Road Maintenance
1575,Newly laid road on MG Road is already damaged,Road Maintenance
1576,"No footpath available on Bypass Road, pedestrians face danger",Road Maintenance
1577,"No footpath available on Temple Street, pedestrians face danger",Road Maintenance
1578,School building near Ring Road needs urgent repair,Education
1579,8 street lights have been off for weeks near MG Road,Street Lighting
1580,Illegal dumping of waste is happening near Temple Street,Waste Management
1581,No water connection provided despite application in Egmore,Water Supply
1582,Mid day meal quality is poor at Anna Nagar school,Education
1583,Overcrowded classrooms reported in Egmore government school,Education
1584,Illegal dumping of waste is happening near Station Road,Waste Management
1585,Water supply has been irregular in Guindy for 6 weeks,Water Supply
1586,Hospital in Egmore has no doctors available,Health
1587,Vaccination camp was cancelled without notice in the railway station road,Health
1588,Frequent power cuts are occurring in Pallavaram,Electricity
1589,Textbooks not distributed on time in Perambur schools,Education
1590,Garbage is overflowing near Gandhi Street in Phase 2,Waste Management
1591,School in Egmore lacks proper toilet facilities,Education
1592,Garbage is overflowing near MG Road in Egmore,Waste Management
1593,Someone demanded a bribe for approval of a document in Anna Nagar,Corruption
1594,No science teacher appointed at the government school area school for 10 months,Education
1595,Encroachment on the lake near Chromepet is destroying wetlands,Environment
1596,Hospital in T Nagar lacks cleanliness and hygiene,Health
1597,Bribe was demanded for issuing a building permit in Ambattur,Corruption
1598,Long waiting times reported at Ward 12 government hospital,Health
1599,Overcrowded buses are running on the Mylapore route,Public Transport
1600,"No signal at the school crossing near Market Road, Phase 2",Traffic
1601,Waterlogging occurs on Church Street during rains,Road Maintenance
1602,Long waiting times reported at Chromepet government hospital,Health
1603,Money was demanded for processing a pension application in Pallavaram,Corruption
1604,Last bus timing has been cancelled for Royapettah,Public Transport
1605,No science teacher appointed at Anna Nagar school for 14 months,Education
1606,Noise pollution from construction near Church Street at night,Environment
1607,Frequent power cuts are occurring in Nungambakkam,Electricity
1608,Electricity is unavailable in Sector 5 for the past 13 days,Electricity
1609,Garbage is overflowing near South Street in Nungambakkam,Waste Management
1610,Segregated waste is being mixed by collection staff in Porur,Waste Management
1611,Auto drivers are refusing to use the meter near Park Avenue,Public Transport
1612,Garbage collection truck has not come to the railway station road for 11 days,Waste Management
1613,Government hospital near Main Road lacks basic medicines,Health
1614,A municipal worker asked for extra money to process ration card in the government school area,Corruption
1615,Burning of waste is causing smoke in Egmore,Environment
1616,Borewell in T Nagar has run dry,Water Supply
1617,Bus frequency has reduced drastically on the panchayat office area route,Public Transport
1618,Electricity is unavailable in Anna Nagar for the past 10 days,Electricity
1619,Unsafe construction site near MG Road lacks barricades,Public Safety
1620,Plastic waste dumped near the water body in Egmore,Environment
1621,Hospital in Royapettah lacks cleanliness and hygiene,Health
1622,Illegal sand mining reported near Tambaram,Environment
1623,Teacher is absent regularly at the Ward 12 government school,Education
1624,No specialist doctor visits the Velachery health center,Health
1625,Illegal dumping of waste is happening near Nehru Street,Waste Management
1626,Unsafe construction site near Temple Street lacks barricades,Public Safety
1627,Illegal sand mining reported near Ward 12,Environment
1628,Construction debris left on South Street blocking traffic,Road Maintenance
1629,Unsafe construction site near Nehru Street lacks barricades,Public Safety
1630,Noise pollution from construction near Main Road at night,Environment
1631,Government hospital near Temple Street lacks basic medicines,Health
1632,No science teacher appointed at Alwarpet school for 3 months,Education
1633,Voltage fluctuation is damaging appliances in Nungambakkam,Electricity
1634,Live wire lying on Park Avenue poses electrocution risk,Public Safety
1635,"Traffic signal is damaged at MG Road junction, Block C",Traffic
1636,Illegal tree cutting is happening near School Lane in Alwarpet,Environment
1637,No specialist doctor visits the Guindy health center,Health
1638,"Traffic signal is damaged at Church Street junction, Adyar",Traffic
1639,Huge potholes on South Street in the industrial estate,Road Maintenance
1640,Unsafe construction site near North Street lacks barricades,Public Safety
1641,No science teacher appointed at Alwarpet school for 12 months,Education
1642,13 street lights have been off for weeks near Church Street,Street Lighting
1643,"No signal at the school crossing near Temple Street, the panchayat office area",Traffic
1644,Voltage fluctuation is damaging appliances in Kodambakkam,Electricity
1645,Frequent traffic congestion on Ring Road during peak hours,Traffic
1646,Road divider near MG Road is broken,Road Maintenance
1647,Textbooks not distributed on time in the panchayat office area schools,Education
1648,"No footpath available on School Lane, pedestrians face danger",Road Maintenance
1649,Broken compound wall near Market Road is a safety hazard,Public Safety
1650,School in Phase 2 lacks proper toilet facilities,Education
1651,Illegal tree cutting is happening near Station Road in Egmore,Environment
1652,Zebra crossing markings have faded on Bazaar Street,Traffic
1653,No bus service available to the housing board colony after 8 pm,Public Transport
1654,Encroachment on the lake near Saidapet is destroying wetlands,Environment
1655,Road near Main Road has not been repaired after monsoon,Road Maintenance
1656,"No signal at the school crossing near Temple Street, Anna Nagar",Traffic
1657,Bus stop shelter near Nehru Street is damaged,Public Transport
1658,Public dustbin near Ring Road is broken and overflowing,Waste Management
1659,Construction debris left on MG Road blocking traffic,Road Maintenance
1660,Overcrowded buses are running on the Block C route,Public Transport
1661,Air pollution levels are high near the factory in the housing board colony,Environment
1662,No specialist doctor visits the the main market road health center,Health
1663,School lacks drinking water facility in Anna Nagar,Education
1664,Garbage is overflowing near MG Road in Nungambakkam,Waste Management
1665,Dead animal left uncollected on Bypass Road in Mylapore,Waste Management
1666,Illegal dumping of waste is happening near Church Street,Waste Management
1667,Auto drivers are refusing to use the meter near School Lane,Public Transport
1668,3 street lights have been off for weeks near Nehru Street,Street Lighting
1669,Dead animal left uncollected on Park Avenue in Ambattur,Waste Management
1670,Waterlogging occurs on Gandhi Street during rains,Road Maintenance
1671,Abandoned building near North Street is unsafe for children,Public Safety
1672,Primary health center in Chromepet is understaffed,Health
1673,Open manhole causing danger on Market Road in Ward 12,Public Safety
1674,Abandoned building near Bazaar Street is unsafe for children,Public Safety
1675,Bus service is irregular on the Guindy route,Public Transport
1676,Billing error in electricity charges for Royapettah residents,Electricity
1677,No water connection provided despite application in Block C,Water Supply
1678,Frequent traffic congestion on Main Road during peak hours,Traffic
1679,Illegal sand mining reported near Phase 2,Environment
1680,"Street lights remain on during daytime in Perambur, wasting power",Street Lighting
1681,Exposed wires near Market Road pose a danger to residents,Electricity
1682,Waterlogging occurs on Market Road during rains,Road Maintenance
1683,Electric pole near Nehru Street is leaning dangerously,Electricity
1684,Electricity is unavailable in Kodambakkam for the past 7 days,Electricity
1685,2 street lights have been off for weeks near Main Road,Street Lighting
1686,Auto drivers are refusing to use the meter near Station Road,Public Transport
1687,Segregated waste is being mixed by collection staff in the old bus stand area,Waste Management
1688,Hospital in the government school area has no doctors available,Health
1689,Streetside electric meter is sparking in Tambaram,Electricity
1690,Dark stretch on Main Road due to broken street lights,Street Lighting
1691,"No signal at the school crossing near School Lane, the housing board colony",Traffic
1692,Broken compound wall near Main Road is a safety hazard,Public Safety
1693,Newly laid road on Park Avenue is already damaged,Road Maintenance
1694,Bribe was demanded for issuing a building permit in Block C,Corruption
1695,Speed breakers are missing near the school on Market Road,Road Maintenance
1696,Road near Church Street has not been repaired after monsoon,Road Maintenance
1697,Street lights are not working on Main Road in Block C,Street Lighting
1698,No water connection provided despite application in the housing board colony,Water Supply
1699,Garbage collection truck has not come to Ambattur for 11 days,Waste Management
1700,Dumping ground near Kolathur is causing bad odor,Waste Management
1701,Long waiting times reported at Velachery government hospital,Health
1702,No water connection provided despite application in Tambaram,Water Supply
1703,Electricity is unavailable in Velachery for the past 4 days,Electricity
1704,Streetside electric meter is sparking in Velachery,Electricity
1705,Hospital in Royapettah has no doctors available,Health
1706,There is no drinking water in Nungambakkam for the past 11 days,Water Supply
1707,Auto drivers are refusing to use the meter near Station Road,Public Transport
1708,No bus service available to Pallavaram after 8 pm,Public Transport
1709,Water body near Alwarpet is being polluted by industrial waste,Environment
1710,Zebra crossing markings have faded on MG Road,Traffic
1711,"No footpath available on Bazaar Street, pedestrians face danger",Road Maintenance
1712,"New street light pole is needed on Nehru Street, Anna Nagar",Street Lighting
1713,Street lights are not working on Station Road in Kodambakkam,Street Lighting
1714,Hospital in Nungambakkam has no doctors available,Health
1715,Burning of waste is causing smoke in Tambaram,Environment
1716,Broken compound wall near School Lane is a safety hazard,Public Safety
1717,Bus frequency has reduced drastically on Mylapore route,Public Transport
1718,No water connection provided despite application in Adyar,Water Supply
1719,Official at the Anna Nagar office is demanding money for a certificate,Corruption
1720,Street light wiring is exposed and dangerous in the railway station road,Street Lighting
1721,"Low water pressure reported near School Lane, Kolathur",Water Supply
1722,No specialist doctor visits the the railway station road health center,Health
1723,Illegal parking is causing traffic jams on MG Road,Traffic
1724,No traffic police present at busy junction near Church Street,Traffic
1725,Bus service is irregular on the the panchayat office area route,Public Transport
1726,Solar street lights installed in near the temple are non functional,Street Lighting
1727,Auto drivers are refusing to use the meter near Gandhi Street,Public Transport
1728,No traffic police present at busy junction near Church Street,Traffic
1729,Segregated waste is being mixed by collection staff in Tambaram,Waste Management
1730,Deep pit left uncovered near School Lane in the railway station road,Public Safety
1731,Auto drivers are refusing to use the meter near Nehru Street,Public Transport
1732,Frequent power cuts are occurring in Phase 2,Electricity
1733,Illegal sand mining reported near Porur,Environment
1734,School lacks drinking water facility in the main market road,Education
1735,Hospital in Perambur has no doctors available,Health
1736,Bus frequency has reduced drastically on Ambattur route,Public Transport
1737,Segregated waste is being mixed by collection staff in Kodambakkam,Waste Management
1738,Mid day meal quality is poor at Royapettah school,Education
1739,Official at the Egmore office is demanding money for a certificate,Corruption
1740,Leaking pipeline is wasting water on Ring Road,Water Supply
1741,Money was demanded for processing a pension application in near the temple,Corruption
1742,Overcrowded classrooms reported in Nungambakkam government school,Education
1743,Overcrowded classrooms reported in Tambaram government school,Education
1744,Unsafe construction site near Station Road lacks barricades,Public Safety
1745,Government hospital near Station Road lacks basic medicines,Health
1746,3 street lights have been off for weeks near Main Road,Street Lighting
1747,Contaminated water is being supplied in near the temple,Water Supply
1748,Zebra crossing markings have faded on Nehru Street,Traffic
1749,Abandoned building near Gandhi Street is unsafe for children,Public Safety
1750,13 street lights have been off for weeks near Nehru Street,Street Lighting
1751,Signboards are missing at the Temple Street intersection,Traffic
1752,Water supply has been irregular in the railway station road for 9 weeks,Water Supply
1753,Garbage is overflowing near Gandhi Street in Perambur,Waste Management
1754,Road near MG Road has not been repaired after monsoon,Road Maintenance
1755,Electricity is unavailable in the panchayat office area for the past 9 days,Electricity
1756,Primary health center in Anna Nagar is understaffed,Health
1757,Water tanker did not arrive in Block C as scheduled,Water Supply
1758,Illegal sand mining reported near Adyar,Environment
1759,Dark stretch on Nehru Street due to broken street lights,Street Lighting
1760,School in Adyar lacks proper toilet facilities,Education
1761,Long waiting times reported at Phase 2 government hospital,Health
1762,Signboards are missing at the MG Road intersection,Traffic
1763,Long waiting times reported at Vadapalani government hospital,Health
1764,Textbooks not distributed on time in Tambaram schools,Education
1765,Signboards are missing at the Gandhi Street intersection,Traffic
1766,Bus conductor misbehaved with passengers on Sector 5 route,Public Transport
1767,There is no drinking water in Block C for the past 12 days,Water Supply
1768,Auto drivers are refusing to use the meter near North Street,Public Transport
1769,Broken compound wall near North Street is a safety hazard,Public Safety
1770,Water tanker did not arrive in Alwarpet as scheduled,Water Supply
1771,"Street lights remain on during daytime in Anna Nagar, wasting power",Street Lighting
1772,Bus stop shelter near Temple Street is damaged,Public Transport
1773,Speed breakers are missing near the school on Bypass Road,Road Maintenance
1774,Street light wiring is exposed and dangerous in T Nagar,Street Lighting
1775,Bus service is irregular on the Ambattur route,Public Transport
1776,A middleman is taking bribes for water connection approvals in Porur,Corruption
1777,Corruption reported in distribution of government scheme benefits in Saidapet,Corruption
1778,Solar street lights installed in near the temple are non functional,Street Lighting
1779,Unsafe construction site near Main Road lacks barricades,Public Safety
1780,Encroachment on the lake near Phase 2 is destroying wetlands,Environment
1781,Garbage is overflowing near School Lane in the housing board colony,Waste Management
1782,Zebra crossing markings have faded on Park Avenue,Traffic
1783,Open manhole causing danger on North Street in Pallavaram,Public Safety
1784,Bribe was demanded for issuing a building permit in the panchayat office area,Corruption
1785,A contractor is taking bribes for water connection approvals in the panchayat office area,Corruption
1786,No bus service available to Vadapalani after 8 pm,Public Transport
1787,Stray dogs are attacking residents in Vadapalani,Public Safety
1788,Burning of waste is causing smoke in Egmore,Environment
1789,Huge potholes on Station Road in Guindy,Road Maintenance
1790,Illegal dumping of waste is happening near Church Street,Waste Management
1791,Bus frequency has reduced drastically on Mylapore route,Public Transport
1792,Bus stop shelter near Main Road is damaged,Public Transport
1793,Contaminated water is being supplied in the housing board colony,Water Supply
1794,Hospital in Perambur has no doctors available,Health
1795,Road divider near North Street is broken,Road Maintenance
1796,Air pollution levels are high near the factory in the railway station road,Environment
1797,Bus conductor misbehaved with passengers on Adyar route,Public Transport
1798,School building near Bazaar Street needs urgent repair,Education
1799,Billing error in electricity charges for Pallavaram residents,Electricity
1800,Auto drivers are refusing to use the meter near MG Road,Public Transport
1801,New electricity connection is delayed in the industrial estate,Electricity
1802,Road near School Lane has not been repaired after monsoon,Road Maintenance
1803,Plastic waste dumped near the water body in the industrial estate,Environment
1804,Someone demanded a bribe for approval of a document in Porur,Corruption
1805,Bus conductor misbehaved with passengers on Royapettah route,Public Transport
1806,No science teacher appointed at Anna Nagar school for 6 months,Education
1807,Mid day meal quality is poor at Tambaram school,Education
1808,Huge potholes on Temple Street in the industrial estate,Road Maintenance
1809,Traffic signal timing is too short at Market Road,Traffic
1810,Teacher is absent regularly at the the housing board colony government school,Education
1811,Water pipe burst near Church Street in Royapettah,Water Supply
1812,Noise pollution from construction near Nehru Street at night,Environment
1813,Money was demanded for processing a pension application in the railway station road,Corruption
1814,Huge potholes on Gandhi Street in Royapettah,Road Maintenance
1815,Water pipe burst near Station Road in Perambur,Water Supply
1816,Illegal sand mining reported near Nungambakkam,Environment
1817,A contractor is taking bribes for water connection approvals in Kodambakkam,Corruption
1818,No specialist doctor visits the the industrial estate health center,Health
1819,Road divider near School Lane is broken,Road Maintenance
1820,Textbooks not distributed on time in T Nagar schools,Education
1821,"Traffic signal is damaged at North Street junction, Anna Nagar",Traffic
1822,Teacher is absent regularly at the Nungambakkam government school,Education
1823,Billing error in electricity charges for the housing board colony residents,Electricity
1824,Teacher is absent regularly at the Ambattur government school,Education
1825,Frequent traffic congestion on Bazaar Street during peak hours,Traffic
1826,Speed breakers are missing near the school on Park Avenue,Road Maintenance
1827,Stray dogs are attacking residents in Kodambakkam,Public Safety
1828,A municipal worker is taking bribes for water connection approvals in Ambattur,Corruption
1829,Zebra crossing markings have faded on Gandhi Street,Traffic
1830,Official at the Pallavaram office is demanding money for a certificate,Corruption
1831,Plastic waste dumped near the water body in T Nagar,Environment
1832,Billing error in electricity charges for Anna Nagar residents,Electricity
1833,"New street light pole is needed on MG Road, Velachery",Street Lighting
1834,Overcrowded classrooms reported in Ambattur government school,Education
1835,Contaminated water is being supplied in Saidapet,Water Supply
1836,Voltage fluctuation is damaging appliances in Ambattur,Electricity
1837,Hospital in the industrial estate has no doctors available,Health
1838,A middleman is taking bribes for water connection approvals in the government school area,Corruption
1839,No science teacher appointed at the old bus stand area school for 6 months,Education
1840,Overcrowded buses are running on the the industrial estate route,Public Transport
1841,School in Kolathur lacks proper toilet facilities,Education
1842,Live wire lying on School Lane poses electrocution risk,Public Safety
1843,"No signal at the school crossing near Gandhi Street, Mylapore",Traffic
1844,Frequent power cuts are occurring in the housing board colony,Electricity
1845,Live wire lying on School Lane poses electrocution risk,Public Safety
1846,"Traffic signal is damaged at School Lane junction, the government school area",Traffic
1847,Garbage collection truck has not come to Ambattur for 12 days,Waste Management
1848,Electricity is unavailable in the main market road for the past 11 days,Electricity
1849,Ambulance service is delayed in Saidapet,Health
1850,Textbooks not distributed on time in Porur schools,Education
1851,Hospital in Guindy lacks cleanliness and hygiene,Health
1852,Last bus timing has been cancelled for Ward 12,Public Transport
1853,Plastic waste dumped near the water body in Guindy,Environment
1854,Construction debris left on Station Road blocking traffic,Road Maintenance
1855,No traffic police present at busy junction near Station Road,Traffic
1856,Water pipe burst near Ring Road in the housing board colony,Water Supply
1857,Street lights are not working on Gandhi Street in Phase 2,Street Lighting
1858,"Traffic signal is damaged at Bazaar Street junction, Royapettah",Traffic
1859,"No signal at the school crossing near School Lane, Mylapore",Traffic
1860,Vaccination camp was cancelled without notice in Royapettah,Health
1861,There is no drinking water in Kolathur for the past 5 days,Water Supply
1862,Plastic waste dumped near the water body in Anna Nagar,Environment
1863,"New street light pole is needed on Church Street, the panchayat office area",Street Lighting
1864,Power supply tripped and not restored for 4 hours in Egmore,Electricity
1865,Long waiting times reported at Sector 5 government hospital,Health
1866,Garbage is overflowing near Gandhi Street in Perambur,Waste Management
1867,Street light flickers continuously on Gandhi Street,Street Lighting
1868,Street light wiring is exposed and dangerous in Vadapalani,Street Lighting
1869,Stray dogs are attacking residents in Porur,Public Safety
1870,Bus service is irregular on the Perambur route,Public Transport
1871,Last bus timing has been cancelled for Porur,Public Transport
1872,Garbage is overflowing near Ring Road in Egmore,Waste Management
1873,Segregated waste is being mixed by collection staff in Kolathur,Waste Management
1874,Borewell in Perambur has run dry,Water Supply
1875,Electric pole near Temple Street is leaning dangerously,Electricity
1876,Signboards are missing at the MG Road intersection,Traffic
1877,Water pipe burst near Church Street in Mylapore,Water Supply
1878,School in Royapettah lacks proper toilet facilities,Education
1879,Burning of waste is causing smoke in Kodambakkam,Environment
1880,Frequent traffic congestion on Market Road during peak hours,Traffic
1881,Street light flickers continuously on Church Street,Street Lighting
1882,4 street lights have been off for weeks near Ring Road,Street Lighting
1883,Primary health center in the panchayat office area is understaffed,Health
1884,Waterlogging occurs on Station Road during rains,Road Maintenance
1885,No traffic police present at busy junction near Temple Street,Traffic
1886,Bus frequency has reduced drastically on the housing board colony route,Public Transport
1887,Air pollution levels are high near the factory in Royapettah,Environment
1888,Bus frequency has reduced drastically on Block C route,Public Transport
1889,Long waiting times reported at the main market road government hospital,Health
1890,Corruption reported in distribution of government scheme benefits in Pallavaram,Corruption
1891,Illegal sand mining reported near the main market road,Environment
1892,Noise pollution from construction near Bypass Road at night,Environment
1893,School building near North Street needs urgent repair,Education
1894,School lacks drinking water facility in Perambur,Education
1895,No traffic police present at busy junction near Nehru Street,Traffic
1896,Speed breakers are missing near the school on Church Street,Road Maintenance
1897,Transformer near Bazaar Street in near the temple is not working,Electricity
1898,Water pipe burst near South Street in the panchayat office area,Water Supply
1899,"Low water pressure reported near Ring Road, Royapettah",Water Supply
1900,"No signal at the school crossing near Market Road, Vadapalani",Traffic
1901,Corruption reported in distribution of government scheme benefits in Kodambakkam,Corruption
1902,Textbooks not distributed on time in the railway station road schools,Education
1903,No bus service available to T Nagar after 8 pm,Public Transport
1904,Public dustbin near Park Avenue is broken and overflowing,Waste Management
1905,Garbage collection truck has not come to T Nagar for 8 days,Waste Management
1906,Borewell in Nungambakkam has run dry,Water Supply
1907,No bus service available to Royapettah after 8 pm,Public Transport
1908,"No signal at the school crossing near Market Road, the main market road",Traffic
1909,Noise pollution from construction near Station Road at night,Environment
1910,Garbage collection truck has not come to Egmore for 9 days,Waste Management
1911,Overcrowded classrooms reported in Pallavaram government school,Education
1912,New electricity connection is delayed in Mylapore,Electricity
1913,Street light flickers continuously on Church Street,Street Lighting
1914,A clerk asked for extra money to process ration card in Mylapore,Corruption
1915,Traffic signal timing is too short at South Street,Traffic
1916,Teacher is absent regularly at the Velachery government school,Education
1917,Waterlogging occurs on MG Road during rains,Road Maintenance
1918,Bus stop shelter near Ring Road is damaged,Public Transport
1919,Illegal parking is causing traffic jams on Park Avenue,Traffic
1920,Public dustbin near Park Avenue is broken and overflowing,Waste Management
1921,Signboards are missing at the Temple Street intersection,Traffic
1922,Noise pollution from construction near Park Avenue at night,Environment
1923,Noise pollution from construction near Temple Street at night,Environment
1924,Bribe was demanded for issuing a building permit in Saidapet,Corruption
1925,"Low water pressure reported near Park Avenue, Guindy",Water Supply
1926,Money was demanded for processing a pension application in Royapettah,Corruption
1927,No science teacher appointed at the railway station road school for 13 months,Education
1928,Bus frequency has reduced drastically on Phase 2 route,Public Transport
1929,Last bus timing has been cancelled for Alwarpet,Public Transport
1930,Frequent traffic congestion on Church Street during peak hours,Traffic
1931,Leaking pipeline is wasting water on Bazaar Street,Water Supply
1932,Mid day meal quality is poor at Chromepet school,Education
1933,Dead animal left uncollected on Nehru Street in T Nagar,Waste Management
1934,No traffic police present at busy junction near Market Road,Traffic
1935,Exposed wires near School Lane pose a danger to residents,Electricity
1936,Contaminated water is being supplied in Royapettah,Water Supply
1937,No science teacher appointed at Chromepet school for 14 months,Education
1938,Transformer near North Street in Velachery is not working,Electricity
1939,Auto drivers are refusing to use the meter near Bazaar Street,Public Transport
1940,Street light flickers continuously on Main Road,Street Lighting
1941,A middleman asked for extra money to process ration card in Anna Nagar,Corruption
1942,Exposed wires near Main Road pose a danger to residents,Electricity
1943,Road divider near Temple Street is broken,Road Maintenance
1944,Garbage collection truck has not come to Guindy for 14 days,Waste Management
1945,Ambulance service is delayed in Porur,Health
1946,Traffic signal timing is too short at MG Road,Traffic
1947,Illegal parking is causing traffic jams on South Street,Traffic
1948,Billing error in electricity charges for Guindy residents,Electricity
1949,Air pollution levels are high near the factory in the old bus stand area,Environment
1950,Hospital in Nungambakkam lacks cleanliness and hygiene,Health
1951,Vaccination camp was cancelled without notice in Kolathur,Health
1952,Borewell in Porur has run dry,Water Supply
1953,Hospital in the main market road has no doctors available,Health
1954,Frequent traffic congestion on Bypass Road during peak hours,Traffic
1955,Hospital in Mylapore lacks cleanliness and hygiene,Health
1956,Contaminated water is being supplied in the panchayat office area,Water Supply
1957,Exposed wires near Gandhi Street pose a danger to residents,Electricity
1958,Hospital in Egmore has no doctors available,Health
1959,Primary health center in Anna Nagar is understaffed,Health
1960,Official at the Block C office is demanding money for a certificate,Corruption
1961,Unsafe construction site near Gandhi Street lacks barricades,Public Safety
1962,Segregated waste is being mixed by collection staff in Kolathur,Waste Management
1963,Water pipe burst near Main Road in Velachery,Water Supply
1964,Traffic signal timing is too short at Market Road,Traffic
1965,Burning of waste is causing smoke in Perambur,Environment
1966,Teacher is absent regularly at the Egmore government school,Education
1967,Textbooks not distributed on time in Tambaram schools,Education
1968,Ambulance service is delayed in Kolathur,Health
1969,Bus conductor misbehaved with passengers on Anna Nagar route,Public Transport
1970,Contaminated water is being supplied in the government school area,Water Supply
1971,Streetside electric meter is sparking in Velachery,Electricity
1972,Overcrowded classrooms reported in Vadapalani government school,Education
1973,Overhead tank in the industrial estate has not been cleaned in months,Water Supply
1974,Overcrowded classrooms reported in Ambattur government school,Education
1975,Overhead tank in Egmore has not been cleaned in months,Water Supply
1976,Bus service is irregular on the Ward 12 route,Public Transport
1977,Public dustbin near Gandhi Street is broken and overflowing,Waste Management
1978,Noise pollution from construction near Bypass Road at night,Environment
1979,Road divider near Main Road is broken,Road Maintenance
1980,Last bus timing has been cancelled for the main market road,Public Transport
1981,No specialist doctor visits the near the temple health center,Health
1982,Water body near Anna Nagar is being polluted by industrial waste,Environment
1983,Transformer near School Lane in the old bus stand area is not working,Electricity
1984,Noise pollution from construction near Station Road at night,Environment
1985,Segregated waste is being mixed by collection staff in Ambattur,Waste Management
1986,Street light flickers continuously on Main Road,Street Lighting
1987,No specialist doctor visits the T Nagar health center,Health
1988,Huge potholes on Station Road in Ambattur,Road Maintenance
1989,Street lights are not working on Main Road in T Nagar,Street Lighting
1990,School building near Ring Road needs urgent repair,Education
1991,Dark stretch on Park Avenue due to broken street lights,Street Lighting
1992,Borewell in Tambaram has run dry,Water Supply
1993,Garbage is overflowing near MG Road in the government school area,Waste Management
1994,Water tanker did not arrive in the panchayat office area as scheduled,Water Supply
1995,Overhead tank in T Nagar has not been cleaned in months,Water Supply
1996,Construction debris left on Park Avenue blocking traffic,Road Maintenance
1997,Speed breakers are missing near the school on North Street,Road Maintenance
1998,Solar street lights installed in Egmore are non functional,Street Lighting
1999,Garbage collection truck has not come to the main market road for 12 days,Waste Management
2000,No traffic police present at busy junction near MG Road,Traffic
2001,A government official is taking bribes for water connection approvals in Velachery,Corruption
2002,Signboards are missing at the Bazaar Street intersection,Traffic
2003,Waterlogging occurs on Ring Road during rains,Road Maintenance
2004,No specialist doctor visits the Tambaram health center,Health
2005,Illegal dumping of waste is happening near Nehru Street,Waste Management
2006,Overhead tank in Adyar has not been cleaned in months,Water Supply
2007,Textbooks not distributed on time in Ward 12 schools,Education
2008,Vaccination camp was cancelled without notice in T Nagar,Health
2009,Newly laid road on North Street is already damaged,Road Maintenance
2010,Huge potholes on South Street in Royapettah,Road Maintenance
2011,Noise pollution from construction near Nehru Street at night,Environment
2012,Unsafe construction site near School Lane lacks barricades,Public Safety
2013,Streetside electric meter is sparking in Pallavaram,Electricity
2014,Auto drivers are refusing to use the meter near Main Road,Public Transport
2015,"New street light pole is needed on Bypass Road, Saidapet",Street Lighting
2016,Mid day meal quality is poor at Block C school,Education
2017,Garbage is overflowing near Ring Road in Sector 5,Waste Management
2018,Money was demanded for processing a pension application in Guindy,Corruption
2019,"Traffic signal is damaged at Church Street junction, the government school area",Traffic
2020,Last bus timing has been cancelled for Pallavaram,Public Transport
2021,Water tanker did not arrive in Anna Nagar as scheduled,Water Supply
2022,Corruption reported in distribution of government scheme benefits in Kolathur,Corruption
2023,Money was demanded for processing a pension application in the panchayat office area,Corruption
2024,Leaking pipeline is wasting water on Ring Road,Water Supply
2025,Vaccination camp was cancelled without notice in Tambaram,Health
2026,Mid day meal quality is poor at Vadapalani school,Education
2027,Road divider near School Lane is broken,Road Maintenance
2028,Billing error in electricity charges for near the temple residents,Electricity
2029,Broken compound wall near North Street is a safety hazard,Public Safety
2030,Primary health center in Nungambakkam is understaffed,Health
2031,Newly laid road on South Street is already damaged,Road Maintenance
2032,Hospital in Kodambakkam lacks cleanliness and hygiene,Health
2033,Exposed wires near Bypass Road pose a danger to residents,Electricity
2034,Newly laid road on Gandhi Street is already damaged,Road Maintenance
2035,Bribe was demanded for issuing a building permit in Mylapore,Corruption
2036,Money was demanded for processing a pension application in Block C,Corruption
2037,No water connection provided despite application in the government school area,Water Supply
2038,Bus service is irregular on the Ward 12 route,Public Transport
2039,Bus conductor misbehaved with passengers on the housing board colony route,Public Transport
2040,Construction debris left on Church Street blocking traffic,Road Maintenance
2041,Corruption reported in distribution of government scheme benefits in Sector 5,Corruption
2042,"No signal at the school crossing near Nehru Street, the government school area",Traffic
2043,Voltage fluctuation is damaging appliances in Block C,Electricity
2044,Overcrowded classrooms reported in Chromepet government school,Education
2045,15 street lights have been off for weeks near Bypass Road,Street Lighting
2046,Unsafe construction site near Main Road lacks barricades,Public Safety
2047,Official at the the panchayat office area office is demanding money for a certificate,Corruption
2048,Borewell in Velachery has run dry,Water Supply
2049,"Low water pressure reported near Market Road, Ambattur",Water Supply
2050,No science teacher appointed at Block C school for 10 months,Education
2051,Overcrowded classrooms reported in the government school area government school,Education
2052,Borewell in T Nagar has run dry,Water Supply
2053,Huge potholes on MG Road in the railway station road,Road Maintenance
2054,Zebra crossing markings have faded on Temple Street,Traffic
2055,Solar street lights installed in Vadapalani are non functional,Street Lighting
2056,Ambulance service is delayed in Velachery,Health
2057,School in Alwarpet lacks proper toilet facilities,Education
2058,Open manhole causing danger on Bypass Road in Guindy,Public Safety
2059,15 street lights have been off for weeks near Station Road,Street Lighting
2060,A clerk asked for extra money to process ration card in Perambur,Corruption
2061,Government hospital near Bypass Road lacks basic medicines,Health
2062,Signboards are missing at the Ring Road intersection,Traffic
2063,Long waiting times reported at Perambur government hospital,Health
2064,Overcrowded classrooms reported in Nungambakkam government school,Education
2065,A government official asked for extra money to process ration card in the government school area,Corruption
2066,Air pollution levels are high near the factory in Egmore,Environment
2067,A municipal worker asked for extra money to process ration card in Phase 2,Corruption
2068,Long waiting times reported at Kodambakkam government hospital,Health
2069,Money was demanded for processing a pension application in Pallavaram,Corruption
2070,No specialist doctor visits the Adyar health center,Health
2071,"New street light pole is needed on Bazaar Street, Tambaram",Street Lighting
2072,Solar street lights installed in Adyar are non functional,Street Lighting
2073,Teacher is absent regularly at the Block C government school,Education
2074,Frequent power cuts are occurring in T Nagar,Electricity
2075,Electric pole near Church Street is leaning dangerously,Electricity
2076,Power supply tripped and not restored for 11 hours in Saidapet,Electricity
2077,Money was demanded for processing a pension application in the industrial estate,Corruption
2078,Plastic waste dumped near the water body in the main market road,Environment
2079,Money was demanded for processing a pension application in the housing board colony,Corruption
2080,Government hospital near Market Road lacks basic medicines,Health
2081,"Traffic signal is damaged at Temple Street junction, T Nagar",Traffic
2082,No traffic police present at busy junction near Bazaar Street,Traffic
2083,Overcrowded buses are running on the Egmore route,Public Transport
2084,Dead animal left uncollected on Market Road in Anna Nagar,Waste Management
2085,Money was demanded for processing a pension application in Royapettah,Corruption
2086,Illegal dumping of waste is happening near School Lane,Waste Management
2087,Water pipe burst near Market Road in Ambattur,Water Supply
2088,Segregated waste is being mixed by collection staff in Kodambakkam,Waste Management
2089,"No signal at the school crossing near MG Road, Sector 5",Traffic
2090,Burning of waste is causing smoke in Chromepet,Environment
2091,Corruption reported in distribution of government scheme benefits in Kodambakkam,Corruption
2092,Street lights are not working on School Lane in Mylapore,Street Lighting
2093,Money was demanded for processing a pension application in the panchayat office area,Corruption
2094,Hospital in Phase 2 lacks cleanliness and hygiene,Health
2095,Air pollution levels are high near the factory in Perambur,Environment
2096,Dumping ground near Guindy is causing bad odor,Waste Management
2097,"New street light pole is needed on Temple Street, Saidapet",Street Lighting
2098,Bus conductor misbehaved with passengers on Block C route,Public Transport
2099,No security personnel at the public park in Pallavaram,Public Safety
2100,Deep pit left uncovered near Bypass Road in near the temple,Public Safety
2101,Auto drivers are refusing to use the meter near School Lane,Public Transport
2102,"New street light pole is needed on North Street, T Nagar",Street Lighting
2103,Illegal sand mining reported near the railway station road,Environment
2104,Garbage collection truck has not come to Alwarpet for 10 days,Waste Management
2105,Overcrowded buses are running on the Nungambakkam route,Public Transport
2106,Solar street lights installed in Mylapore are non functional,Street Lighting
2107,Auto drivers are refusing to use the meter near MG Road,Public Transport
2108,Someone demanded a bribe for approval of a document in Kodambakkam,Corruption
2109,Bribe was demanded for issuing a building permit in Ward 12,Corruption
2110,"No signal at the school crossing near Nehru Street, near the temple",Traffic
2111,Construction debris left on MG Road blocking traffic,Road Maintenance
2112,Billing error in electricity charges for the railway station road residents,Electricity
2113,School lacks drinking water facility in the government school area,Education
2114,Newly laid road on North Street is already damaged,Road Maintenance
2115,Road near Market Road has not been repaired after monsoon,Road Maintenance
2116,Garbage is overflowing near School Lane in Pallavaram,Waste Management
2117,Textbooks not distributed on time in the railway station road schools,Education
2118,Bus conductor misbehaved with passengers on Velachery route,Public Transport
2119,Open manhole causing danger on Nehru Street in near the temple,Public Safety
2120,Electricity is unavailable in Saidapet for the past 7 days,Electricity
2121,Streetside electric meter is sparking in T Nagar,Electricity
2122,Electric pole near Gandhi Street is leaning dangerously,Electricity
2123,Long waiting times reported at the main market road government hospital,Health
2124,Bus conductor misbehaved with passengers on the railway station road route,Public Transport
2125,Vaccination camp was cancelled without notice in Saidapet,Health
2126,Hospital in T Nagar lacks cleanliness and hygiene,Health
2127,"Traffic signal is damaged at MG Road junction, Velachery",Traffic
2128,Last bus timing has been cancelled for Guindy,Public Transport
2129,Overcrowded buses are running on the the government school area route,Public Transport
2130,"New street light pole is needed on Gandhi Street, Porur",Street Lighting
2131,Speed breakers are missing near the school on Ring Road,Road Maintenance
2132,Road divider near Park Avenue is broken,Road Maintenance
2133,Overcrowded classrooms reported in Mylapore government school,Education
2134,Zebra crossing markings have faded on North Street,Traffic
2135,Corruption reported in distribution of government scheme benefits in the old bus stand area,Corruption
2136,Bus conductor misbehaved with passengers on Kodambakkam route,Public Transport
2137,Money was demanded for processing a pension application in Tambaram,Corruption
2138,Construction debris left on School Lane blocking traffic,Road Maintenance
2139,Open manhole causing danger on Main Road in the railway station road,Public Safety
2140,Government hospital near Church Street lacks basic medicines,Health
2141,Ambulance service is delayed in Phase 2,Health
2142,Bus conductor misbehaved with passengers on the railway station road route,Public Transport
2143,Ambulance service is delayed in Royapettah,Health
2144,Exposed wires near Station Road pose a danger to residents,Electricity
2145,School lacks drinking water facility in Porur,Education
2146,Overcrowded buses are running on the Saidapet route,Public Transport
2147,Frequent power cuts are occurring in near the temple,Electricity
2148,Voltage fluctuation is damaging appliances in Saidapet,Electricity
2149,Frequent traffic congestion on North Street during peak hours,Traffic
2150,Bribe was demanded for issuing a building permit in Vadapalani,Corruption
2151,Bribe was demanded for issuing a building permit in Ward 12,Corruption
2152,Dumping ground near Perambur is causing bad odor,Waste Management
2153,School lacks drinking water facility in the railway station road,Education
2154,Auto drivers are refusing to use the meter near Bazaar Street,Public Transport
2155,Solar street lights installed in Kodambakkam are non functional,Street Lighting
2156,Stray dogs are attacking residents in near the temple,Public Safety
2157,Street light flickers continuously on School Lane,Street Lighting
2158,Road near Ring Road has not been repaired after monsoon,Road Maintenance
2159,Government hospital near MG Road lacks basic medicines,Health
2160,Garbage collection truck has not come to near the temple for 5 days,Waste Management
2161,Government hospital near Church Street lacks basic medicines,Health
2162,Stray dogs are attacking residents in Vadapalani,Public Safety
2163,Overcrowded buses are running on the near the temple route,Public Transport
2164,"Low water pressure reported near Station Road, the old bus stand area",Water Supply
2165,Plastic waste dumped near the water body in Egmore,Environment
2166,Bus frequency has reduced drastically on Tambaram route,Public Transport
2167,School building near Temple Street needs urgent repair,Education
2168,Burning of waste is causing smoke in Saidapet,Environment
2169,Government hospital near South Street lacks basic medicines,Health
2170,Exposed wires near Park Avenue pose a danger to residents,Electricity
2171,Traffic signal timing is too short at Bypass Road,Traffic
2172,Mid day meal quality is poor at the old bus stand area school,Education
2173,Traffic signal timing is too short at Bypass Road,Traffic
2174,Frequent traffic congestion on Park Avenue during peak hours,Traffic
2175,A municipal worker is taking bribes for water connection approvals in Kolathur,Corruption
2176,Waterlogging occurs on Park Avenue during rains,Road Maintenance
2177,New electricity connection is delayed in Tambaram,Electricity
2178,No specialist doctor visits the Pallavaram health center,Health
2179,Bribe was demanded for issuing a building permit in the industrial estate,Corruption
2180,Government hospital near Nehru Street lacks basic medicines,Health
2181,Dark stretch on Temple Street due to broken street lights,Street Lighting
2182,Vaccination camp was cancelled without notice in the old bus stand area,Health
2183,Signboards are missing at the Station Road intersection,Traffic
2184,Someone demanded a bribe for approval of a document in Kodambakkam,Corruption
2185,Water pipe burst near School Lane in Tambaram,Water Supply
2186,Streetside electric meter is sparking in Adyar,Electricity
2187,Broken compound wall near School Lane is a safety hazard,Public Safety
2188,Illegal dumping of waste is happening near School Lane,Waste Management
2189,Open manhole causing danger on Gandhi Street in Royapettah,Public Safety
2190,Overcrowded classrooms reported in the housing board colony government school,Education
2191,Bus stop shelter near Church Street is damaged,Public Transport
2192,Solar street lights installed in Sector 5 are non functional,Street Lighting
2193,Public dustbin near Bazaar Street is broken and overflowing,Waste Management
2194,"Low water pressure reported near Bazaar Street, Block C",Water Supply
2195,Stray dogs are attacking residents in Kolathur,Public Safety
2196,"Street lights remain on during daytime in Alwarpet, wasting power",Street Lighting
2197,No traffic police present at busy junction near Bazaar Street,Traffic
2198,School lacks drinking water facility in Perambur,Education
2199,Newly laid road on MG Road is already damaged,Road Maintenance
2200,Illegal dumping of waste is happening near Bypass Road,Waste Management
2201,Voltage fluctuation is damaging appliances in Sector 5,Electricity
2202,Stray dogs are attacking residents in Royapettah,Public Safety
2203,Illegal parking is causing traffic jams on Park Avenue,Traffic
2204,Frequent power cuts are occurring in the old bus stand area,Electricity
2205,Traffic signal timing is too short at Ring Road,Traffic
2206,Broken compound wall near Market Road is a safety hazard,Public Safety
2207,School in the industrial estate lacks proper toilet facilities,Education
2208,Overcrowded classrooms reported in Royapettah government school,Education
2209,Illegal sand mining reported near the panchayat office area,Environment
2210,Road near MG Road has not been repaired after monsoon,Road Maintenance
2211,Water tanker did not arrive in Perambur as scheduled,Water Supply
2212,Noise pollution from construction near Bazaar Street at night,Environment
2213,Bribe was demanded for issuing a building permit in Pallavaram,Corruption
2214,Bus service is irregular on the Porur route,Public Transport
2215,Solar street lights installed in the railway station road are non functional,Street Lighting
2216,Garbage is overflowing near MG Road in Block C,Waste Management
2217,Water body near Royapettah is being polluted by industrial waste,Environment
2218,Illegal parking is causing traffic jams on South Street,Traffic
2219,Road divider near Station Road is broken,Road Maintenance
2220,Construction debris left on Temple Street blocking traffic,Road Maintenance
2221,Noise pollution from construction near Market Road at night,Environment
2222,Contaminated water is being supplied in the industrial estate,Water Supply
2223,Encroachment on the lake near near the temple is destroying wetlands,Environment
2224,Overhead tank in Anna Nagar has not been cleaned in months,Water Supply
2225,"Street lights remain on during daytime in Mylapore, wasting power",Street Lighting
2226,Textbooks not distributed on time in the railway station road schools,Education
2227,Mid day meal quality is poor at Saidapet school,Education
2228,Electricity is unavailable in Vadapalani for the past 13 days,Electricity
2229,Street lights are not working on South Street in Kolathur,Street Lighting
2230,Speed breakers are missing near the school on Church Street,Road Maintenance
2231,No bus service available to Chromepet after 8 pm,Public Transport
2232,Road divider near Gandhi Street is broken,Road Maintenance
2233,Overcrowded buses are running on the Block C route,Public Transport
2234,Water body near T Nagar is being polluted by industrial waste,Environment
2235,A local shopkeeper asked for extra money to process ration card in Nungambakkam,Corruption
2236,School lacks drinking water facility in the industrial estate,Education
2237,No bus service available to Chromepet after 8 pm,Public Transport
2238,Borewell in Block C has run dry,Water Supply
2239,Bus service is irregular on the Anna Nagar route,Public Transport
2240,Textbooks not distributed on time in T Nagar schools,Education
2241,Newly laid road on Bypass Road is already damaged,Road Maintenance
2242,Overcrowded buses are running on the Guindy route,Public Transport
2243,Ambulance service is delayed in Anna Nagar,Health
2244,No bus service available to Pallavaram after 8 pm,Public Transport
2245,Street light flickers continuously on MG Road,Street Lighting
2246,Illegal dumping of waste is happening near School Lane,Waste Management
2247,Illegal tree cutting is happening near Nehru Street in Mylapore,Environment
2248,Dead animal left uncollected on Ring Road in Porur,Waste Management
2249,Water tanker did not arrive in Kodambakkam as scheduled,Water Supply
2250,Encroachment on the lake near Chromepet is destroying wetlands,Environment
2251,Water tanker did not arrive in Egmore as scheduled,Water Supply
2252,Transformer near Bazaar Street in Kolathur is not working,Electricity
2253,Speed breakers are missing near the school on Gandhi Street,Road Maintenance
2254,Noise pollution from construction near Temple Street at night,Environment
2255,School in Guindy lacks proper toilet facilities,Education
2256,Electric pole near Main Road is leaning dangerously,Electricity
2257,Deep pit left uncovered near Nehru Street in the panchayat office area,Public Safety
2258,Unsafe construction site near South Street lacks barricades,Public Safety
2259,Water pipe burst near Bypass Road in the main market road,Water Supply
2260,Money was demanded for processing a pension application in Pallavaram,Corruption
2261,Electric pole near Bypass Road is leaning dangerously,Electricity
2262,"New street light pole is needed on Main Road, Pallavaram",Street Lighting
2263,Exposed wires near Park Avenue pose a danger to residents,Electricity
2264,Traffic signal timing is too short at Nehru Street,Traffic
2265,Electricity is unavailable in Anna Nagar for the past 4 days,Electricity
2266,Electricity is unavailable in Egmore for the past 14 days,Electricity
2267,Dead animal left uncollected on Park Avenue in the main market road,Waste Management
2268,Road divider near South Street is broken,Road Maintenance
2269,Solar street lights installed in Porur are non functional,Street Lighting
2270,Traffic signal timing is too short at Gandhi Street,Traffic
2271,Hospital in Ambattur lacks cleanliness and hygiene,Health
2272,Bus frequency has reduced drastically on Anna Nagar route,Public Transport
2273,Street light flickers continuously on South Street,Street Lighting
2274,Burning of waste is causing smoke in the panchayat office area,Environment
2275,Burning of waste is causing smoke in Adyar,Environment
2276,Auto drivers are refusing to use the meter near Nehru Street,Public Transport
2277,Construction debris left on Temple Street blocking traffic,Road Maintenance
2278,Corruption reported in distribution of government scheme benefits in Ward 12,Corruption
2279,Signboards are missing at the Main Road intersection,Traffic
2280,Illegal sand mining reported near Kodambakkam,Environment
2281,Exposed wires near Station Road pose a danger to residents,Electricity
2282,Garbage is overflowing near Gandhi Street in the housing board colony,Waste Management
2283,Stray dogs are attacking residents in Phase 2,Public Safety
2284,Water tanker did not arrive in Anna Nagar as scheduled,Water Supply
2285,Noise pollution from construction near Nehru Street at night,Environment
2286,Primary health center in Alwarpet is understaffed,Health
2287,Illegal sand mining reported near Ambattur,Environment
2288,Huge potholes on Nehru Street in Phase 2,Road Maintenance
2289,Deep pit left uncovered near Station Road in Perambur,Public Safety
2290,Public dustbin near MG Road is broken and overflowing,Waste Management
2291,No water connection provided despite application in Sector 5,Water Supply
2292,Mid day meal quality is poor at Vadapalani school,Education
2293,There is no drinking water in Block C for the past 8 days,Water Supply
2294,Water supply has been irregular in the main market road for 13 weeks,Water Supply
2295,"New street light pole is needed on Nehru Street, Chromepet",Street Lighting
2296,Street light wiring is exposed and dangerous in Sector 5,Street Lighting
2297,Live wire lying on North Street poses electrocution risk,Public Safety
2298,Hospital in Sector 5 lacks cleanliness and hygiene,Health
2299,Electricity is unavailable in Pallavaram for the past 13 days,Electricity
2300,Encroachment on the lake near near the temple is destroying wetlands,Environment
2301,"Low water pressure reported near North Street, Sector 5",Water Supply
2302,Streetside electric meter is sparking in the government school area,Electricity
2303,Voltage fluctuation is damaging appliances in Perambur,Electricity
2304,Road near Church Street has not been repaired after monsoon,Road Maintenance
2305,New electricity connection is delayed in Block C,Electricity
2306,Bus frequency has reduced drastically on T Nagar route,Public Transport
2307,Someone demanded a bribe for approval of a document in Nungambakkam,Corruption
2308,"Low water pressure reported near Bypass Road, Pallavaram",Water Supply
2309,Water pipe burst near South Street in Guindy,Water Supply
2310,Primary health center in Guindy is understaffed,Health
2311,Illegal tree cutting is happening near South Street in Royapettah,Environment
2312,"Traffic signal is damaged at South Street junction, Block C",Traffic
2313,Electricity is unavailable in Perambur for the past 8 days,Electricity
2314,Auto drivers are refusing to use the meter near Main Road,Public Transport
2315,Signboards are missing at the Church Street intersection,Traffic
2316,School lacks drinking water facility in Anna Nagar,Education
2317,Encroachment on the lake near Block C is destroying wetlands,Environment
2318,Leaking pipeline is wasting water on Market Road,Water Supply
2319,Abandoned building near Bazaar Street is unsafe for children,Public Safety
2320,Illegal parking is causing traffic jams on Nehru Street,Traffic
2321,Water pipe burst near Market Road in Vadapalani,Water Supply
2322,Frequent power cuts are occurring in Block C,Electricity
2323,Mid day meal quality is poor at Royapettah school,Education
2324,Frequent traffic congestion on MG Road during peak hours,Traffic
2325,Last bus timing has been cancelled for Porur,Public Transport
2326,A government official asked for extra money to process ration card in the government school area,Corruption
2327,Waterlogging occurs on Church Street during rains,Road Maintenance
2328,Power supply tripped and not restored for 13 hours in Porur,Electricity
2329,No security personnel at the public park in the housing board colony,Public Safety
2330,Power supply tripped and not restored for 2 hours in Sector 5,Electricity
2331,Billing error in electricity charges for Pallavaram residents,Electricity
2332,No science teacher appointed at Alwarpet school for 8 months,Education
2333,Segregated waste is being mixed by collection staff in the industrial estate,Waste Management
2334,Transformer near Ring Road in Perambur is not working,Electricity
2335,Road near Ring Road has not been repaired after monsoon,Road Maintenance
2336,A government official asked for extra money to process ration card in Tambaram,Corruption
2337,"No footpath available on South Street, pedestrians face danger",Road Maintenance
2338,Textbooks not distributed on time in the industrial estate schools,Education
2339,Solar street lights installed in Mylapore are non functional,Street Lighting
2340,Live wire lying on Bypass Road poses electrocution risk,Public Safety
2341,Frequent power cuts are occurring in Nungambakkam,Electricity
2342,Exposed wires near Market Road pose a danger to residents,Electricity
2343,Bus stop shelter near Park Avenue is damaged,Public Transport
2344,Overcrowded buses are running on the Egmore route,Public Transport
2345,Billing error in electricity charges for Vadapalani residents,Electricity
2346,Burning of waste is causing smoke in the housing board colony,Environment
2347,Newly laid road on MG Road is already damaged,Road Maintenance
2348,Waterlogging occurs on Main Road during rains,Road Maintenance
2349,School in Kolathur lacks proper toilet facilities,Education
2350,Frequent power cuts are occurring in the old bus stand area,Electricity
2351,Zebra crossing markings have faded on MG Road,Traffic
2352,"New street light pole is needed on Station Road, the housing board colony",Street Lighting
2353,Air pollution levels are high near the factory in Ward 12,Environment
2354,"No signal at the school crossing near Church Street, near the temple",Traffic
2355,"Low water pressure reported near Main Road, the railway station road",Water Supply
2356,New electricity connection is delayed in the main market road,Electricity
2357,Illegal dumping of waste is happening near North Street,Waste Management
2358,"Traffic signal is damaged at Gandhi Street junction, Porur",Traffic
2359,Open manhole causing danger on Bazaar Street in Mylapore,Public Safety
2360,Billing error in electricity charges for Nungambakkam residents,Electricity
2361,Money was demanded for processing a pension application in Ambattur,Corruption
2362,Hospital in Ambattur lacks cleanliness and hygiene,Health
2363,Power supply tripped and not restored for 7 hours in the industrial estate,Electricity
2364,Road near MG Road has not been repaired after monsoon,Road Maintenance
2365,"Low water pressure reported near North Street, Perambur",Water Supply
2366,Dark stretch on Ring Road due to broken street lights,Street Lighting
2367,Encroachment on the lake near Velachery is destroying wetlands,Environment
2368,Garbage is overflowing near Church Street in the old bus stand area,Waste Management
2369,Huge potholes on Church Street in Kolathur,Road Maintenance
2370,New electricity connection is delayed in Velachery,Electricity
2371,Mid day meal quality is poor at Ward 12 school,Education
2372,Illegal sand mining reported near Chromepet,Environment
2373,No security personnel at the public park in the main market road,Public Safety
2374,Traffic signal timing is too short at School Lane,Traffic
2375,Auto drivers are refusing to use the meter near Gandhi Street,Public Transport
2376,Street light flickers continuously on Park Avenue,Street Lighting
2377,Speed breakers are missing near the school on Gandhi Street,Road Maintenance
2378,No security personnel at the public park in Saidapet,Public Safety
2379,No science teacher appointed at Alwarpet school for 2 months,Education
2380,Last bus timing has been cancelled for Nungambakkam,Public Transport
2381,Dark stretch on Church Street due to broken street lights,Street Lighting
2382,Illegal tree cutting is happening near Church Street in Anna Nagar,Environment
2383,Power supply tripped and not restored for 7 hours in Kodambakkam,Electricity
2384,Waterlogging occurs on Bypass Road during rains,Road Maintenance
2385,Speed breakers are missing near the school on North Street,Road Maintenance
2386,Illegal dumping of waste is happening near Park Avenue,Waste Management
2387,Broken compound wall near Ring Road is a safety hazard,Public Safety
2388,Segregated waste is being mixed by collection staff in the panchayat office area,Waste Management
2389,Borewell in the railway station road has run dry,Water Supply
2390,Stray dogs are attacking residents in Vadapalani,Public Safety
2391,School in near the temple lacks proper toilet facilities,Education
2392,Hospital in Guindy lacks cleanliness and hygiene,Health
2393,Illegal sand mining reported near Mylapore,Environment
2394,Segregated waste is being mixed by collection staff in Egmore,Waste Management
2395,Traffic signal timing is too short at Nehru Street,Traffic
2396,Unsafe construction site near Main Road lacks barricades,Public Safety
2397,Mid day meal quality is poor at Guindy school,Education
2398,Power supply tripped and not restored for 4 hours in Block C,Electricity
2399,Noise pollution from construction near Bazaar Street at night,Environment
2400,Garbage is overflowing near Nehru Street in Chromepet,Waste Management
2401,"No footpath available on Market Road, pedestrians face danger",Road Maintenance
2402,Illegal sand mining reported near Saidapet,Environment
2403,"No footpath available on MG Road, pedestrians face danger",Road Maintenance
2404,Open manhole causing danger on Bypass Road in Egmore,Public Safety
2405,No science teacher appointed at the main market road school for 15 months,Education
2406,No security personnel at the public park in Perambur,Public Safety
2407,"No signal at the school crossing near Temple Street, Velachery",Traffic
2408,Money was demanded for processing a pension application in the housing board colony,Corruption
2409,Street light wiring is exposed and dangerous in Velachery,Street Lighting
2410,Speed breakers are missing near the school on Market Road,Road Maintenance
2411,No science teacher appointed at Mylapore school for 8 months,Education
2412,Long waiting times reported at Porur government hospital,Health
2413,Long waiting times reported at Alwarpet government hospital,Health
2414,Street light wiring is exposed and dangerous in the main market road,Street Lighting
2415,Overcrowded buses are running on the the government school area route,Public Transport
2416,Waterlogging occurs on Bazaar Street during rains,Road Maintenance
2417,Live wire lying on School Lane poses electrocution risk,Public Safety
2418,Last bus timing has been cancelled for Anna Nagar,Public Transport
2419,Speed breakers are missing near the school on Bypass Road,Road Maintenance
2420,No traffic police present at busy junction near School Lane,Traffic
2421,Air pollution levels are high near the factory in Kolathur,Environment
2422,Street lights are not working on Bazaar Street in the main market road,Street Lighting
2423,Overcrowded buses are running on the Tambaram route,Public Transport
2424,Teacher is absent regularly at the Ward 12 government school,Education
2425,Dark stretch on Main Road due to broken street lights,Street Lighting
2426,Waterlogging occurs on Market Road during rains,Road Maintenance
2427,Bus frequency has reduced drastically on Pallavaram route,Public Transport
2428,Road divider near Main Road is broken,Road Maintenance
2429,There is no drinking water in the panchayat office area for the past 6 days,Water Supply
2430,"New street light pole is needed on South Street, Kodambakkam",Street Lighting
2431,Primary health center in Anna Nagar is understaffed,Health
2432,3 street lights have been off for weeks near Park Avenue,Street Lighting
2433,Garbage is overflowing near School Lane in Block C,Waste Management
2434,Signboards are missing at the South Street intersection,Traffic
2435,"No signal at the school crossing near Nehru Street, Egmore",Traffic
2436,An officer at the counter asked for extra money to process ration card in the industrial estate,Corruption
2437,Someone demanded a bribe for approval of a document in the industrial estate,Corruption
2438,Water supply has been irregular in the government school area for 8 weeks,Water Supply
2439,"New street light pole is needed on Park Avenue, Vadapalani",Street Lighting
2440,Open manhole causing danger on North Street in the industrial estate,Public Safety
2441,School lacks drinking water facility in Tambaram,Education
2442,Hospital in Egmore has no doctors available,Health
2443,No traffic police present at busy junction near School Lane,Traffic
2444,No specialist doctor visits the the old bus stand area health center,Health
2445,No traffic police present at busy junction near Nehru Street,Traffic
2446,Hospital in Block C lacks cleanliness and hygiene,Health
2447,Illegal tree cutting is happening near Bazaar Street in Kodambakkam,Environment
2448,Primary health center in Vadapalani is understaffed,Health
2449,Electricity is unavailable in Guindy for the past 4 days,Electricity
2450,Textbooks not distributed on time in the railway station road schools,Education
2451,2 street lights have been off for weeks near Bazaar Street,Street Lighting
2452,Garbage collection truck has not come to Anna Nagar for 14 days,Waste Management
2453,Overcrowded classrooms reported in the main market road government school,Education
2454,6 street lights have been off for weeks near South Street,Street Lighting
2455,Road divider near Ring Road is broken,Road Maintenance
2456,Construction debris left on School Lane blocking traffic,Road Maintenance
2457,Last bus timing has been cancelled for Sector 5,Public Transport
2458,A local shopkeeper asked for extra money to process ration card in Kolathur,Corruption
2459,Burning of waste is causing smoke in Block C,Environment
2460,10 street lights have been off for weeks near Nehru Street,Street Lighting
2461,Street light flickers continuously on Gandhi Street,Street Lighting
2462,School in Anna Nagar lacks proper toilet facilities,Education
2463,Noise pollution from construction near School Lane at night,Environment
2464,Traffic signal timing is too short at Bypass Road,Traffic
2465,Frequent power cuts are occurring in Adyar,Electricity
2466,Open manhole causing danger on Ring Road in Royapettah,Public Safety
2467,Auto drivers are refusing to use the meter near Bazaar Street,Public Transport
2468,Illegal parking is causing traffic jams on Gandhi Street,Traffic
2469,No traffic police present at busy junction near Main Road,Traffic
2470,Construction debris left on School Lane blocking traffic,Road Maintenance
2471,Last bus timing has been cancelled for Kodambakkam,Public Transport
2472,Auto drivers are refusing to use the meter near North Street,Public Transport
2473,Exposed wires near Temple Street pose a danger to residents,Electricity
2474,Speed breakers are missing near the school on Bazaar Street,Road Maintenance
2475,Speed breakers are missing near the school on Gandhi Street,Road Maintenance
2476,Auto drivers are refusing to use the meter near Park Avenue,Public Transport
2477,Teacher is absent regularly at the Egmore government school,Education
2478,Air pollution levels are high near the factory in T Nagar,Environment
2479,Segregated waste is being mixed by collection staff in Anna Nagar,Waste Management
2480,Bribe was demanded for issuing a building permit in Ward 12,Corruption
2481,School building near Main Road needs urgent repair,Education
2482,Garbage collection truck has not come to the panchayat office area for 9 days,Waste Management
2483,No water connection provided despite application in Porur,Water Supply
2484,Ambulance service is delayed in Perambur,Health
2485,Deep pit left uncovered near Temple Street in Sector 5,Public Safety
2486,Segregated waste is being mixed by collection staff in Block C,Waste Management
2487,Noise pollution from construction near Market Road at night,Environment
2488,Newly laid road on Nehru Street is already damaged,Road Maintenance
2489,Illegal tree cutting is happening near Gandhi Street in the railway station road,Environment
2490,Illegal dumping of waste is happening near North Street,Waste Management
2491,Abandoned building near Bazaar Street is unsafe for children,Public Safety
2492,Zebra crossing markings have faded on Nehru Street,Traffic
2493,Frequent power cuts are occurring in Sector 5,Electricity
2494,Overcrowded classrooms reported in Adyar government school,Education
2495,"New street light pole is needed on Bazaar Street, Chromepet",Street Lighting
2496,Water pipe burst near Nehru Street in the industrial estate,Water Supply
2497,No security personnel at the public park in Saidapet,Public Safety
2498,Long waiting times reported at the old bus stand area government hospital,Health
2499,Traffic signal timing is too short at Bypass Road,Traffic
2500,Dumping ground near the industrial estate is causing bad odor,Waste Management
2501,Dumping ground near T Nagar is causing bad odor,Waste Management
2502,Plastic waste dumped near the water body in the government school area,Environment
2503,Signboards are missing at the Gandhi Street intersection,Traffic
2504,Someone demanded a bribe for approval of a document in Pallavaram,Corruption
2505,Broken compound wall near South Street is a safety hazard,Public Safety
2506,Construction debris left on Market Road blocking traffic,Road Maintenance
2507,"New street light pole is needed on Park Avenue, the panchayat office area",Street Lighting
2508,Transformer near Temple Street in Adyar is not working,Electricity
2509,No waste collection service provided in Saidapet colony,Waste Management
2510,"Traffic signal is damaged at Temple Street junction, the main market road",Traffic
2511,Traffic signal timing is too short at Bypass Road,Traffic
2512,Money was demanded for processing a pension application in Nungambakkam,Corruption
2513,Air pollution levels are high near the factory in Alwarpet,Environment
2514,Water pipe burst near Station Road in the government school area,Water Supply
2515,Last bus timing has been cancelled for T Nagar,Public Transport
2516,Street light wiring is exposed and dangerous in Ward 12,Street Lighting
2517,Frequent power cuts are occurring in the old bus stand area,Electricity
2518,Last bus timing has been cancelled for Saidapet,Public Transport
2519,Vaccination camp was cancelled without notice in the government school area,Health
2520,Government hospital near Temple Street lacks basic medicines,Health
2521,No traffic police present at busy junction near Nehru Street,Traffic
2522,Traffic signal timing is too short at Station Road,Traffic
2523,Dark stretch on Ring Road due to broken street lights,Street Lighting
2524,New electricity connection is delayed in Nungambakkam,Electricity
2525,Construction debris left on School Lane blocking traffic,Road Maintenance
2526,Contaminated water is being supplied in Pallavaram,Water Supply
2527,No specialist doctor visits the Anna Nagar health center,Health
2528,Frequent traffic congestion on Station Road during peak hours,Traffic
2529,Corruption reported in distribution of government scheme benefits in Mylapore,Corruption
2530,"No signal at the school crossing near Gandhi Street, Block C",Traffic
2531,Road near Ring Road has not been repaired after monsoon,Road Maintenance
2532,Newly laid road on South Street is already damaged,Road Maintenance
2533,Frequent traffic congestion on Temple Street during peak hours,Traffic
2534,No science teacher appointed at Royapettah school for 5 months,Education
2535,School building near School Lane needs urgent repair,Education
2536,School in Nungambakkam lacks proper toilet facilities,Education
2537,Signboards are missing at the Station Road intersection,Traffic
2538,Voltage fluctuation is damaging appliances in Block C,Electricity
2539,New electricity connection is delayed in Anna Nagar,Electricity
2540,Water tanker did not arrive in Adyar as scheduled,Water Supply
2541,Voltage fluctuation is damaging appliances in Anna Nagar,Electricity
2542,Construction debris left on South Street blocking traffic,Road Maintenance
2543,Bus frequency has reduced drastically on Egmore route,Public Transport
2544,No specialist doctor visits the Velachery health center,Health
2545,Exposed wires near Bazaar Street pose a danger to residents,Electricity
2546,Exposed wires near Temple Street pose a danger to residents,Electricity
2547,Teacher is absent regularly at the the industrial estate government school,Education
2548,Dumping ground near Adyar is causing bad odor,Waste Management
2549,Official at the the old bus stand area office is demanding money for a certificate,Corruption
2550,Illegal parking is causing traffic jams on Ring Road,Traffic
2551,No water connection provided despite application in the main market road,Water Supply
2552,Street light wiring is exposed and dangerous in Ward 12,Street Lighting
2553,Bus stop shelter near Bazaar Street is damaged,Public Transport
2554,Street lights are not working on Church Street in Porur,Street Lighting
2555,Waterlogging occurs on Temple Street during rains,Road Maintenance
2556,Overcrowded buses are running on the Sector 5 route,Public Transport
2557,Bus service is irregular on the Royapettah route,Public Transport
2558,Long waiting times reported at Tambaram government hospital,Health
2559,Encroachment on the lake near the industrial estate is destroying wetlands,Environment
2560,Water pipe burst near Bypass Road in near the temple,Water Supply
2561,School in the railway station road lacks proper toilet facilities,Education
2562,Road divider near Nehru Street is broken,Road Maintenance
2563,New electricity connection is delayed in Saidapet,Electricity
2564,"No signal at the school crossing near Bazaar Street, Adyar",Traffic
2565,Electricity is unavailable in Royapettah for the past 6 days,Electricity
2566,Frequent traffic congestion on North Street during peak hours,Traffic
2567,Water tanker did not arrive in Ambattur as scheduled,Water Supply
2568,Dumping ground near the industrial estate is causing bad odor,Waste Management
2569,Stray dogs are attacking residents in the old bus stand area,Public Safety
2570,No water connection provided despite application in Guindy,Water Supply
2571,No science teacher appointed at Pallavaram school for 8 months,Education
2572,Live wire lying on Church Street poses electrocution risk,Public Safety
2573,Overcrowded buses are running on the the old bus stand area route,Public Transport
2574,Overcrowded buses are running on the Velachery route,Public Transport
2575,Construction debris left on Station Road blocking traffic,Road Maintenance
2576,Solar street lights installed in the main market road are non functional,Street Lighting
2577,Overcrowded buses are running on the Mylapore route,Public Transport
2578,Someone demanded a bribe for approval of a document in Kodambakkam,Corruption
2579,Illegal dumping of waste is happening near School Lane,Waste Management
2580,Water supply has been irregular in the railway station road for 9 weeks,Water Supply
2581,"Traffic signal is damaged at Nehru Street junction, Ward 12",Traffic
2582,Air pollution levels are high near the factory in the housing board colony,Environment
2583,Teacher is absent regularly at the the panchayat office area government school,Education
2584,Dark stretch on Ring Road due to broken street lights,Street Lighting
2585,Road divider near Nehru Street is broken,Road Maintenance
2586,Open manhole causing danger on Bazaar Street in Ward 12,Public Safety
2587,Hospital in Sector 5 lacks cleanliness and hygiene,Health
2588,Stray dogs are attacking residents in Porur,Public Safety
2589,Hospital in Guindy has no doctors available,Health
2590,Open manhole causing danger on Main Road in Alwarpet,Public Safety
2591,Water pipe burst near Ring Road in Royapettah,Water Supply
2592,Billing error in electricity charges for Block C residents,Electricity
2593,"No footpath available on Station Road, pedestrians face danger",Road Maintenance
2594,Waterlogging occurs on Temple Street during rains,Road Maintenance
2595,"No footpath available on Nehru Street, pedestrians face danger",Road Maintenance
2596,No bus service available to Sector 5 after 8 pm,Public Transport
2597,Solar street lights installed in Pallavaram are non functional,Street Lighting
2598,Dark stretch on Temple Street due to broken street lights,Street Lighting
2599,School building near Ring Road needs urgent repair,Education
2600,No security personnel at the public park in the housing board colony,Public Safety
2601,Zebra crossing markings have faded on Nehru Street,Traffic
2602,Dumping ground near Pallavaram is causing bad odor,Waste Management
2603,Plastic waste dumped near the water body in Alwarpet,Environment
2604,Water body near Chromepet is being polluted by industrial waste,Environment
2605,Traffic signal timing is too short at South Street,Traffic
2606,School building near Main Road needs urgent repair,Education
2607,Dark stretch on Gandhi Street due to broken street lights,Street Lighting
2608,No traffic police present at busy junction near Bypass Road,Traffic
2609,Overcrowded buses are running on the the government school area route,Public Transport
2610,Frequent traffic congestion on Market Road during peak hours,Traffic
2611,Segregated waste is being mixed by collection staff in the main market road,Waste Management
2612,Signboards are missing at the Station Road intersection,Traffic
2613,Illegal sand mining reported near Saidapet,Environment
2614,Illegal dumping of waste is happening near North Street,Waste Management
2615,Auto drivers are refusing to use the meter near North Street,Public Transport
2616,Construction debris left on South Street blocking traffic,Road Maintenance
2617,No science teacher appointed at Mylapore school for 3 months,Education
2618,Ambulance service is delayed in Guindy,Health
2619,Deep pit left uncovered near Temple Street in Saidapet,Public Safety
2620,Noise pollution from construction near Temple Street at night,Environment
2621,Bus frequency has reduced drastically on the panchayat office area route,Public Transport
2622,Overcrowded buses are running on the Chromepet route,Public Transport
2623,Plastic waste dumped near the water body in Anna Nagar,Environment
2624,Teacher is absent regularly at the the main market road government school,Education
2625,Segregated waste is being mixed by collection staff in Sector 5,Waste Management
2626,Newly laid road on MG Road is already damaged,Road Maintenance
2627,New electricity connection is delayed in Kolathur,Electricity
2628,Dumping ground near Anna Nagar is causing bad odor,Waste Management
2629,Corruption reported in distribution of government scheme benefits in Saidapet,Corruption
2630,Bus stop shelter near MG Road is damaged,Public Transport
2631,Someone demanded a bribe for approval of a document in Porur,Corruption
2632,Open manhole causing danger on South Street in the main market road,Public Safety
2633,Plastic waste dumped near the water body in Chromepet,Environment
2634,Illegal sand mining reported near Mylapore,Environment
2635,Huge potholes on School Lane in Adyar,Road Maintenance
2636,Abandoned building near South Street is unsafe for children,Public Safety
2637,Street lights are not working on Park Avenue in Ward 12,Street Lighting
2638,Road divider near Ring Road is broken,Road Maintenance
2639,Open manhole causing danger on Bazaar Street in Phase 2,Public Safety
2640,"Street lights remain on during daytime in Perambur, wasting power",Street Lighting
2641,Street light flickers continuously on Main Road,Street Lighting
2642,Last bus timing has been cancelled for Nungambakkam,Public Transport
2643,Traffic signal timing is too short at Ring Road,Traffic
2644,Public dustbin near Gandhi Street is broken and overflowing,Waste Management
2645,Traffic signal timing is too short at Ring Road,Traffic
2646,"Low water pressure reported near North Street, Kodambakkam",Water Supply
2647,Road near School Lane has not been repaired after monsoon,Road Maintenance
2648,Waterlogging occurs on Temple Street during rains,Road Maintenance
2649,"No signal at the school crossing near Church Street, Kodambakkam",Traffic
2650,Signboards are missing at the Main Road intersection,Traffic
2651,Overhead tank in Ward 12 has not been cleaned in months,Water Supply
2652,Noise pollution from construction near MG Road at night,Environment
2653,Long waiting times reported at the panchayat office area government hospital,Health
2654,No science teacher appointed at Ward 12 school for 6 months,Education
2655,Mid day meal quality is poor at the old bus stand area school,Education
2656,Illegal tree cutting is happening near Church Street in Mylapore,Environment
2657,Ambulance service is delayed in Guindy,Health
2658,A municipal worker asked for extra money to process ration card in near the temple,Corruption
2659,A government official asked for extra money to process ration card in Velachery,Corruption
2660,Encroachment on the lake near Egmore is destroying wetlands,Environment
2661,No waste collection service provided in Chromepet colony,Waste Management
2662,Bus service is irregular on the the railway station road route,Public Transport
2663,Last bus timing has been cancelled for Ambattur,Public Transport
2664,Last bus timing has been cancelled for Vadapalani,Public Transport
2665,Overcrowded classrooms reported in the industrial estate government school,Education
2666,Money was demanded for processing a pension application in Chromepet,Corruption
2667,Illegal tree cutting is happening near North Street in Velachery,Environment
2668,Frequent power cuts are occurring in Ward 12,Electricity
2669,Stray dogs are attacking residents in Mylapore,Public Safety
2670,Long waiting times reported at Sector 5 government hospital,Health
2671,Bus conductor misbehaved with passengers on Guindy route,Public Transport
2672,Auto drivers are refusing to use the meter near Bypass Road,Public Transport
2673,Billing error in electricity charges for the old bus stand area residents,Electricity
2674,Textbooks not distributed on time in Porur schools,Education
2675,Live wire lying on Temple Street poses electrocution risk,Public Safety
2676,Street light flickers continuously on MG Road,Street Lighting
2677,Government hospital near Park Avenue lacks basic medicines,Health
2678,Corruption reported in distribution of government scheme benefits in Porur,Corruption
2679,Stray dogs are attacking residents in Kolathur,Public Safety
2680,Teacher is absent regularly at the Perambur government school,Education
2681,Overcrowded classrooms reported in Alwarpet government school,Education
2682,Government hospital near Temple Street lacks basic medicines,Health
2683,Power supply tripped and not restored for 9 hours in Vadapalani,Electricity
2684,Street light flickers continuously on North Street,Street Lighting
2685,Electric pole near Ring Road is leaning dangerously,Electricity
2686,Burning of waste is causing smoke in the main market road,Environment
2687,Billing error in electricity charges for Tambaram residents,Electricity
2688,No traffic police present at busy junction near Ring Road,Traffic
2689,Bus conductor misbehaved with passengers on Alwarpet route,Public Transport
2690,Segregated waste is being mixed by collection staff in the housing board colony,Waste Management
2691,Deep pit left uncovered near Station Road in Sector 5,Public Safety
2692,Exposed wires near School Lane pose a danger to residents,Electricity
2693,Broken compound wall near North Street is a safety hazard,Public Safety
2694,Abandoned building near Bypass Road is unsafe for children,Public Safety
2695,Corruption reported in distribution of government scheme benefits in Egmore,Corruption
2696,Water body near Nungambakkam is being polluted by industrial waste,Environment
2697,A contractor asked for extra money to process ration card in the panchayat office area,Corruption
2698,Last bus timing has been cancelled for the industrial estate,Public Transport
2699,Electricity is unavailable in Guindy for the past 15 days,Electricity
2700,Dark stretch on Temple Street due to broken street lights,Street Lighting
2701,School building near Bypass Road needs urgent repair,Education
2702,School building near South Street needs urgent repair,Education
2703,Huge potholes on Park Avenue in Sector 5,Road Maintenance
2704,Money was demanded for processing a pension application in Guindy,Corruption
2705,Overhead tank in Porur has not been cleaned in months,Water Supply
2706,Encroachment on the lake near Mylapore is destroying wetlands,Environment
2707,Water tanker did not arrive in the government school area as scheduled,Water Supply
2708,Unsafe construction site near Nehru Street lacks barricades,Public Safety
2709,Illegal dumping of waste is happening near Main Road,Waste Management
2710,Illegal tree cutting is happening near Nehru Street in the panchayat office area,Environment
2711,Frequent traffic congestion on Ring Road during peak hours,Traffic
2712,Plastic waste dumped near the water body in the panchayat office area,Environment
2713,"Traffic signal is damaged at Station Road junction, Pallavaram",Traffic
2714,Ambulance service is delayed in the government school area,Health
2715,No security personnel at the public park in the panchayat office area,Public Safety
2716,Overcrowded classrooms reported in the old bus stand area government school,Education
2717,Bus service is irregular on the the main market road route,Public Transport
2718,No traffic police present at busy junction near South Street,Traffic
2719,Street lights are not working on Park Avenue in the industrial estate,Street Lighting
2720,Waterlogging occurs on Nehru Street during rains,Road Maintenance
2721,Water supply has been irregular in Chromepet for 10 weeks,Water Supply
2722,Power supply tripped and not restored for 11 hours in the panchayat office area,Electricity
2723,Signboards are missing at the Bypass Road intersection,Traffic
2724,Someone demanded a bribe for approval of a document in Adyar,Corruption
2725,Road near North Street has not been repaired after monsoon,Road Maintenance
2726,Illegal parking is causing traffic jams on Church Street,Traffic
2727,School in T Nagar lacks proper toilet facilities,Education
2728,Auto drivers are refusing to use the meter near Nehru Street,Public Transport
2729,Solar street lights installed in Block C are non functional,Street Lighting
2730,School in the old bus stand area lacks proper toilet facilities,Education
2731,Garbage collection truck has not come to Tambaram for 13 days,Waste Management
2732,Ambulance service is delayed in Block C,Health
2733,Electricity is unavailable in Egmore for the past 14 days,Electricity
2734,Speed breakers are missing near the school on Park Avenue,Road Maintenance
2735,No waste collection service provided in Mylapore colony,Waste Management
2736,Official at the Nungambakkam office is demanding money for a certificate,Corruption
2737,Hospital in Nungambakkam lacks cleanliness and hygiene,Health
2738,School building near Bypass Road needs urgent repair,Education
2739,"Traffic signal is damaged at School Lane junction, the old bus stand area",Traffic
2740,Official at the Ward 12 office is demanding money for a certificate,Corruption
2741,Garbage collection truck has not come to the housing board colony for 6 days,Waste Management
2742,"New street light pole is needed on Church Street, Royapettah",Street Lighting
2743,Leaking pipeline is wasting water on Station Road,Water Supply
2744,Teacher is absent regularly at the Phase 2 government school,Education
2745,No science teacher appointed at Sector 5 school for 3 months,Education
2746,Street light wiring is exposed and dangerous in Block C,Street Lighting
2747,Bus service is irregular on the the railway station road route,Public Transport
2748,No waste collection service provided in near the temple colony,Waste Management
2749,Leaking pipeline is wasting water on MG Road,Water Supply
2750,Exposed wires near MG Road pose a danger to residents,Electricity
2751,Corruption reported in distribution of government scheme benefits in the industrial estate,Corruption
2752,5 street lights have been off for weeks near MG Road,Street Lighting
2753,Bribe was demanded for issuing a building permit in Ward 12,Corruption
2754,Broken compound wall near Temple Street is a safety hazard,Public Safety
2755,Transformer near Temple Street in T Nagar is not working,Electricity
2756,Auto drivers are refusing to use the meter near Nehru Street,Public Transport
2757,Contaminated water is being supplied in Egmore,Water Supply
2758,Overcrowded classrooms reported in Egmore government school,Education
2759,Dark stretch on Ring Road due to broken street lights,Street Lighting
2760,Noise pollution from construction near Gandhi Street at night,Environment
2761,Borewell in near the temple has run dry,Water Supply
2762,Ambulance service is delayed in Adyar,Health
2763,Deep pit left uncovered near Bypass Road in Nungambakkam,Public Safety
2764,"No signal at the school crossing near South Street, the railway station road",Traffic
2765,Auto drivers are refusing to use the meter near Ring Road,Public Transport
2766,Streetside electric meter is sparking in the panchayat office area,Electricity
2767,Water supply has been irregular in the old bus stand area for 15 weeks,Water Supply
2768,No science teacher appointed at the industrial estate school for 7 months,Education
2769,No science teacher appointed at Porur school for 9 months,Education
2770,New electricity connection is delayed in Kolathur,Electricity
2771,Official at the Nungambakkam office is demanding money for a certificate,Corruption
2772,A government official is taking bribes for water connection approvals in Saidapet,Corruption
2773,Burning of waste is causing smoke in the housing board colony,Environment
2774,Dumping ground near Nungambakkam is causing bad odor,Waste Management
2775,A local shopkeeper is taking bribes for water connection approvals in Chromepet,Corruption
2776,Illegal dumping of waste is happening near Church Street,Waste Management
2777,Bus service is irregular on the the railway station road route,Public Transport
2778,Illegal parking is causing traffic jams on Ring Road,Traffic
2779,Waterlogging occurs on School Lane during rains,Road Maintenance
2780,Road near Temple Street has not been repaired after monsoon,Road Maintenance
2781,Garbage is overflowing near Church Street in the government school area,Waste Management
2782,Encroachment on the lake near the panchayat office area is destroying wetlands,Environment
2783,Primary health center in near the temple is understaffed,Health
2784,Bribe was demanded for issuing a building permit in the old bus stand area,Corruption
2785,Street lights are not working on Park Avenue in the industrial estate,Street Lighting
2786,Abandoned building near Bazaar Street is unsafe for children,Public Safety
2787,Encroachment on the lake near the old bus stand area is destroying wetlands,Environment
2788,Dead animal left uncollected on Station Road in Alwarpet,Waste Management
2789,Plastic waste dumped near the water body in Tambaram,Environment
2790,Dark stretch on Church Street due to broken street lights,Street Lighting
2791,Transformer near Gandhi Street in Saidapet is not working,Electricity
2792,Transformer near Bazaar Street in Phase 2 is not working,Electricity
2793,Public dustbin near Bypass Road is broken and overflowing,Waste Management
2794,Long waiting times reported at Phase 2 government hospital,Health
2795,Primary health center in Porur is understaffed,Health
2796,Plastic waste dumped near the water body in Perambur,Environment
2797,"No signal at the school crossing near Main Road, Vadapalani",Traffic
2798,Official at the Kolathur office is demanding money for a certificate,Corruption
2799,Overcrowded classrooms reported in Ambattur government school,Education
2800,Official at the Chromepet office is demanding money for a certificate,Corruption
2801,Last bus timing has been cancelled for Porur,Public Transport
2802,Corruption reported in distribution of government scheme benefits in Anna Nagar,Corruption
2803,No traffic police present at busy junction near Bazaar Street,Traffic
2804,Hospital in Porur has no doctors available,Health
2805,New electricity connection is delayed in near the temple,Electricity
2806,Segregated waste is being mixed by collection staff in Phase 2,Waste Management
2807,Garbage is overflowing near North Street in the housing board colony,Waste Management
2808,School in Pallavaram lacks proper toilet facilities,Education
2809,Illegal sand mining reported near Tambaram,Environment
2810,"Street lights remain on during daytime in Mylapore, wasting power",Street Lighting
2811,Illegal tree cutting is happening near Ring Road in Phase 2,Environment
2812,Abandoned building near Station Road is unsafe for children,Public Safety
2813,Exposed wires near Nehru Street pose a danger to residents,Electricity
2814,Dumping ground near near the temple is causing bad odor,Waste Management
2815,Corruption reported in distribution of government scheme benefits in Ambattur,Corruption
2816,Bus frequency has reduced drastically on Ambattur route,Public Transport
2817,Garbage collection truck has not come to Kolathur for 8 days,Waste Management
2818,New electricity connection is delayed in Perambur,Electricity
2819,Abandoned building near Bazaar Street is unsafe for children,Public Safety
2820,Live wire lying on Park Avenue poses electrocution risk,Public Safety
2821,"New street light pole is needed on Park Avenue, Kolathur",Street Lighting
2822,Water pipe burst near Bazaar Street in Sector 5,Water Supply
2823,Electric pole near South Street is leaning dangerously,Electricity
2824,Solar street lights installed in the government school area are non functional,Street Lighting
2825,School lacks drinking water facility in Egmore,Education
2826,Speed breakers are missing near the school on South Street,Road Maintenance
2827,Live wire lying on South Street poses electrocution risk,Public Safety
2828,"No footpath available on Temple Street, pedestrians face danger",Road Maintenance
2829,Illegal sand mining reported near Anna Nagar,Environment
2830,Street light flickers continuously on School Lane,Street Lighting
2831,"No signal at the school crossing near Church Street, Block C",Traffic
2832,Voltage fluctuation is damaging appliances in the housing board colony,Electricity
2833,Water pipe burst near MG Road in the industrial estate,Water Supply
2834,Dumping ground near Mylapore is causing bad odor,Waste Management
2835,Live wire lying on Ring Road poses electrocution risk,Public Safety
2836,Illegal parking is causing traffic jams on Gandhi Street,Traffic
2837,Water body near Egmore is being polluted by industrial waste,Environment
2838,Dumping ground near Sector 5 is causing bad odor,Waste Management
2839,Overcrowded classrooms reported in Porur government school,Education
2840,"Street lights remain on during daytime in Guindy, wasting power",Street Lighting
2841,Segregated waste is being mixed by collection staff in Phase 2,Waste Management
2842,Abandoned building near South Street is unsafe for children,Public Safety
2843,Stray dogs are attacking residents in Velachery,Public Safety
2844,Illegal parking is causing traffic jams on Main Road,Traffic
2845,There is no drinking water in near the temple for the past 9 days,Water Supply
2846,"Traffic signal is damaged at North Street junction, Pallavaram",Traffic
2847,"No footpath available on Bazaar Street, pedestrians face danger",Road Maintenance
2848,"Low water pressure reported near Temple Street, Velachery",Water Supply
2849,Dumping ground near Saidapet is causing bad odor,Waste Management
2850,Deep pit left uncovered near School Lane in near the temple,Public Safety
2851,Last bus timing has been cancelled for Anna Nagar,Public Transport
2852,"No signal at the school crossing near MG Road, Kodambakkam",Traffic
2853,Encroachment on the lake near the railway station road is destroying wetlands,Environment
2854,No specialist doctor visits the Anna Nagar health center,Health
2855,Corruption reported in distribution of government scheme benefits in Ward 12,Corruption
2856,Illegal tree cutting is happening near Church Street in Ward 12,Environment
2857,Traffic signal timing is too short at Ring Road,Traffic
2858,Overcrowded classrooms reported in Egmore government school,Education
2859,Billing error in electricity charges for Alwarpet residents,Electricity
2860,Street light wiring is exposed and dangerous in Guindy,Street Lighting
2861,Auto drivers are refusing to use the meter near Bazaar Street,Public Transport
2862,"Traffic signal is damaged at MG Road junction, Egmore",Traffic
2863,Borewell in Vadapalani has run dry,Water Supply
2864,"New street light pole is needed on Market Road, Royapettah",Street Lighting
2865,Illegal dumping of waste is happening near Bypass Road,Waste Management
2866,Official at the Porur office is demanding money for a certificate,Corruption
2867,Water pipe burst near Market Road in Kodambakkam,Water Supply
2868,Government hospital near Main Road lacks basic medicines,Health
2869,Teacher is absent regularly at the the industrial estate government school,Education
2870,Money was demanded for processing a pension application in Ambattur,Corruption
2871,Official at the Porur office is demanding money for a certificate,Corruption
2872,Speed breakers are missing near the school on South Street,Road Maintenance
2873,There is no drinking water in Guindy for the past 5 days,Water Supply
2874,"New street light pole is needed on Nehru Street, Adyar",Street Lighting
2875,Zebra crossing markings have faded on School Lane,Traffic
2876,No bus service available to the old bus stand area after 8 pm,Public Transport
2877,Frequent power cuts are occurring in the housing board colony,Electricity
2878,Contaminated water is being supplied in the main market road,Water Supply
2879,Ambulance service is delayed in Porur,Health
2880,Street light wiring is exposed and dangerous in Pallavaram,Street Lighting
2881,No traffic police present at busy junction near Main Road,Traffic
2882,Electric pole near South Street is leaning dangerously,Electricity
2883,Abandoned building near North Street is unsafe for children,Public Safety
2884,No waste collection service provided in Sector 5 colony,Waste Management
2885,A contractor is taking bribes for water connection approvals in Ward 12,Corruption
2886,Bribe was demanded for issuing a building permit in Ambattur,Corruption
2887,Speed breakers are missing near the school on North Street,Road Maintenance
2888,Solar street lights installed in Mylapore are non functional,Street Lighting
2889,Bus service is irregular on the Anna Nagar route,Public Transport
2890,Burning of waste is causing smoke in Egmore,Environment
2891,Illegal tree cutting is happening near Gandhi Street in Saidapet,Environment
2892,Noise pollution from construction near South Street at night,Environment
2893,Water supply has been irregular in Tambaram for 8 weeks,Water Supply
2894,Segregated waste is being mixed by collection staff in Adyar,Waste Management
2895,7 street lights have been off for weeks near MG Road,Street Lighting
2896,No specialist doctor visits the the panchayat office area health center,Health
2897,Stray dogs are attacking residents in Sector 5,Public Safety
2898,Money was demanded for processing a pension application in Mylapore,Corruption
2899,Illegal tree cutting is happening near Park Avenue in Sector 5,Environment
2900,No traffic police present at busy junction near Market Road,Traffic
2901,Street lights are not working on Bazaar Street in Pallavaram,Street Lighting
2902,No security personnel at the public park in Porur,Public Safety
2903,Textbooks not distributed on time in Vadapalani schools,Education
2904,Segregated waste is being mixed by collection staff in Kolathur,Waste Management
2905,6 street lights have been off for weeks near Bypass Road,Street Lighting
2906,Overcrowded buses are running on the the old bus stand area route,Public Transport
2907,Overhead tank in Block C has not been cleaned in months,Water Supply
2908,Mid day meal quality is poor at Nungambakkam school,Education
2909,Speed breakers are missing near the school on Ring Road,Road Maintenance
2910,Illegal sand mining reported near Sector 5,Environment
2911,Frequent traffic congestion on Church Street during peak hours,Traffic
2912,Textbooks not distributed on time in Nungambakkam schools,Education
2913,Streetside electric meter is sparking in Nungambakkam,Electricity
2914,Primary health center in Velachery is understaffed,Health
2915,15 street lights have been off for weeks near Church Street,Street Lighting
2916,Electric pole near South Street is leaning dangerously,Electricity
2917,Government hospital near Church Street lacks basic medicines,Health
2918,Solar street lights installed in Alwarpet are non functional,Street Lighting
2919,Mid day meal quality is poor at the panchayat office area school,Education
2920,Auto drivers are refusing to use the meter near Temple Street,Public Transport
2921,Illegal sand mining reported near the railway station road,Environment
2922,Official at the Sector 5 office is demanding money for a certificate,Corruption
2923,"No signal at the school crossing near Main Road, Velachery",Traffic
2924,Official at the the old bus stand area office is demanding money for a certificate,Corruption
2925,Encroachment on the lake near Nungambakkam is destroying wetlands,Environment
2926,Huge potholes on Park Avenue in Vadapalani,Road Maintenance
2927,Deep pit left uncovered near Nehru Street in Adyar,Public Safety
2928,"No footpath available on South Street, pedestrians face danger",Road Maintenance
2929,Teacher is absent regularly at the the housing board colony government school,Education
2930,Solar street lights installed in Velachery are non functional,Street Lighting
2931,Someone demanded a bribe for approval of a document in Ambattur,Corruption
2932,Frequent power cuts are occurring in near the temple,Electricity
2933,No bus service available to Guindy after 8 pm,Public Transport
2934,No waste collection service provided in the main market road colony,Waste Management
2935,Traffic signal timing is too short at Nehru Street,Traffic
2936,Waterlogging occurs on Temple Street during rains,Road Maintenance
2937,Stray dogs are attacking residents in the railway station road,Public Safety
2938,3 street lights have been off for weeks near Station Road,Street Lighting
2939,Ambulance service is delayed in Adyar,Health
2940,School in the government school area lacks proper toilet facilities,Education
2941,Bribe was demanded for issuing a building permit in Adyar,Corruption
2942,Illegal parking is causing traffic jams on MG Road,Traffic
2943,7 street lights have been off for weeks near Gandhi Street,Street Lighting
2944,Huge potholes on Church Street in Alwarpet,Road Maintenance
2945,Live wire lying on Gandhi Street poses electrocution risk,Public Safety
2946,12 street lights have been off for weeks near Station Road,Street Lighting
2947,Noise pollution from construction near North Street at night,Environment
2948,Ambulance service is delayed in Pallavaram,Health
2949,Water pipe burst near Bazaar Street in Guindy,Water Supply
2950,Encroachment on the lake near the railway station road is destroying wetlands,Environment
2951,Streetside electric meter is sparking in Anna Nagar,Electricity
2952,Illegal tree cutting is happening near Park Avenue in the railway station road,Environment
2953,Illegal dumping of waste is happening near Bypass Road,Waste Management
2954,Transformer near Ring Road in T Nagar is not working,Electricity
2955,"Low water pressure reported near Station Road, Kodambakkam",Water Supply
2956,Mid day meal quality is poor at Nungambakkam school,Education
2957,A clerk is taking bribes for water connection approvals in the housing board colony,Corruption
2958,"Street lights remain on during daytime in T Nagar, wasting power",Street Lighting
2959,Overcrowded classrooms reported in the panchayat office area government school,Education
2960,Public dustbin near Church Street is broken and overflowing,Waste Management
2961,Bus stop shelter near Nehru Street is damaged,Public Transport
2962,Official at the Phase 2 office is demanding money for a certificate,Corruption
2963,"Low water pressure reported near Church Street, Royapettah",Water Supply
2964,Open manhole causing danger on School Lane in Ward 12,Public Safety
2965,Plastic waste dumped near the water body in Chromepet,Environment
2966,Textbooks not distributed on time in the main market road schools,Education
2967,Exposed wires near School Lane pose a danger to residents,Electricity
2968,"New street light pole is needed on Park Avenue, Porur",Street Lighting
2969,Primary health center in Ward 12 is understaffed,Health
2970,School lacks drinking water facility in Pallavaram,Education
2971,Overhead tank in the industrial estate has not been cleaned in months,Water Supply
2972,Frequent power cuts are occurring in Anna Nagar,Electricity
2973,A municipal worker is taking bribes for water connection approvals in the railway station road,Corruption
2974,Vaccination camp was cancelled without notice in Velachery,Health
2975,Teacher is absent regularly at the T Nagar government school,Education
2976,Live wire lying on Bypass Road poses electrocution risk,Public Safety
2977,Official at the the old bus stand area office is demanding money for a certificate,Corruption
2978,Voltage fluctuation is damaging appliances in the old bus stand area,Electricity
2979,"Street lights remain on during daytime in near the temple, wasting power",Street Lighting
2980,Official at the Adyar office is demanding money for a certificate,Corruption
2981,Huge potholes on MG Road in Ward 12,Road Maintenance
2982,Newly laid road on Bypass Road is already damaged,Road Maintenance
2983,Water pipe burst near Station Road in the housing board colony,Water Supply
2984,Street light wiring is exposed and dangerous in the railway station road,Street Lighting
2985,Money was demanded for processing a pension application in Guindy,Corruption
2986,Speed breakers are missing near the school on Gandhi Street,Road Maintenance
2987,Electricity is unavailable in Velachery for the past 7 days,Electricity
2988,Water pipe burst near MG Road in T Nagar,Water Supply
2989,Primary health center in Ward 12 is understaffed,Health
2990,Contaminated water is being supplied in Block C,Water Supply
2991,Speed breakers are missing near the school on South Street,Road Maintenance
2992,Streetside electric meter is sparking in the housing board colony,Electricity
2993,Corruption reported in distribution of government scheme benefits in Block C,Corruption
2994,Overcrowded classrooms reported in Porur government school,Education
2995,Public dustbin near Temple Street is broken and overflowing,Waste Management
2996,"Traffic signal is damaged at Church Street junction, Ward 12",Traffic
2997,Bribe was demanded for issuing a building permit in Tambaram,Corruption
2998,Solar street lights installed in Tambaram are non functional,Street Lighting
2999,Hospital in T Nagar lacks cleanliness and hygiene,Health
3000,Transformer near South Street in Kodambakkam is not working,Electricity
3001,Money was demanded for processing a pension application in Velachery,Corruption
3002,Transformer near Ring Road in Egmore is not working,Electricity
3003,Illegal tree cutting is happening near Temple Street in Phase 2,Environment
3004,Deep pit left uncovered near Bazaar Street in Tambaram,Public Safety
3005,Corruption reported in distribution of government scheme benefits in the railway station road,Corruption
3006,Road near Main Road has not been repaired after monsoon,Road Maintenance
3007,Mid day meal quality is poor at Ambattur school,Education
3008,Burning of waste is causing smoke in Block C,Environment
3009,Hospital in Adyar lacks cleanliness and hygiene,Health
3010,Speed breakers are missing near the school on Ring Road,Road Maintenance
3011,Illegal tree cutting is happening near Gandhi Street in near the temple,Environment
3012,No bus service available to Anna Nagar after 8 pm,Public Transport
3013,Government hospital near Station Road lacks basic medicines,Health
3014,"Street lights remain on during daytime in Nungambakkam, wasting power",Street Lighting
3015,Public dustbin near Temple Street is broken and overflowing,Waste Management
3016,Teacher is absent regularly at the the government school area government school,Education
3017,"Low water pressure reported near Gandhi Street, Nungambakkam",Water Supply
3018,Leaking pipeline is wasting water on Park Avenue,Water Supply
3019,Speed breakers are missing near the school on Nehru Street,Road Maintenance
3020,Auto drivers are refusing to use the meter near Main Road,Public Transport
3021,No specialist doctor visits the Guindy health center,Health
3022,9 street lights have been off for weeks near Temple Street,Street Lighting
3023,Bribe was demanded for issuing a building permit in Royapettah,Corruption
3024,Encroachment on the lake near Perambur is destroying wetlands,Environment
3025,"No signal at the school crossing near Market Road, Ambattur",Traffic
3026,Encroachment on the lake near Kodambakkam is destroying wetlands,Environment
3027,"New street light pole is needed on Bazaar Street, Pallavaram",Street Lighting
3028,Electricity is unavailable in Velachery for the past 6 days,Electricity
3029,Water body near Tambaram is being polluted by industrial waste,Environment
3030,"Street lights remain on during daytime in the industrial estate, wasting power",Street Lighting
3031,Primary health center in Ward 12 is understaffed,Health
3032,Abandoned building near School Lane is unsafe for children,Public Safety
3033,Leaking pipeline is wasting water on School Lane,Water Supply
3034,No waste collection service provided in the panchayat office area colony,Waste Management
3035,Road near South Street has not been repaired after monsoon,Road Maintenance
3036,A contractor is taking bribes for water connection approvals in T Nagar,Corruption
3037,Zebra crossing markings have faded on MG Road,Traffic
3038,Illegal tree cutting is happening near South Street in Velachery,Environment
3039,Segregated waste is being mixed by collection staff in Kolathur,Waste Management
3040,Street light wiring is exposed and dangerous in the panchayat office area,Street Lighting
3041,Mid day meal quality is poor at Tambaram school,Education
3042,Huge potholes on North Street in Anna Nagar,Road Maintenance
3043,Transformer near North Street in T Nagar is not working,Electricity
3044,Illegal dumping of waste is happening near Ring Road,Waste Management
3045,Frequent traffic congestion on School Lane during peak hours,Traffic
3046,Frequent traffic congestion on Bypass Road during peak hours,Traffic
3047,Encroachment on the lake near Block C is destroying wetlands,Environment
3048,Government hospital near Station Road lacks basic medicines,Health
3049,Solar street lights installed in Tambaram are non functional,Street Lighting
3050,Dumping ground near Pallavaram is causing bad odor,Waste Management
3051,Government hospital near Gandhi Street lacks basic medicines,Health
3052,A government official is taking bribes for water connection approvals in Mylapore,Corruption
3053,Water pipe burst near Temple Street in Phase 2,Water Supply
3054,Overhead tank in Mylapore has not been cleaned in months,Water Supply
3055,"New street light pole is needed on Park Avenue, Royapettah",Street Lighting
3056,Water supply has been irregular in Phase 2 for 6 weeks,Water Supply
3057,Water pipe burst near Park Avenue in Mylapore,Water Supply
3058,No security personnel at the public park in Adyar,Public Safety
3059,Water supply has been irregular in Saidapet for 13 weeks,Water Supply
3060,Segregated waste is being mixed by collection staff in Ward 12,Waste Management
3061,Water pipe burst near Park Avenue in Perambur,Water Supply
3062,No specialist doctor visits the Adyar health center,Health
3063,New electricity connection is delayed in the railway station road,Electricity
3064,"Low water pressure reported near MG Road, Phase 2",Water Supply
3065,Deep pit left uncovered near Park Avenue in Mylapore,Public Safety
3066,School building near Temple Street needs urgent repair,Education
3067,No traffic police present at busy junction near Temple Street,Traffic
3068,Stray dogs are attacking residents in Pallavaram,Public Safety
3069,"Street lights remain on during daytime in Ward 12, wasting power",Street Lighting
3070,Water tanker did not arrive in Kodambakkam as scheduled,Water Supply
3071,Electricity is unavailable in Ward 12 for the past 4 days,Electricity
3072,Road near MG Road has not been repaired after monsoon,Road Maintenance
3073,Deep pit left uncovered near School Lane in Porur,Public Safety
3074,Road divider near Main Road is broken,Road Maintenance
3075,"New street light pole is needed on North Street, the main market road",Street Lighting
3076,A municipal worker asked for extra money to process ration card in Porur,Corruption
3077,Unsafe construction site near North Street lacks barricades,Public Safety
3078,Illegal dumping of waste is happening near North Street,Waste Management
3079,Long waiting times reported at the industrial estate government hospital,Health
3080,No science teacher appointed at Adyar school for 14 months,Education
3081,Zebra crossing markings have faded on South Street,Traffic
3082,Garbage collection truck has not come to the old bus stand area for 12 days,Waste Management
3083,Newly laid road on Ring Road is already damaged,Road Maintenance
3084,Waterlogging occurs on Bypass Road during rains,Road Maintenance
3085,Long waiting times reported at the panchayat office area government hospital,Health
3086,No specialist doctor visits the Nungambakkam health center,Health
3087,Illegal dumping of waste is happening near Gandhi Street,Waste Management
3088,Abandoned building near Bypass Road is unsafe for children,Public Safety
3089,Water tanker did not arrive in Chromepet as scheduled,Water Supply
3090,School lacks drinking water facility in Block C,Education
3091,No waste collection service provided in the housing board colony colony,Waste Management
3092,Burning of waste is causing smoke in Royapettah,Environment
3093,Overcrowded classrooms reported in Nungambakkam government school,Education
3094,Long waiting times reported at the main market road government hospital,Health
3095,Bus conductor misbehaved with passengers on Anna Nagar route,Public Transport
3096,Hospital in the old bus stand area lacks cleanliness and hygiene,Health
3097,Abandoned building near School Lane is unsafe for children,Public Safety
3098,Illegal sand mining reported near the old bus stand area,Environment
3099,Burning of waste is causing smoke in Kodambakkam,Environment
3100,No traffic police present at busy junction near Bazaar Street,Traffic
3101,Ambulance service is delayed in Kodambakkam,Health
3102,Official at the Kolathur office is demanding money for a certificate,Corruption
3103,Hospital in Anna Nagar lacks cleanliness and hygiene,Health
3104,Newly laid road on Gandhi Street is already damaged,Road Maintenance
3105,Money was demanded for processing a pension application in Adyar,Corruption
3106,Street light flickers continuously on Market Road,Street Lighting
3107,Frequent power cuts are occurring in the panchayat office area,Electricity
3108,Primary health center in the old bus stand area is understaffed,Health
3109,Street light flickers continuously on Park Avenue,Street Lighting
3110,Electric pole near Temple Street is leaning dangerously,Electricity
3111,Bus frequency has reduced drastically on Anna Nagar route,Public Transport
3112,Overcrowded buses are running on the Chromepet route,Public Transport
3113,Contaminated water is being supplied in the government school area,Water Supply
3114,Solar street lights installed in Ambattur are non functional,Street Lighting
3115,Plastic waste dumped near the water body in Chromepet,Environment
3116,Government hospital near South Street lacks basic medicines,Health
3117,No specialist doctor visits the the industrial estate health center,Health
3118,"Street lights remain on during daytime in the housing board colony, wasting power",Street Lighting
3119,Someone demanded a bribe for approval of a document in Adyar,Corruption
3120,Street lights are not working on Bypass Road in Nungambakkam,Street Lighting
3121,There is no drinking water in Guindy for the past 14 days,Water Supply
3122,Water pipe burst near South Street in Perambur,Water Supply
3123,Water body near Pallavaram is being polluted by industrial waste,Environment
3124,No specialist doctor visits the Alwarpet health center,Health
3125,"New street light pole is needed on South Street, Ambattur",Street Lighting
3126,Bribe was demanded for issuing a building permit in Mylapore,Corruption
3127,Stray dogs are attacking residents in the housing board colony,Public Safety
3128,Bribe was demanded for issuing a building permit in near the temple,Corruption
3129,School in Anna Nagar lacks proper toilet facilities,Education
3130,Road near Bazaar Street has not been repaired after monsoon,Road Maintenance
3131,Unsafe construction site near Nehru Street lacks barricades,Public Safety
3132,Burning of waste is causing smoke in Saidapet,Environment
3133,No traffic police present at busy junction near Park Avenue,Traffic
3134,Traffic signal timing is too short at Main Road,Traffic
3135,Huge potholes on Bypass Road in Alwarpet,Road Maintenance
3136,Corruption reported in distribution of government scheme benefits in the old bus stand area,Corruption
3137,Construction debris left on School Lane blocking traffic,Road Maintenance
3138,Signboards are missing at the MG Road intersection,Traffic
3139,Water body near near the temple is being polluted by industrial waste,Environment
3140,Garbage is overflowing near Gandhi Street in the old bus stand area,Waste Management
3141,Illegal tree cutting is happening near School Lane in Chromepet,Environment
3142,Money was demanded for processing a pension application in Mylapore,Corruption
3143,Electricity is unavailable in Adyar for the past 11 days,Electricity
3144,Illegal sand mining reported near Vadapalani,Environment
3145,Someone demanded a bribe for approval of a document in Porur,Corruption
3146,Plastic waste dumped near the water body in Kolathur,Environment
3147,Open manhole causing danger on Ring Road in Block C,Public Safety
3148,Garbage collection truck has not come to Kodambakkam for 9 days,Waste Management
3149,Billing error in electricity charges for near the temple residents,Electricity
3150,Dead animal left uncollected on North Street in Block C,Waste Management
3151,Burning of waste is causing smoke in Kodambakkam,Environment
3152,Burning of waste is causing smoke in Saidapet,Environment
3153,Huge potholes on Market Road in near the temple,Road Maintenance
3154,Bribe was demanded for issuing a building permit in the old bus stand area,Corruption
3155,Transformer near Church Street in Saidapet is not working,Electricity
3156,No bus service available to Block C after 8 pm,Public Transport
3157,A government official is taking bribes for water connection approvals in Tambaram,Corruption
3158,Corruption reported in distribution of government scheme benefits in T Nagar,Corruption
3159,No security personnel at the public park in Ward 12,Public Safety
3160,An officer at the counter is taking bribes for water connection approvals in Nungambakkam,Corruption
3161,School lacks drinking water facility in the housing board colony,Education
3162,No security personnel at the public park in Alwarpet,Public Safety
3163,Traffic signal timing is too short at MG Road,Traffic
3164,Overhead tank in Sector 5 has not been cleaned in months,Water Supply
3165,There is no drinking water in Porur for the past 5 days,Water Supply
3166,Bus conductor misbehaved with passengers on T Nagar route,Public Transport
3167,Waterlogging occurs on MG Road during rains,Road Maintenance
3168,12 street lights have been off for weeks near Bypass Road,Street Lighting
3169,Hospital in Saidapet has no doctors available,Health
3170,Auto drivers are refusing to use the meter near Bazaar Street,Public Transport
3171,Stray dogs are attacking residents in the panchayat office area,Public Safety
3172,Dumping ground near T Nagar is causing bad odor,Waste Management
3173,Solar street lights installed in Anna Nagar are non functional,Street Lighting
3174,Newly laid road on Gandhi Street is already damaged,Road Maintenance
3175,Overcrowded buses are running on the Royapettah route,Public Transport
3176,Overhead tank in Saidapet has not been cleaned in months,Water Supply
3177,School building near Nehru Street needs urgent repair,Education
3178,"Traffic signal is damaged at Bypass Road junction, Mylapore",Traffic
3179,Leaking pipeline is wasting water on Station Road,Water Supply
3180,Streetside electric meter is sparking in the main market road,Electricity
3181,Abandoned building near Station Road is unsafe for children,Public Safety
3182,Water pipe burst near Bypass Road in Mylapore,Water Supply
3183,A middleman is taking bribes for water connection approvals in Mylapore,Corruption
3184,Mid day meal quality is poor at Perambur school,Education
3185,Teacher is absent regularly at the Kolathur government school,Education
3186,No security personnel at the public park in Chromepet,Public Safety
3187,Exposed wires near MG Road pose a danger to residents,Electricity
3188,School building near Temple Street needs urgent repair,Education
3189,Exposed wires near Main Road pose a danger to residents,Electricity
3190,No waste collection service provided in Alwarpet colony,Waste Management
3191,Hospital in Ward 12 lacks cleanliness and hygiene,Health
3192,Government hospital near Main Road lacks basic medicines,Health
3193,5 street lights have been off for weeks near Temple Street,Street Lighting
3194,Electricity is unavailable in Guindy for the past 3 days,Electricity
3195,Illegal dumping of waste is happening near Ring Road,Waste Management
3196,Waterlogging occurs on Ring Road during rains,Road Maintenance
3197,Frequent power cuts are occurring in T Nagar,Electricity
3198,Money was demanded for processing a pension application in Velachery,Corruption
3199,Teacher is absent regularly at the Kodambakkam government school,Education
3200,Dead animal left uncollected on Bazaar Street in Anna Nagar,Waste Management
3201,Leaking pipeline is wasting water on School Lane,Water Supply
3202,Overcrowded classrooms reported in Ward 12 government school,Education
3203,Dumping ground near Chromepet is causing bad odor,Waste Management
3204,Huge potholes on Gandhi Street in Block C,Road Maintenance
3205,Air pollution levels are high near the factory in Porur,Environment
3206,Open manhole causing danger on MG Road in the industrial estate,Public Safety
3207,"Traffic signal is damaged at Park Avenue junction, Phase 2",Traffic
3208,Illegal dumping of waste is happening near Market Road,Waste Management
3209,Exposed wires near North Street pose a danger to residents,Electricity
3210,Water tanker did not arrive in the government school area as scheduled,Water Supply
3211,"Traffic signal is damaged at Temple Street junction, Phase 2",Traffic
3212,Illegal dumping of waste is happening near Church Street,Waste Management
3213,Government hospital near Nehru Street lacks basic medicines,Health
3214,Auto drivers are refusing to use the meter near Nehru Street,Public Transport
3215,Water supply has been irregular in Vadapalani for 4 weeks,Water Supply
3216,"Street lights remain on during daytime in Pallavaram, wasting power",Street Lighting
3217,"No signal at the school crossing near Main Road, the railway station road",Traffic
3218,Electric pole near School Lane is leaning dangerously,Electricity
3219,Bus stop shelter near School Lane is damaged,Public Transport
3220,Live wire lying on Gandhi Street poses electrocution risk,Public Safety
3221,Burning of waste is causing smoke in T Nagar,Environment
3222,Street light flickers continuously on Bazaar Street,Street Lighting
3223,Auto drivers are refusing to use the meter near Temple Street,Public Transport
3224,Noise pollution from construction near Church Street at night,Environment
3225,Garbage is overflowing near Temple Street in Alwarpet,Waste Management
3226,Street light flickers continuously on Nehru Street,Street Lighting
3227,Signboards are missing at the Nehru Street intersection,Traffic
3228,8 street lights have been off for weeks near Park Avenue,Street Lighting
3229,Ambulance service is delayed in Vadapalani,Health
3230,No water connection provided despite application in the government school area,Water Supply
3231,Someone demanded a bribe for approval of a document in Anna Nagar,Corruption
3232,Primary health center in Adyar is understaffed,Health
3233,Construction debris left on Market Road blocking traffic,Road Maintenance
3234,School lacks drinking water facility in T Nagar,Education
3235,Primary health center in near the temple is understaffed,Health
3236,Someone demanded a bribe for approval of a document in the panchayat office area,Corruption
3237,Illegal dumping of waste is happening near MG Road,Waste Management
3238,Live wire lying on Bazaar Street poses electrocution risk,Public Safety
3239,Primary health center in the housing board colony is understaffed,Health
3240,"Traffic signal is damaged at Station Road junction, Kodambakkam",Traffic
3241,Bus conductor misbehaved with passengers on Pallavaram route,Public Transport
3242,Air pollution levels are high near the factory in Mylapore,Environment
3243,A contractor is taking bribes for water connection approvals in Porur,Corruption
3244,Illegal dumping of waste is happening near Gandhi Street,Waste Management
3245,Air pollution levels are high near the factory in Kolathur,Environment
3246,No science teacher appointed at near the temple school for 4 months,Education
3247,Hospital in Saidapet lacks cleanliness and hygiene,Health
3248,Garbage is overflowing near Bypass Road in Phase 2,Waste Management
3249,Auto drivers are refusing to use the meter near South Street,Public Transport
3250,There is no drinking water in Adyar for the past 15 days,Water Supply
3251,Overhead tank in Pallavaram has not been cleaned in months,Water Supply
3252,Dumping ground near Phase 2 is causing bad odor,Waste Management
3253,10 street lights have been off for weeks near North Street,Street Lighting
3254,Huge potholes on Market Road in T Nagar,Road Maintenance
3255,Deep pit left uncovered near North Street in Chromepet,Public Safety
3256,School building near School Lane needs urgent repair,Education
3257,Deep pit left uncovered near Church Street in the main market road,Public Safety
3258,Street light wiring is exposed and dangerous in the railway station road,Street Lighting
3259,Road near Nehru Street has not been repaired after monsoon,Road Maintenance
3260,No specialist doctor visits the Egmore health center,Health
3261,No security personnel at the public park in Adyar,Public Safety
3262,Signboards are missing at the North Street intersection,Traffic
3263,An officer at the counter is taking bribes for water connection approvals in the housing board colony,Corruption
3264,Money was demanded for processing a pension application in Phase 2,Corruption
3265,Bus conductor misbehaved with passengers on Kolathur route,Public Transport
3266,Live wire lying on South Street poses electrocution risk,Public Safety
3267,Bus frequency has reduced drastically on Block C route,Public Transport
3268,Live wire lying on Main Road poses electrocution risk,Public Safety
3269,"Street lights remain on during daytime in the industrial estate, wasting power",Street Lighting
3270,Money was demanded for processing a pension application in T Nagar,Corruption
3271,Signboards are missing at the Main Road intersection,Traffic
3272,Zebra crossing markings have faded on Main Road,Traffic
3273,Auto drivers are refusing to use the meter near North Street,Public Transport
3274,Bribe was demanded for issuing a building permit in Ambattur,Corruption
3275,Street light wiring is exposed and dangerous in Block C,Street Lighting
3276,Voltage fluctuation is damaging appliances in Alwarpet,Electricity
3277,No security personnel at the public park in the panchayat office area,Public Safety
3278,Primary health center in Royapettah is understaffed,Health
3279,Government hospital near Park Avenue lacks basic medicines,Health
3280,Traffic signal timing is too short at Gandhi Street,Traffic
3281,Someone demanded a bribe for approval of a document in Adyar,Corruption
3282,Zebra crossing markings have faded on North Street,Traffic
3283,Power supply tripped and not restored for 15 hours in Ambattur,Electricity
3284,Electric pole near Temple Street is leaning dangerously,Electricity
3285,School building near Ring Road needs urgent repair,Education
3286,"New street light pole is needed on Bazaar Street, Royapettah",Street Lighting
3287,An officer at the counter asked for extra money to process ration card in Kolathur,Corruption
3288,"New street light pole is needed on Nehru Street, Kolathur",Street Lighting
3289,Encroachment on the lake near Adyar is destroying wetlands,Environment
3290,Public dustbin near Bazaar Street is broken and overflowing,Waste Management
3291,Frequent traffic congestion on Bazaar Street during peak hours,Traffic
3292,Overcrowded buses are running on the Adyar route,Public Transport
3293,Frequent power cuts are occurring in the industrial estate,Electricity
3294,No science teacher appointed at Tambaram school for 5 months,Education
3295,No traffic police present at busy junction near Main Road,Traffic
3296,Road divider near Market Road is broken,Road Maintenance
3297,Solar street lights installed in the panchayat office area are non functional,Street Lighting
3298,Illegal sand mining reported near Anna Nagar,Environment
3299,Electricity is unavailable in Vadapalani for the past 4 days,Electricity
3300,Garbage collection truck has not come to Tambaram for 5 days,Waste Management
3301,Plastic waste dumped near the water body in Alwarpet,Environment
3302,A government official asked for extra money to process ration card in Kolathur,Corruption
3303,Frequent traffic congestion on Bazaar Street during peak hours,Traffic
3304,Road near North Street has not been repaired after monsoon,Road Maintenance
3305,Solar street lights installed in Chromepet are non functional,Street Lighting
3306,Encroachment on the lake near Ambattur is destroying wetlands,Environment
3307,Hospital in Pallavaram lacks cleanliness and hygiene,Health
3308,Water tanker did not arrive in Sector 5 as scheduled,Water Supply
3309,Money was demanded for processing a pension application in Vadapalani,Corruption
3310,Ambulance service is delayed in the main market road,Health
3311,School building near North Street needs urgent repair,Education
3312,Solar street lights installed in the railway station road are non functional,Street Lighting
3313,Road divider near North Street is broken,Road Maintenance
3314,Power supply tripped and not restored for 7 hours in Ambattur,Electricity
3315,There is no drinking water in the industrial estate for the past 11 days,Water Supply
3316,School in Kolathur lacks proper toilet facilities,Education
3317,Someone demanded a bribe for approval of a document in Mylapore,Corruption
3318,Primary health center in Vadapalani is understaffed,Health
3319,Street light wiring is exposed and dangerous in near the temple,Street Lighting
3320,Bribe was demanded for issuing a building permit in Saidapet,Corruption
3321,Traffic signal timing is too short at Bypass Road,Traffic
3322,Speed breakers are missing near the school on Nehru Street,Road Maintenance
3323,Road near School Lane has not been repaired after monsoon,Road Maintenance
3324,Solar street lights installed in the housing board colony are non functional,Street Lighting
3325,Stray dogs are attacking residents in the government school area,Public Safety
3326,Newly laid road on School Lane is already damaged,Road Maintenance
3327,Street lights are not working on Gandhi Street in Ward 12,Street Lighting
3328,Dark stretch on School Lane due to broken street lights,Street Lighting
3329,Bus stop shelter near Park Avenue is damaged,Public Transport
3330,Broken compound wall near Park Avenue is a safety hazard,Public Safety
3331,Garbage collection truck has not come to Porur for 10 days,Waste Management
3332,Bus stop shelter near MG Road is damaged,Public Transport
3333,Road near Bazaar Street has not been repaired after monsoon,Road Maintenance
3334,Traffic signal timing is too short at Bazaar Street,Traffic
3335,A middleman asked for extra money to process ration card in the panchayat office area,Corruption
3336,"Street lights remain on during daytime in Vadapalani, wasting power",Street Lighting
3337,New electricity connection is delayed in the industrial estate,Electricity
3338,"Low water pressure reported near North Street, the panchayat office area",Water Supply
3339,Air pollution levels are high near the factory in Perambur,Environment
3340,Hospital in the panchayat office area has no doctors available,Health
3341,Solar street lights installed in Mylapore are non functional,Street Lighting
3342,Garbage is overflowing near Market Road in the panchayat office area,Waste Management
3343,Overcrowded buses are running on the Saidapet route,Public Transport
3344,Newly laid road on Ring Road is already damaged,Road Maintenance
3345,Hospital in Nungambakkam has no doctors available,Health
3346,Plastic waste dumped near the water body in the old bus stand area,Environment
3347,Illegal parking is causing traffic jams on Ring Road,Traffic
3348,No water connection provided despite application in the panchayat office area,Water Supply
3349,Overhead tank in Guindy has not been cleaned in months,Water Supply
3350,Power supply tripped and not restored for 13 hours in Pallavaram,Electricity
3351,School building near South Street needs urgent repair,Education
3352,Waterlogging occurs on Temple Street during rains,Road Maintenance
3353,Stray dogs are attacking residents in Ambattur,Public Safety
3354,Dead animal left uncollected on Main Road in Phase 2,Waste Management
3355,No science teacher appointed at Block C school for 3 months,Education
3356,Official at the Vadapalani office is demanding money for a certificate,Corruption
3357,Speed breakers are missing near the school on Station Road,Road Maintenance
3358,Broken compound wall near School Lane is a safety hazard,Public Safety
3359,Overcrowded buses are running on the Guindy route,Public Transport
3360,"Low water pressure reported near Market Road, the old bus stand area",Water Supply
3361,Solar street lights installed in Pallavaram are non functional,Street Lighting
3362,Burning of waste is causing smoke in Kolathur,Environment
3363,Auto drivers are refusing to use the meter near Nehru Street,Public Transport
3364,Water pipe burst near Bazaar Street in the government school area,Water Supply
3365,Overcrowded classrooms reported in Anna Nagar government school,Education
3366,Someone demanded a bribe for approval of a document in Vadapalani,Corruption
3367,Contaminated water is being supplied in Kolathur,Water Supply
3368,No specialist doctor visits the near the temple health center,Health
3369,Exposed wires near Church Street pose a danger to residents,Electricity
3370,6 street lights have been off for weeks near Nehru Street,Street Lighting
3371,Plastic waste dumped near the water body in Guindy,Environment
3372,Primary health center in Anna Nagar is understaffed,Health
3373,Textbooks not distributed on time in Kodambakkam schools,Education
3374,Public dustbin near Nehru Street is broken and overflowing,Waste Management
3375,Borewell in the government school area has run dry,Water Supply
3376,Textbooks not distributed on time in Kodambakkam schools,Education
3377,Money was demanded for processing a pension application in the railway station road,Corruption
3378,Bribe was demanded for issuing a building permit in Chromepet,Corruption
3379,Bus frequency has reduced drastically on Perambur route,Public Transport
3380,Dumping ground near Nungambakkam is causing bad odor,Waste Management
3381,Transformer near Main Road in the railway station road is not working,Electricity
3382,Contaminated water is being supplied in Kolathur,Water Supply
3383,No waste collection service provided in Ward 12 colony,Waste Management
3384,Open manhole causing danger on Main Road in Tambaram,Public Safety
3385,Money was demanded for processing a pension application in Block C,Corruption
3386,Voltage fluctuation is damaging appliances in the industrial estate,Electricity
3387,Government hospital near Bypass Road lacks basic medicines,Health
3388,No waste collection service provided in the main market road colony,Waste Management
3389,Streetside electric meter is sparking in Guindy,Electricity
3390,Dead animal left uncollected on MG Road in Ward 12,Waste Management
3391,Exposed wires near Nehru Street pose a danger to residents,Electricity
3392,Street light flickers continuously on Ring Road,Street Lighting
3393,"Low water pressure reported near Main Road, Guindy",Water Supply
3394,Teacher is absent regularly at the the old bus stand area government school,Education
3395,Last bus timing has been cancelled for Perambur,Public Transport
3396,Bribe was demanded for issuing a building permit in Alwarpet,Corruption
3397,Last bus timing has been cancelled for Royapettah,Public Transport
3398,"Low water pressure reported near Park Avenue, Ambattur",Water Supply
3399,A municipal worker asked for extra money to process ration card in Chromepet,Corruption
3400,Vaccination camp was cancelled without notice in Kolathur,Health
3401,Water body near Perambur is being polluted by industrial waste,Environment
3402,School lacks drinking water facility in Phase 2,Education
3403,Traffic signal timing is too short at Bazaar Street,Traffic
3404,Contaminated water is being supplied in Tambaram,Water Supply
3405,"No signal at the school crossing near Station Road, near the temple",Traffic
3406,Government hospital near Gandhi Street lacks basic medicines,Health
3407,Signboards are missing at the Ring Road intersection,Traffic
3408,Hospital in Guindy has no doctors available,Health
3409,Public dustbin near Gandhi Street is broken and overflowing,Waste Management
3410,Electricity is unavailable in Perambur for the past 8 days,Electricity
3411,Frequent traffic congestion on South Street during peak hours,Traffic
3412,Zebra crossing markings have faded on Bazaar Street,Traffic
3413,"Low water pressure reported near Bazaar Street, Perambur",Water Supply
3414,Garbage is overflowing near School Lane in Egmore,Waste Management
3415,Broken compound wall near Temple Street is a safety hazard,Public Safety
3416,Unsafe construction site near Park Avenue lacks barricades,Public Safety
3417,Electric pole near Ring Road is leaning dangerously,Electricity
3418,Frequent traffic congestion on Bazaar Street during peak hours,Traffic
3419,"Traffic signal is damaged at School Lane junction, Perambur",Traffic
3420,Stray dogs are attacking residents in Kodambakkam,Public Safety
3421,"No signal at the school crossing near Gandhi Street, Adyar",Traffic
3422,Water tanker did not arrive in Mylapore as scheduled,Water Supply
3423,Billing error in electricity charges for Guindy residents,Electricity
3424,No bus service available to Saidapet after 8 pm,Public Transport
3425,No science teacher appointed at Guindy school for 13 months,Education
3426,Vaccination camp was cancelled without notice in Kolathur,Health
3427,Government hospital near Nehru Street lacks basic medicines,Health
3428,Encroachment on the lake near Nungambakkam is destroying wetlands,Environment
3429,Ambulance service is delayed in Adyar,Health
3430,Bus frequency has reduced drastically on Royapettah route,Public Transport
3431,Waterlogging occurs on Ring Road during rains,Road Maintenance
3432,Hospital in Mylapore lacks cleanliness and hygiene,Health
3433,No traffic police present at busy junction near Market Road,Traffic
3434,Deep pit left uncovered near Ring Road in Chromepet,Public Safety
3435,Hospital in Royapettah lacks cleanliness and hygiene,Health
3436,Transformer near Church Street in Perambur is not working,Electricity
3437,Voltage fluctuation is damaging appliances in Mylapore,Electricity
3438,School lacks drinking water facility in Mylapore,Education
3439,Water supply has been irregular in Vadapalani for 8 weeks,Water Supply
3440,Dumping ground near Nungambakkam is causing bad odor,Waste Management
3441,No water connection provided despite application in the industrial estate,Water Supply
3442,Signboards are missing at the Church Street intersection,Traffic
3443,Last bus timing has been cancelled for Saidapet,Public Transport
3444,Zebra crossing markings have faded on Bypass Road,Traffic
3445,Speed breakers are missing near the school on Station Road,Road Maintenance
3446,Someone demanded a bribe for approval of a document in Pallavaram,Corruption
3447,Vaccination camp was cancelled without notice in Ambattur,Health
3448,Open manhole causing danger on Nehru Street in Kodambakkam,Public Safety
3449,Broken compound wall near MG Road is a safety hazard,Public Safety
3450,Leaking pipeline is wasting water on Park Avenue,Water Supply
3451,Government hospital near Ring Road lacks basic medicines,Health
3452,Public dustbin near Park Avenue is broken and overflowing,Waste Management
3453,Dead animal left uncollected on South Street in Royapettah,Waste Management
3454,Bus service is irregular on the Kodambakkam route,Public Transport
3455,No security personnel at the public park in the railway station road,Public Safety
3456,Garbage collection truck has not come to Ambattur for 6 days,Waste Management
3457,Corruption reported in distribution of government scheme benefits in Ambattur,Corruption
3458,Bus stop shelter near School Lane is damaged,Public Transport
3459,Newly laid road on North Street is already damaged,Road Maintenance
3460,Huge potholes on Bazaar Street in the government school area,Road Maintenance
3461,Dumping ground near Chromepet is causing bad odor,Waste Management
3462,Ambulance service is delayed in Perambur,Health
3463,Voltage fluctuation is damaging appliances in Alwarpet,Electricity
3464,Illegal dumping of waste is happening near Nehru Street,Waste Management
3465,Contaminated water is being supplied in Velachery,Water Supply
3466,Air pollution levels are high near the factory in Kolathur,Environment
3467,Traffic signal timing is too short at Gandhi Street,Traffic
3468,School building near Bazaar Street needs urgent repair,Education
3469,Waterlogging occurs on Ring Road during rains,Road Maintenance
3470,Solar street lights installed in Pallavaram are non functional,Street Lighting
3471,Electric pole near Church Street is leaning dangerously,Electricity
3472,Burning of waste is causing smoke in Phase 2,Environment
3473,Illegal tree cutting is happening near Main Road in the old bus stand area,Environment
3474,A local shopkeeper asked for extra money to process ration card in Guindy,Corruption
3475,Ambulance service is delayed in Pallavaram,Health
3476,Dumping ground near Egmore is causing bad odor,Waste Management
3477,Encroachment on the lake near Guindy is destroying wetlands,Environment
3478,Exposed wires near Bypass Road pose a danger to residents,Electricity
3479,Voltage fluctuation is damaging appliances in Saidapet,Electricity
3480,Hospital in Block C has no doctors available,Health
3481,Open manhole causing danger on Gandhi Street in Phase 2,Public Safety
3482,Dumping ground near Ambattur is causing bad odor,Waste Management
3483,"Traffic signal is damaged at MG Road junction, Alwarpet",Traffic
3484,Power supply tripped and not restored for 5 hours in the main market road,Electricity
3485,Solar street lights installed in Velachery are non functional,Street Lighting
3486,Stray dogs are attacking residents in Saidapet,Public Safety
3487,Money was demanded for processing a pension application in Alwarpet,Corruption
3488,Bribe was demanded for issuing a building permit in Alwarpet,Corruption
3489,Air pollution levels are high near the factory in Nungambakkam,Environment
3490,Borewell in Ward 12 has run dry,Water Supply
3491,Street light flickers continuously on Bazaar Street,Street Lighting
3492,Bribe was demanded for issuing a building permit in Chromepet,Corruption
3493,Overcrowded buses are running on the Ambattur route,Public Transport
3494,Unsafe construction site near Temple Street lacks barricades,Public Safety
3495,Street lights are not working on Main Road in near the temple,Street Lighting
3496,Hospital in Perambur lacks cleanliness and hygiene,Health
3497,A clerk asked for extra money to process ration card in Perambur,Corruption
3498,Stray dogs are attacking residents in Kodambakkam,Public Safety
3499,Water pipe burst near Bazaar Street in the industrial estate,Water Supply
3500,"Traffic signal is damaged at Bazaar Street junction, Kodambakkam",Traffic
3501,Official at the the railway station road office is demanding money for a certificate,Corruption
3502,No waste collection service provided in Block C colony,Waste Management
3503,No science teacher appointed at near the temple school for 4 months,Education
3504,Streetside electric meter is sparking in Kolathur,Electricity
3505,Traffic signal timing is too short at Bypass Road,Traffic
3506,Speed breakers are missing near the school on Gandhi Street,Road Maintenance
3507,Billing error in electricity charges for Royapettah residents,Electricity
3508,Borewell in Mylapore has run dry,Water Supply
3509,Construction debris left on Ring Road blocking traffic,Road Maintenance
3510,Auto drivers are refusing to use the meter near South Street,Public Transport
3511,Street light flickers continuously on MG Road,Street Lighting
3512,A clerk is taking bribes for water connection approvals in the industrial estate,Corruption
3513,Stray dogs are attacking residents in Mylapore,Public Safety
3514,No specialist doctor visits the the panchayat office area health center,Health
3515,Hospital in Porur lacks cleanliness and hygiene,Health
3516,Official at the Tambaram office is demanding money for a certificate,Corruption
3517,Bus conductor misbehaved with passengers on the government school area route,Public Transport
3518,Corruption reported in distribution of government scheme benefits in Sector 5,Corruption
3519,Overcrowded classrooms reported in Vadapalani government school,Education
3520,Hospital in Sector 5 lacks cleanliness and hygiene,Health
3521,Illegal parking is causing traffic jams on MG Road,Traffic
3522,Overhead tank in Egmore has not been cleaned in months,Water Supply
3523,Air pollution levels are high near the factory in Mylapore,Environment
3524,Solar street lights installed in Sector 5 are non functional,Street Lighting
3525,Auto drivers are refusing to use the meter near Temple Street,Public Transport
3526,Garbage is overflowing near Temple Street in the housing board colony,Waste Management
3527,Road near South Street has not been repaired after monsoon,Road Maintenance
3528,Noise pollution from construction near South Street at night,Environment
3529,Power supply tripped and not restored for 2 hours in the main market road,Electricity
3530,Construction debris left on Main Road blocking traffic,Road Maintenance
3531,"New street light pole is needed on Church Street, the panchayat office area",Street Lighting
3532,Government hospital near School Lane lacks basic medicines,Health
3533,Unsafe construction site near Market Road lacks barricades,Public Safety
3534,Electric pole near School Lane is leaning dangerously,Electricity
3535,"No footpath available on Temple Street, pedestrians face danger",Road Maintenance
3536,"Traffic signal is damaged at Park Avenue junction, Nungambakkam",Traffic
3537,Zebra crossing markings have faded on Market Road,Traffic
3538,Bus frequency has reduced drastically on Adyar route,Public Transport
3539,Water supply has been irregular in Royapettah for 3 weeks,Water Supply
3540,"New street light pole is needed on Nehru Street, the main market road",Street Lighting
3541,No specialist doctor visits the Sector 5 health center,Health
3542,School lacks drinking water facility in Mylapore,Education
3543,Long waiting times reported at Block C government hospital,Health
3544,Overcrowded classrooms reported in Pallavaram government school,Education
3545,Long waiting times reported at Perambur government hospital,Health
3546,"Low water pressure reported near Market Road, the old bus stand area",Water Supply
3547,No science teacher appointed at Egmore school for 7 months,Education
3548,Street light flickers continuously on South Street,Street Lighting
3549,Teacher is absent regularly at the Vadapalani government school,Education
3550,No security personnel at the public park in Block C,Public Safety
3551,Abandoned building near Nehru Street is unsafe for children,Public Safety
3552,"No signal at the school crossing near Temple Street, the railway station road",Traffic
3553,Teacher is absent regularly at the Royapettah government school,Education
3554,Air pollution levels are high near the factory in the railway station road,Environment
3555,Street light wiring is exposed and dangerous in Pallavaram,Street Lighting
3556,A government official is taking bribes for water connection approvals in Royapettah,Corruption
3557,Water body near Adyar is being polluted by industrial waste,Environment
3558,Dark stretch on Main Road due to broken street lights,Street Lighting
3559,Streetside electric meter is sparking in Nungambakkam,Electricity
3560,Electric pole near Park Avenue is leaning dangerously,Electricity
3561,Street light wiring is exposed and dangerous in Vadapalani,Street Lighting
3562,Hospital in Kolathur has no doctors available,Health
3563,Deep pit left uncovered near Church Street in the panchayat office area,Public Safety
3564,Overhead tank in Anna Nagar has not been cleaned in months,Water Supply
3565,Dead animal left uncollected on North Street in the main market road,Waste Management
3566,Bribe was demanded for issuing a building permit in Block C,Corruption
3567,Bribe was demanded for issuing a building permit in the panchayat office area,Corruption
3568,Leaking pipeline is wasting water on MG Road,Water Supply
3569,Leaking pipeline is wasting water on Main Road,Water Supply
3570,Hospital in Ward 12 lacks cleanliness and hygiene,Health
3571,Contaminated water is being supplied in Velachery,Water Supply
3572,Stray dogs are attacking residents in Kolathur,Public Safety
3573,Electric pole near South Street is leaning dangerously,Electricity
3574,Broken compound wall near Bazaar Street is a safety hazard,Public Safety
3575,Exposed wires near Gandhi Street pose a danger to residents,Electricity
3576,Electric pole near Nehru Street is leaning dangerously,Electricity
3577,A middleman is taking bribes for water connection approvals in Kodambakkam,Corruption
3578,Frequent traffic congestion on School Lane during peak hours,Traffic
3579,School lacks drinking water facility in Ambattur,Education
3580,Water body near the main market road is being polluted by industrial waste,Environment
3581,New electricity connection is delayed in Royapettah,Electricity
3582,Frequent traffic congestion on Market Road during peak hours,Traffic
3583,Primary health center in Perambur is understaffed,Health
3584,Stray dogs are attacking residents in Ambattur,Public Safety
3585,Live wire lying on Bazaar Street poses electrocution risk,Public Safety
3586,Bus stop shelter near Main Road is damaged,Public Transport
3587,Dead animal left uncollected on North Street in Saidapet,Waste Management
3588,Overcrowded buses are running on the the old bus stand area route,Public Transport
3589,No security personnel at the public park in Adyar,Public Safety
3590,Textbooks not distributed on time in Kolathur schools,Education
3591,Textbooks not distributed on time in the housing board colony schools,Education
3592,Garbage is overflowing near North Street in near the temple,Waste Management
3593,Road divider near Park Avenue is broken,Road Maintenance
3594,Encroachment on the lake near Nungambakkam is destroying wetlands,Environment
3595,Illegal tree cutting is happening near Church Street in Egmore,Environment
3596,Overcrowded buses are running on the the main market road route,Public Transport
3597,No security personnel at the public park in Porur,Public Safety
3598,Burning of waste is causing smoke in Phase 2,Environment
3599,Road divider near Nehru Street is broken,Road Maintenance
3600,New electricity connection is delayed in near the temple,Electricity
3601,Signboards are missing at the Bazaar Street intersection,Traffic
3602,Auto drivers are refusing to use the meter near Gandhi Street,Public Transport
3603,Unsafe construction site near Church Street lacks barricades,Public Safety
3604,Bribe was demanded for issuing a building permit in Tambaram,Corruption
3605,A middleman asked for extra money to process ration card in Tambaram,Corruption
3606,Streetside electric meter is sparking in Phase 2,Electricity
3607,A government official is taking bribes for water connection approvals in the old bus stand area,Corruption
3608,Waterlogging occurs on Bypass Road during rains,Road Maintenance
3609,No science teacher appointed at Kolathur school for 11 months,Education
3610,Dark stretch on Bypass Road due to broken street lights,Street Lighting
3611,Traffic signal timing is too short at MG Road,Traffic
3612,Air pollution levels are high near the factory in near the temple,Environment
3613,Plastic waste dumped near the water body in Guindy,Environment
3614,Noise pollution from construction near Main Road at night,Environment
3615,No traffic police present at busy junction near Gandhi Street,Traffic
3616,An officer at the counter asked for extra money to process ration card in Pallavaram,Corruption
3617,Borewell in near the temple has run dry,Water Supply
3618,Bus stop shelter near School Lane is damaged,Public Transport
3619,Long waiting times reported at Tambaram government hospital,Health
3620,Dead animal left uncollected on Gandhi Street in Adyar,Waste Management
3621,Hospital in Block C has no doctors available,Health
3622,"No footpath available on Gandhi Street, pedestrians face danger",Road Maintenance
3623,Hospital in Phase 2 lacks cleanliness and hygiene,Health
3624,Dead animal left uncollected on South Street in Egmore,Waste Management
3625,Primary health center in Tambaram is understaffed,Health
3626,Corruption reported in distribution of government scheme benefits in Royapettah,Corruption
3627,Road divider near Church Street is broken,Road Maintenance
3628,3 street lights have been off for weeks near Market Road,Street Lighting
3629,"Street lights remain on during daytime in Ward 12, wasting power",Street Lighting
3630,Transformer near Bypass Road in Kodambakkam is not working,Electricity
3631,"Street lights remain on during daytime in Perambur, wasting power",Street Lighting
3632,School lacks drinking water facility in Perambur,Education
3633,A middleman asked for extra money to process ration card in Kolathur,Corruption
3634,Garbage collection truck has not come to Adyar for 8 days,Waste Management
3635,"Low water pressure reported near School Lane, Sector 5",Water Supply
3636,Vaccination camp was cancelled without notice in Saidapet,Health
3637,Noise pollution from construction near North Street at night,Environment
3638,"New street light pole is needed on Church Street, Velachery",Street Lighting
3639,Road near Church Street has not been repaired after monsoon,Road Maintenance
3640,Broken compound wall near Church Street is a safety hazard,Public Safety
3641,"No signal at the school crossing near Main Road, the railway station road",Traffic
3642,Dead animal left uncollected on Bazaar Street in Saidapet,Waste Management
3643,Road divider near Nehru Street is broken,Road Maintenance
3644,Bribe was demanded for issuing a building permit in Vadapalani,Corruption
3645,Electricity is unavailable in Pallavaram for the past 14 days,Electricity
3646,Broken compound wall near Ring Road is a safety hazard,Public Safety
3647,Water tanker did not arrive in Phase 2 as scheduled,Water Supply
3648,New electricity connection is delayed in Nungambakkam,Electricity
3649,Electricity is unavailable in Mylapore for the past 9 days,Electricity
3650,Water supply has been irregular in Adyar for 7 weeks,Water Supply
3651,Segregated waste is being mixed by collection staff in Block C,Waste Management
3652,Transformer near Main Road in the industrial estate is not working,Electricity
3653,Garbage collection truck has not come to Adyar for 13 days,Waste Management
3654,Bus service is irregular on the Block C route,Public Transport
3655,9 street lights have been off for weeks near Gandhi Street,Street Lighting
3656,Waterlogging occurs on Main Road during rains,Road Maintenance
3657,Deep pit left uncovered near School Lane in Saidapet,Public Safety
3658,Live wire lying on Ring Road poses electrocution risk,Public Safety
3659,Teacher is absent regularly at the Adyar government school,Education
3660,Primary health center in Guindy is understaffed,Health
3661,Signboards are missing at the Bypass Road intersection,Traffic
3662,Unsafe construction site near Nehru Street lacks barricades,Public Safety
3663,School building near Bypass Road needs urgent repair,Education
3664,Bus service is irregular on the Chromepet route,Public Transport
3665,Last bus timing has been cancelled for Vadapalani,Public Transport
3666,Government hospital near Nehru Street lacks basic medicines,Health
3667,Street light wiring is exposed and dangerous in Royapettah,Street Lighting
3668,Huge potholes on Nehru Street in the old bus stand area,Road Maintenance
3669,Abandoned building near South Street is unsafe for children,Public Safety
3670,Deep pit left uncovered near Nehru Street in Mylapore,Public Safety
3671,Construction debris left on South Street blocking traffic,Road Maintenance
3672,Hospital in Ambattur has no doctors available,Health
3673,No traffic police present at busy junction near North Street,Traffic
3674,Bus stop shelter near Temple Street is damaged,Public Transport
3675,Leaking pipeline is wasting water on Park Avenue,Water Supply
3676,Street light flickers continuously on Church Street,Street Lighting
3677,"No signal at the school crossing near Nehru Street, Perambur",Traffic
3678,No science teacher appointed at Kodambakkam school for 12 months,Education
3679,14 street lights have been off for weeks near School Lane,Street Lighting
3680,Bribe was demanded for issuing a building permit in the main market road,Corruption
3681,Electricity is unavailable in Block C for the past 4 days,Electricity
3682,Teacher is absent regularly at the Velachery government school,Education
3683,Water body near Porur is being polluted by industrial waste,Environment
3684,Frequent traffic congestion on Temple Street during peak hours,Traffic
3685,Water pipe burst near North Street in Royapettah,Water Supply
3686,School building near Main Road needs urgent repair,Education
3687,Long waiting times reported at Vadapalani government hospital,Health
3688,A municipal worker is taking bribes for water connection approvals in Kodambakkam,Corruption
3689,Street light flickers continuously on South Street,Street Lighting
3690,Garbage collection truck has not come to Chromepet for 2 days,Waste Management
3691,Mid day meal quality is poor at Royapettah school,Education
3692,Money was demanded for processing a pension application in Phase 2,Corruption
3693,Stray dogs are attacking residents in Sector 5,Public Safety
3694,"Low water pressure reported near Nehru Street, Ambattur",Water Supply
3695,School lacks drinking water facility in Vadapalani,Education
3696,Overcrowded buses are running on the Alwarpet route,Public Transport
3697,No security personnel at the public park in Phase 2,Public Safety
3698,Transformer near Market Road in Guindy is not working,Electricity
3699,Public dustbin near North Street is broken and overflowing,Waste Management
3700,Noise pollution from construction near Ring Road at night,Environment
3701,Voltage fluctuation is damaging appliances in Pallavaram,Electricity
3702,Bus service is irregular on the Royapettah route,Public Transport
3703,Mid day meal quality is poor at the government school area school,Education
3704,Garbage collection truck has not come to near the temple for 9 days,Waste Management
3705,No waste collection service provided in the industrial estate colony,Waste Management
3706,No waste collection service provided in Egmore colony,Waste Management
3707,"Street lights remain on during daytime in Mylapore, wasting power",Street Lighting
3708,Billing error in electricity charges for Ward 12 residents,Electricity
3709,Road near Church Street has not been repaired after monsoon,Road Maintenance
3710,Huge potholes on Nehru Street in the government school area,Road Maintenance
3711,Textbooks not distributed on time in Ambattur schools,Education
3712,Noise pollution from construction near Main Road at night,Environment
3713,Official at the Ward 12 office is demanding money for a certificate,Corruption
3714,Illegal dumping of waste is happening near Church Street,Waste Management
3715,Broken compound wall near Ring Road is a safety hazard,Public Safety
3716,No security personnel at the public park in Kodambakkam,Public Safety
3717,Vaccination camp was cancelled without notice in Velachery,Health
3718,Water pipe burst near Park Avenue in Kolathur,Water Supply
3719,Broken compound wall near Main Road is a safety hazard,Public Safety
3720,Speed breakers are missing near the school on Bypass Road,Road Maintenance
3721,Illegal tree cutting is happening near Bazaar Street in Pallavaram,Environment
3722,Teacher is absent regularly at the Kodambakkam government school,Education
3723,Voltage fluctuation is damaging appliances in Porur,Electricity
3724,Government hospital near MG Road lacks basic medicines,Health
3725,Stray dogs are attacking residents in Pallavaram,Public Safety
3726,Public dustbin near Bazaar Street is broken and overflowing,Waste Management
3727,Deep pit left uncovered near School Lane in Ambattur,Public Safety
3728,Traffic signal timing is too short at School Lane,Traffic
3729,"Street lights remain on during daytime in Nungambakkam, wasting power",Street Lighting
3730,Auto drivers are refusing to use the meter near Park Avenue,Public Transport
3731,Dumping ground near Alwarpet is causing bad odor,Waste Management
3732,Government hospital near Temple Street lacks basic medicines,Health
3733,Overhead tank in Nungambakkam has not been cleaned in months,Water Supply
3734,No security personnel at the public park in near the temple,Public Safety
3735,Newly laid road on Temple Street is already damaged,Road Maintenance
3736,Bus stop shelter near Market Road is damaged,Public Transport
3737,Dead animal left uncollected on Nehru Street in Tambaram,Waste Management
3738,"Low water pressure reported near Market Road, Vadapalani",Water Supply
3739,Frequent power cuts are occurring in Mylapore,Electricity
3740,Auto drivers are refusing to use the meter near MG Road,Public Transport
3741,Transformer near Church Street in Velachery is not working,Electricity
3742,Noise pollution from construction near Market Road at night,Environment
3743,Deep pit left uncovered near Ring Road in Phase 2,Public Safety
3744,Vaccination camp was cancelled without notice in Ambattur,Health
3745,Overcrowded buses are running on the Perambur route,Public Transport
3746,Public dustbin near Market Road is broken and overflowing,Waste Management
3747,Live wire lying on Temple Street poses electrocution risk,Public Safety
3748,Official at the Kolathur office is demanding money for a certificate,Corruption
3749,Hospital in Mylapore has no doctors available,Health
3750,New electricity connection is delayed in Velachery,Electricity
3751,Street lights are not working on Main Road in Block C,Street Lighting
3752,Money was demanded for processing a pension application in Ward 12,Corruption
3753,A clerk asked for extra money to process ration card in near the temple,Corruption
3754,Bribe was demanded for issuing a building permit in Nungambakkam,Corruption
3755,Illegal sand mining reported near Guindy,Environment
3756,Electricity is unavailable in Ambattur for the past 4 days,Electricity
3757,Stray dogs are attacking residents in Pallavaram,Public Safety
3758,Voltage fluctuation is damaging appliances in Guindy,Electricity
3759,Street light wiring is exposed and dangerous in the old bus stand area,Street Lighting
3760,Garbage collection truck has not come to Block C for 5 days,Waste Management
3761,Speed breakers are missing near the school on Ring Road,Road Maintenance
3762,Power supply tripped and not restored for 4 hours in Sector 5,Electricity
3763,Illegal dumping of waste is happening near South Street,Waste Management
3764,Exposed wires near Market Road pose a danger to residents,Electricity
3765,Water tanker did not arrive in Sector 5 as scheduled,Water Supply
3766,Primary health center in Guindy is understaffed,Health
3767,Bus frequency has reduced drastically on the main market road route,Public Transport
3768,Stray dogs are attacking residents in Vadapalani,Public Safety
3769,Billing error in electricity charges for Chromepet residents,Electricity
3770,Water body near Chromepet is being polluted by industrial waste,Environment
3771,Bus stop shelter near South Street is damaged,Public Transport
3772,No waste collection service provided in the government school area colony,Waste Management
3773,Primary health center in Alwarpet is understaffed,Health
3774,Air pollution levels are high near the factory in Pallavaram,Environment
3775,Mid day meal quality is poor at Egmore school,Education
3776,Government hospital near North Street lacks basic medicines,Health
3777,Illegal parking is causing traffic jams on Ring Road,Traffic
3778,Segregated waste is being mixed by collection staff in the housing board colony,Waste Management
3779,Live wire lying on Church Street poses electrocution risk,Public Safety
3780,Teacher is absent regularly at the Ward 12 government school,Education
3781,Stray dogs are attacking residents in Egmore,Public Safety
3782,Hospital in the housing board colony lacks cleanliness and hygiene,Health
3783,Electricity is unavailable in the housing board colony for the past 11 days,Electricity
3784,Contaminated water is being supplied in Tambaram,Water Supply
3785,Public dustbin near Nehru Street is broken and overflowing,Waste Management
3786,An officer at the counter asked for extra money to process ration card in the railway station road,Corruption
3787,Construction debris left on Main Road blocking traffic,Road Maintenance
3788,Unsafe construction site near MG Road lacks barricades,Public Safety
3789,Corruption reported in distribution of government scheme benefits in Saidapet,Corruption
3790,Traffic signal timing is too short at Church Street,Traffic
3791,Long waiting times reported at Anna Nagar government hospital,Health
3792,School building near Market Road needs urgent repair,Education
3793,Plastic waste dumped near the water body in T Nagar,Environment
3794,Frequent traffic congestion on Station Road during peak hours,Traffic
3795,Frequent traffic congestion on Temple Street during peak hours,Traffic
3796,Frequent traffic congestion on Market Road during peak hours,Traffic
3797,Hospital in Kolathur has no doctors available,Health
3798,Stray dogs are attacking residents in T Nagar,Public Safety
3799,Unsafe construction site near Nehru Street lacks barricades,Public Safety
3800,Road near Market Road has not been repaired after monsoon,Road Maintenance
3801,A government official asked for extra money to process ration card in Ambattur,Corruption
3802,Newly laid road on Church Street is already damaged,Road Maintenance
3803,Broken compound wall near Station Road is a safety hazard,Public Safety
3804,Dumping ground near Kodambakkam is causing bad odor,Waste Management
3805,Water supply has been irregular in Alwarpet for 12 weeks,Water Supply
3806,No traffic police present at busy junction near Market Road,Traffic
3807,Transformer near Ring Road in Ward 12 is not working,Electricity
3808,Open manhole causing danger on Park Avenue in Anna Nagar,Public Safety
3809,School building near School Lane needs urgent repair,Education
3810,School lacks drinking water facility in Ambattur,Education
3811,Noise pollution from construction near North Street at night,Environment
3812,Mid day meal quality is poor at Ambattur school,Education
3813,No water connection provided despite application in Alwarpet,Water Supply
3814,Long waiting times reported at Anna Nagar government hospital,Health
3815,"No footpath available on Nehru Street, pedestrians face danger",Road Maintenance
3816,No traffic police present at busy junction near Temple Street,Traffic
3817,Construction debris left on MG Road blocking traffic,Road Maintenance
3818,Road divider near Park Avenue is broken,Road Maintenance
3819,Encroachment on the lake near Chromepet is destroying wetlands,Environment
3820,Stray dogs are attacking residents in the railway station road,Public Safety
3821,Bribe was demanded for issuing a building permit in Sector 5,Corruption
3822,Official at the Guindy office is demanding money for a certificate,Corruption
3823,Traffic signal timing is too short at MG Road,Traffic
3824,Official at the Mylapore office is demanding money for a certificate,Corruption
3825,"Low water pressure reported near Bazaar Street, near the temple",Water Supply
3826,Illegal sand mining reported near the railway station road,Environment
3827,Exposed wires near Gandhi Street pose a danger to residents,Electricity
3828,"Traffic signal is damaged at Station Road junction, Perambur",Traffic
3829,Bribe was demanded for issuing a building permit in near the temple,Corruption
3830,Exposed wires near School Lane pose a danger to residents,Electricity
3831,Burning of waste is causing smoke in Perambur,Environment
3832,Ambulance service is delayed in the main market road,Health
3833,Voltage fluctuation is damaging appliances in Velachery,Electricity
3834,New electricity connection is delayed in Royapettah,Electricity
3835,Huge potholes on Station Road in Sector 5,Road Maintenance
3836,"No footpath available on MG Road, pedestrians face danger",Road Maintenance
3837,No waste collection service provided in the old bus stand area colony,Waste Management
3838,Dumping ground near Kolathur is causing bad odor,Waste Management
3839,Power supply tripped and not restored for 15 hours in Block C,Electricity
3840,Bus conductor misbehaved with passengers on Mylapore route,Public Transport
3841,Burning of waste is causing smoke in the industrial estate,Environment
3842,Water body near the housing board colony is being polluted by industrial waste,Environment
3843,Auto drivers are refusing to use the meter near Nehru Street,Public Transport
3844,Traffic signal timing is too short at Church Street,Traffic
3845,Huge potholes on Bypass Road in Nungambakkam,Road Maintenance
3846,Long waiting times reported at Porur government hospital,Health
3847,Illegal dumping of waste is happening near Temple Street,Waste Management
3848,Open manhole causing danger on North Street in Kolathur,Public Safety
3849,Auto drivers are refusing to use the meter near Bypass Road,Public Transport
3850,Textbooks not distributed on time in Mylapore schools,Education
3851,Electric pole near Market Road is leaning dangerously,Electricity
3852,Garbage is overflowing near Bazaar Street in the housing board colony,Waste Management
3853,Dumping ground near Sector 5 is causing bad odor,Waste Management
3854,Broken compound wall near Bazaar Street is a safety hazard,Public Safety
3855,No security personnel at the public park in near the temple,Public Safety
3856,Road divider near Market Road is broken,Road Maintenance
3857,Textbooks not distributed on time in the old bus stand area schools,Education
3858,No security personnel at the public park in the housing board colony,Public Safety
3859,Vaccination camp was cancelled without notice in Phase 2,Health
3860,Last bus timing has been cancelled for Perambur,Public Transport
3861,Newly laid road on Church Street is already damaged,Road Maintenance
3862,Mid day meal quality is poor at Velachery school,Education
3863,Power supply tripped and not restored for 9 hours in Adyar,Electricity
3864,Road near Park Avenue has not been repaired after monsoon,Road Maintenance
3865,Signboards are missing at the Temple Street intersection,Traffic
3866,Segregated waste is being mixed by collection staff in Sector 5,Waste Management
3867,Hospital in Chromepet lacks cleanliness and hygiene,Health
3868,Water supply has been irregular in Royapettah for 7 weeks,Water Supply
3869,Huge potholes on North Street in Phase 2,Road Maintenance
3870,Dead animal left uncollected on Ring Road in Ambattur,Waste Management
3871,Frequent power cuts are occurring in the industrial estate,Electricity
3872,Bus service is irregular on the Block C route,Public Transport
3873,Stray dogs are attacking residents in Velachery,Public Safety
3874,"Traffic signal is damaged at Bazaar Street junction, the old bus stand area",Traffic
3875,Mid day meal quality is poor at Kodambakkam school,Education
3876,School lacks drinking water facility in Block C,Education
3877,"Low water pressure reported near Market Road, near the temple",Water Supply
3878,Electric pole near Nehru Street is leaning dangerously,Electricity
3879,Street lights are not working on Station Road in Porur,Street Lighting
3880,Newly laid road on Temple Street is already damaged,Road Maintenance
3881,Plastic waste dumped near the water body in Vadapalani,Environment
3882,Zebra crossing markings have faded on Ring Road,Traffic
3883,Zebra crossing markings have faded on Station Road,Traffic
3884,Bus frequency has reduced drastically on the panchayat office area route,Public Transport
3885,Burning of waste is causing smoke in near the temple,Environment
3886,Abandoned building near North Street is unsafe for children,Public Safety
3887,Overcrowded classrooms reported in Nungambakkam government school,Education
3888,Water body near Vadapalani is being polluted by industrial waste,Environment
3889,Water supply has been irregular in the industrial estate for 10 weeks,Water Supply
3890,Frequent traffic congestion on Market Road during peak hours,Traffic
3891,Water tanker did not arrive in Ambattur as scheduled,Water Supply
3892,Street light wiring is exposed and dangerous in the housing board colony,Street Lighting
3893,Auto drivers are refusing to use the meter near Station Road,Public Transport
3894,"Traffic signal is damaged at Park Avenue junction, Perambur",Traffic
3895,Overhead tank in the industrial estate has not been cleaned in months,Water Supply
3896,No security personnel at the public park in Velachery,Public Safety
3897,Traffic signal timing is too short at South Street,Traffic
3898,Auto drivers are refusing to use the meter near South Street,Public Transport
3899,Mid day meal quality is poor at Ward 12 school,Education
3900,Borewell in the old bus stand area has run dry,Water Supply
3901,Illegal tree cutting is happening near Park Avenue in the panchayat office area,Environment
3902,Garbage is overflowing near Bypass Road in Egmore,Waste Management
3903,Stray dogs are attacking residents in Sector 5,Public Safety
3904,Bus conductor misbehaved with passengers on near the temple route,Public Transport
3905,Electricity is unavailable in Kodambakkam for the past 11 days,Electricity
3906,Traffic signal timing is too short at Nehru Street,Traffic
3907,Streetside electric meter is sparking in Porur,Electricity
3908,Traffic signal timing is too short at Temple Street,Traffic
3909,Noise pollution from construction near Market Road at night,Environment
3910,"No footpath available on Station Road, pedestrians face danger",Road Maintenance
3911,Illegal dumping of waste is happening near South Street,Waste Management
3912,Illegal sand mining reported near Alwarpet,Environment
3913,Solar street lights installed in Ambattur are non functional,Street Lighting
3914,Textbooks not distributed on time in Sector 5 schools,Education
3915,A municipal worker is taking bribes for water connection approvals in Pallavaram,Corruption
3916,Textbooks not distributed on time in Egmore schools,Education
3917,Overhead tank in Perambur has not been cleaned in months,Water Supply
3918,Water body near the industrial estate is being polluted by industrial waste,Environment
3919,Construction debris left on North Street blocking traffic,Road Maintenance
3920,Hospital in Alwarpet lacks cleanliness and hygiene,Health
3921,Abandoned building near Main Road is unsafe for children,Public Safety
3922,Huge potholes on Church Street in the main market road,Road Maintenance
3923,Stray dogs are attacking residents in Alwarpet,Public Safety
3924,Someone demanded a bribe for approval of a document in Vadapalani,Corruption
3925,Water tanker did not arrive in the housing board colony as scheduled,Water Supply
3926,Official at the the main market road office is demanding money for a certificate,Corruption
3927,Official at the Phase 2 office is demanding money for a certificate,Corruption
3928,School lacks drinking water facility in Porur,Education
3929,There is no drinking water in Vadapalani for the past 9 days,Water Supply
3930,Voltage fluctuation is damaging appliances in Chromepet,Electricity
3931,Money was demanded for processing a pension application in Egmore,Corruption
3932,No water connection provided despite application in the main market road,Water Supply
3933,Noise pollution from construction near School Lane at night,Environment
3934,Mid day meal quality is poor at Adyar school,Education
3935,Overhead tank in Adyar has not been cleaned in months,Water Supply
3936,Transformer near Temple Street in Porur is not working,Electricity
3937,Government hospital near School Lane lacks basic medicines,Health
3938,An officer at the counter is taking bribes for water connection approvals in Mylapore,Corruption
3939,Hospital in Vadapalani lacks cleanliness and hygiene,Health
3940,Broken compound wall near School Lane is a safety hazard,Public Safety
3941,"No footpath available on Ring Road, pedestrians face danger",Road Maintenance
3942,Bribe was demanded for issuing a building permit in Chromepet,Corruption
3943,Burning of waste is causing smoke in the industrial estate,Environment
3944,Overhead tank in Block C has not been cleaned in months,Water Supply
3945,Vaccination camp was cancelled without notice in Nungambakkam,Health
3946,Segregated waste is being mixed by collection staff in Porur,Waste Management
3947,Garbage collection truck has not come to Anna Nagar for 4 days,Waste Management
3948,Corruption reported in distribution of government scheme benefits in the housing board colony,Corruption
3949,Water body near Block C is being polluted by industrial waste,Environment
3950,Deep pit left uncovered near Gandhi Street in the industrial estate,Public Safety
3951,Illegal tree cutting is happening near School Lane in Block C,Environment
3952,Overcrowded buses are running on the Kodambakkam route,Public Transport
3953,Dark stretch on Park Avenue due to broken street lights,Street Lighting
3954,"Street lights remain on during daytime in Egmore, wasting power",Street Lighting
3955,Construction debris left on South Street blocking traffic,Road Maintenance
3956,Voltage fluctuation is damaging appliances in T Nagar,Electricity
3957,Huge potholes on Main Road in the housing board colony,Road Maintenance
3958,Street lights are not working on South Street in the railway station road,Street Lighting
3959,An officer at the counter is taking bribes for water connection approvals in Alwarpet,Corruption
3960,Newly laid road on South Street is already damaged,Road Maintenance
3961,No security personnel at the public park in Alwarpet,Public Safety
3962,Official at the Sector 5 office is demanding money for a certificate,Corruption
3963,Signboards are missing at the Bazaar Street intersection,Traffic
3964,Long waiting times reported at Sector 5 government hospital,Health
3965,"Low water pressure reported near Market Road, Vadapalani",Water Supply
3966,Traffic signal timing is too short at School Lane,Traffic
3967,No waste collection service provided in Saidapet colony,Waste Management
3968,A municipal worker asked for extra money to process ration card in Adyar,Corruption
3969,Borewell in Ambattur has run dry,Water Supply
3970,Deep pit left uncovered near South Street in Pallavaram,Public Safety
3971,Solar street lights installed in Royapettah are non functional,Street Lighting
3972,Vaccination camp was cancelled without notice in near the temple,Health
3973,Someone demanded a bribe for approval of a document in Egmore,Corruption
3974,Zebra crossing markings have faded on North Street,Traffic
3975,Corruption reported in distribution of government scheme benefits in T Nagar,Corruption
3976,Hospital in Porur lacks cleanliness and hygiene,Health
3977,No traffic police present at busy junction near Bazaar Street,Traffic
3978,Contaminated water is being supplied in Vadapalani,Water Supply
3979,Exposed wires near School Lane pose a danger to residents,Electricity
3980,Live wire lying on Nehru Street poses electrocution risk,Public Safety
3981,New electricity connection is delayed in Pallavaram,Electricity
3982,Electricity is unavailable in Nungambakkam for the past 4 days,Electricity
3983,Illegal parking is causing traffic jams on South Street,Traffic
3984,Deep pit left uncovered near Market Road in Nungambakkam,Public Safety
3985,School in the government school area lacks proper toilet facilities,Education
3986,No security personnel at the public park in Alwarpet,Public Safety
3987,Electricity is unavailable in the old bus stand area for the past 4 days,Electricity
3988,Overcrowded classrooms reported in Phase 2 government school,Education
3989,No bus service available to Nungambakkam after 8 pm,Public Transport
3990,Leaking pipeline is wasting water on Park Avenue,Water Supply
3991,Plastic waste dumped near the water body in Kolathur,Environment
3992,Electric pole near Nehru Street is leaning dangerously,Electricity
3993,No specialist doctor visits the the government school area health center,Health
3994,Bus stop shelter near Gandhi Street is damaged,Public Transport
3995,Signboards are missing at the Station Road intersection,Traffic
3996,"No signal at the school crossing near Bypass Road, Kolathur",Traffic
3997,Vaccination camp was cancelled without notice in Anna Nagar,Health
3998,Street light flickers continuously on Gandhi Street,Street Lighting
3999,Contaminated water is being supplied in the housing board colony,Water Supply
4000,Corruption reported in distribution of government scheme benefits in Mylapore,Corruption
4001,Government hospital near Park Avenue lacks basic medicines,Health
4002,Deep pit left uncovered near Church Street in the housing board colony,Public Safety
4003,School lacks drinking water facility in near the temple,Education
4004,Signboards are missing at the Ring Road intersection,Traffic
4005,No traffic police present at busy junction near Gandhi Street,Traffic
4006,No waste collection service provided in the industrial estate colony,Waste Management
4007,No water connection provided despite application in Alwarpet,Water Supply
4008,Water tanker did not arrive in T Nagar as scheduled,Water Supply
4009,Stray dogs are attacking residents in Phase 2,Public Safety
4010,No bus service available to Perambur after 8 pm,Public Transport
4011,School lacks drinking water facility in Alwarpet,Education
4012,Overhead tank in Ward 12 has not been cleaned in months,Water Supply
4013,School lacks drinking water facility in Alwarpet,Education
4014,Money was demanded for processing a pension application in Alwarpet,Corruption
4015,Water supply has been irregular in Porur for 4 weeks,Water Supply
4016,Power supply tripped and not restored for 6 hours in Mylapore,Electricity
4017,Illegal parking is causing traffic jams on Ring Road,Traffic
4018,Segregated waste is being mixed by collection staff in Anna Nagar,Waste Management
4019,Encroachment on the lake near Vadapalani is destroying wetlands,Environment
4020,Billing error in electricity charges for T Nagar residents,Electricity
4021,Dead animal left uncollected on Ring Road in the government school area,Waste Management
4022,Vaccination camp was cancelled without notice in Vadapalani,Health
4023,Bribe was demanded for issuing a building permit in Saidapet,Corruption
4024,11 street lights have been off for weeks near Park Avenue,Street Lighting
4025,Teacher is absent regularly at the Perambur government school,Education
4026,Unsafe construction site near South Street lacks barricades,Public Safety
4027,Noise pollution from construction near School Lane at night,Environment
4028,School in Kolathur lacks proper toilet facilities,Education
4029,"Street lights remain on during daytime in Porur, wasting power",Street Lighting
4030,Dumping ground near Kodambakkam is causing bad odor,Waste Management
4031,Signboards are missing at the Park Avenue intersection,Traffic
4032,Billing error in electricity charges for the panchayat office area residents,Electricity
4033,Official at the Anna Nagar office is demanding money for a certificate,Corruption
4034,Illegal tree cutting is happening near Main Road in Kodambakkam,Environment
4035,Someone demanded a bribe for approval of a document in the panchayat office area,Corruption
4036,Deep pit left uncovered near Bypass Road in Vadapalani,Public Safety
4037,Transformer near North Street in Sector 5 is not working,Electricity
4038,"Traffic signal is damaged at Nehru Street junction, Chromepet",Traffic
4039,Illegal dumping of waste is happening near Park Avenue,Waste Management
4040,Someone demanded a bribe for approval of a document in Ambattur,Corruption
4041,Street light wiring is exposed and dangerous in the old bus stand area,Street Lighting
4042,Primary health center in Nungambakkam is understaffed,Health
4043,Segregated waste is being mixed by collection staff in Perambur,Waste Management
4044,"Traffic signal is damaged at Gandhi Street junction, Adyar",Traffic
4045,Street lights are not working on Main Road in the industrial estate,Street Lighting
4046,Last bus timing has been cancelled for Block C,Public Transport
4047,Broken compound wall near MG Road is a safety hazard,Public Safety
4048,Money was demanded for processing a pension application in Porur,Corruption
4049,Official at the Chromepet office is demanding money for a certificate,Corruption
4050,School lacks drinking water facility in Porur,Education
4051,Abandoned building near Church Street is unsafe for children,Public Safety
4052,Segregated waste is being mixed by collection staff in Phase 2,Waste Management
4053,Solar street lights installed in Velachery are non functional,Street Lighting
4054,Road divider near MG Road is broken,Road Maintenance
4055,Traffic signal timing is too short at Church Street,Traffic
4056,Bus frequency has reduced drastically on Pallavaram route,Public Transport
4057,Road near Nehru Street has not been repaired after monsoon,Road Maintenance
4058,Street light wiring is exposed and dangerous in near the temple,Street Lighting
4059,2 street lights have been off for weeks near South Street,Street Lighting
4060,Textbooks not distributed on time in Kolathur schools,Education
4061,Government hospital near Nehru Street lacks basic medicines,Health
4062,Public dustbin near MG Road is broken and overflowing,Waste Management
4063,Construction debris left on School Lane blocking traffic,Road Maintenance
4064,Illegal parking is causing traffic jams on Temple Street,Traffic
4065,Last bus timing has been cancelled for Block C,Public Transport
4066,Plastic waste dumped near the water body in Ambattur,Environment
4067,"Traffic signal is damaged at Market Road junction, Nungambakkam",Traffic
4068,Illegal tree cutting is happening near Temple Street in Phase 2,Environment
4069,Illegal dumping of waste is happening near Main Road,Waste Management
4070,Water tanker did not arrive in the housing board colony as scheduled,Water Supply
4071,Mid day meal quality is poor at the railway station road school,Education
4072,Waterlogging occurs on Temple Street during rains,Road Maintenance
4073,A local shopkeeper is taking bribes for water connection approvals in Alwarpet,Corruption
4074,Ambulance service is delayed in T Nagar,Health
4075,Electric pole near North Street is leaning dangerously,Electricity
4076,Government hospital near Market Road lacks basic medicines,Health
4077,Bus conductor misbehaved with passengers on the industrial estate route,Public Transport
4078,No traffic police present at busy junction near Gandhi Street,Traffic
4079,Electric pole near Ring Road is leaning dangerously,Electricity
4080,Street lights are not working on School Lane in Alwarpet,Street Lighting
4081,No waste collection service provided in the main market road colony,Waste Management
4082,Vaccination camp was cancelled without notice in the railway station road,Health
4083,Bribe was demanded for issuing a building permit in Porur,Corruption
4084,"No signal at the school crossing near Ring Road, T Nagar",Traffic
4085,"No signal at the school crossing near MG Road, Velachery",Traffic
4086,Government hospital near Temple Street lacks basic medicines,Health
4087,Bribe was demanded for issuing a building permit in Block C,Corruption
4088,School building near Church Street needs urgent repair,Education
4089,Street lights are not working on North Street in Ward 12,Street Lighting
4090,No bus service available to Vadapalani after 8 pm,Public Transport
4091,Open manhole causing danger on South Street in Alwarpet,Public Safety
4092,Air pollution levels are high near the factory in Phase 2,Environment
4093,No water connection provided despite application in Chromepet,Water Supply
4094,Bus service is irregular on the Mylapore route,Public Transport
4095,Segregated waste is being mixed by collection staff in Block C,Waste Management
4096,Official at the the main market road office is demanding money for a certificate,Corruption
4097,Electric pole near School Lane is leaning dangerously,Electricity
4098,Unsafe construction site near MG Road lacks barricades,Public Safety
4099,Water tanker did not arrive in the railway station road as scheduled,Water Supply
4100,Ambulance service is delayed in Royapettah,Health
4101,Water pipe burst near Ring Road in Alwarpet,Water Supply
4102,Leaking pipeline is wasting water on MG Road,Water Supply
4103,An officer at the counter is taking bribes for water connection approvals in Porur,Corruption
4104,Bus conductor misbehaved with passengers on the government school area route,Public Transport
4105,Vaccination camp was cancelled without notice in Guindy,Health
4106,Contaminated water is being supplied in Egmore,Water Supply
4107,Electricity is unavailable in Alwarpet for the past 4 days,Electricity
4108,Dead animal left uncollected on Station Road in Anna Nagar,Waste Management
4109,Burning of waste is causing smoke in the old bus stand area,Environment
4110,Long waiting times reported at T Nagar government hospital,Health
4111,"Traffic signal is damaged at Park Avenue junction, T Nagar",Traffic
4112,Hospital in Tambaram lacks cleanliness and hygiene,Health
4113,Public dustbin near Bazaar Street is broken and overflowing,Waste Management
4114,Water supply has been irregular in the government school area for 3 weeks,Water Supply
4115,Overcrowded classrooms reported in Chromepet government school,Education
4116,Power supply tripped and not restored for 7 hours in Adyar,Electricity
4117,Waterlogging occurs on Nehru Street during rains,Road Maintenance
4118,Dumping ground near Ambattur is causing bad odor,Waste Management
4119,Illegal dumping of waste is happening near North Street,Waste Management
4120,Air pollution levels are high near the factory in Guindy,Environment
4121,Water tanker did not arrive in Block C as scheduled,Water Supply
4122,Overcrowded classrooms reported in Perambur government school,Education
4123,Official at the Royapettah office is demanding money for a certificate,Corruption
4124,Solar street lights installed in Mylapore are non functional,Street Lighting
4125,Encroachment on the lake near the government school area is destroying wetlands,Environment
4126,Bus service is irregular on the T Nagar route,Public Transport
4127,"No footpath available on School Lane, pedestrians face danger",Road Maintenance
4128,Zebra crossing markings have faded on Park Avenue,Traffic
4129,Road near Nehru Street has not been repaired after monsoon,Road Maintenance
4130,Illegal parking is causing traffic jams on North Street,Traffic
4131,Dead animal left uncollected on South Street in the housing board colony,Waste Management
4132,Last bus timing has been cancelled for Tambaram,Public Transport
4133,Public dustbin near Nehru Street is broken and overflowing,Waste Management
4134,Money was demanded for processing a pension application in the railway station road,Corruption
4135,Hospital in Anna Nagar has no doctors available,Health
4136,Stray dogs are attacking residents in the government school area,Public Safety
4137,Billing error in electricity charges for Perambur residents,Electricity
4138,Zebra crossing markings have faded on MG Road,Traffic
4139,Deep pit left uncovered near South Street in the old bus stand area,Public Safety
4140,No traffic police present at busy junction near Market Road,Traffic
4141,There is no drinking water in the housing board colony for the past 8 days,Water Supply
4142,Primary health center in Sector 5 is understaffed,Health
4143,Bus service is irregular on the the main market road route,Public Transport
4144,School lacks drinking water facility in Porur,Education
4145,Money was demanded for processing a pension application in Royapettah,Corruption
4146,No science teacher appointed at Adyar school for 10 months,Education
4147,No science teacher appointed at T Nagar school for 4 months,Education
4148,Illegal tree cutting is happening near Bazaar Street in Nungambakkam,Environment
4149,Bus conductor misbehaved with passengers on Guindy route,Public Transport
4150,Speed breakers are missing near the school on Nehru Street,Road Maintenance
4151,Borewell in Ward 12 has run dry,Water Supply
4152,Stray dogs are attacking residents in Adyar,Public Safety
4153,Someone demanded a bribe for approval of a document in Vadapalani,Corruption
4154,Dead animal left uncollected on Bypass Road in Nungambakkam,Waste Management
4155,Transformer near School Lane in T Nagar is not working,Electricity
4156,Dark stretch on Nehru Street due to broken street lights,Street Lighting
4157,Solar street lights installed in Perambur are non functional,Street Lighting
4158,Newly laid road on Church Street is already damaged,Road Maintenance
4159,Someone demanded a bribe for approval of a document in Porur,Corruption
4160,Official at the Phase 2 office is demanding money for a certificate,Corruption
4161,Water tanker did not arrive in Ward 12 as scheduled,Water Supply
4162,Zebra crossing markings have faded on Bazaar Street,Traffic
4163,No science teacher appointed at Pallavaram school for 12 months,Education
4164,School in the main market road lacks proper toilet facilities,Education
4165,Segregated waste is being mixed by collection staff in Velachery,Waste Management
4166,Bribe was demanded for issuing a building permit in Egmore,Corruption
4167,Billing error in electricity charges for Phase 2 residents,Electricity
4168,Primary health center in Anna Nagar is understaffed,Health
4169,Water body near Nungambakkam is being polluted by industrial waste,Environment
4170,Dark stretch on Nehru Street due to broken street lights,Street Lighting
4171,Street light flickers continuously on Station Road,Street Lighting
4172,Dead animal left uncollected on Main Road in Royapettah,Waste Management
4173,Huge potholes on North Street in Pallavaram,Road Maintenance
4174,Streetside electric meter is sparking in Ambattur,Electricity
4175,Frequent traffic congestion on Temple Street during peak hours,Traffic
4176,"Traffic signal is damaged at Bypass Road junction, the industrial estate",Traffic
4177,Garbage collection truck has not come to Vadapalani for 9 days,Waste Management
4178,Vaccination camp was cancelled without notice in the main market road,Health
4179,Primary health center in Nungambakkam is understaffed,Health
4180,Stray dogs are attacking residents in Royapettah,Public Safety
4181,Burning of waste is causing smoke in Sector 5,Environment
4182,Government hospital near Nehru Street lacks basic medicines,Health
4183,Open manhole causing danger on MG Road in Saidapet,Public Safety
4184,No specialist doctor visits the Alwarpet health center,Health
4185,An officer at the counter is taking bribes for water connection approvals in Perambur,Corruption
4186,No waste collection service provided in Vadapalani colony,Waste Management
4187,Vaccination camp was cancelled without notice in the old bus stand area,Health
4188,No security personnel at the public park in Chromepet,Public Safety
4189,Signboards are missing at the Market Road intersection,Traffic
4190,Bus stop shelter near Market Road is damaged,Public Transport
4191,"Street lights remain on during daytime in Ambattur, wasting power",Street Lighting
4192,Live wire lying on MG Road poses electrocution risk,Public Safety
4193,Live wire lying on Church Street poses electrocution risk,Public Safety
4194,Street light wiring is exposed and dangerous in Pallavaram,Street Lighting
4195,Road near Church Street has not been repaired after monsoon,Road Maintenance
4196,Open manhole causing danger on School Lane in Adyar,Public Safety
4197,Air pollution levels are high near the factory in Guindy,Environment
4198,Hospital in T Nagar lacks cleanliness and hygiene,Health
4199,Teacher is absent regularly at the Phase 2 government school,Education
4200,No traffic police present at busy junction near Market Road,Traffic
4201,Solar street lights installed in Vadapalani are non functional,Street Lighting
4202,Contaminated water is being supplied in Adyar,Water Supply
4203,Last bus timing has been cancelled for the railway station road,Public Transport
4204,3 street lights have been off for weeks near School Lane,Street Lighting
4205,Auto drivers are refusing to use the meter near Gandhi Street,Public Transport
4206,Overcrowded classrooms reported in Perambur government school,Education
4207,Frequent power cuts are occurring in Tambaram,Electricity
4208,Exposed wires near North Street pose a danger to residents,Electricity
4209,Vaccination camp was cancelled without notice in Adyar,Health
4210,Water supply has been irregular in Phase 2 for 5 weeks,Water Supply
4211,An officer at the counter is taking bribes for water connection approvals in Saidapet,Corruption
4212,School in Block C lacks proper toilet facilities,Education
4213,Broken compound wall near Station Road is a safety hazard,Public Safety
4214,Frequent traffic congestion on Bypass Road during peak hours,Traffic
4215,"No footpath available on Station Road, pedestrians face danger",Road Maintenance
4216,Frequent traffic congestion on Gandhi Street during peak hours,Traffic
4217,Streetside electric meter is sparking in Adyar,Electricity
4218,Government hospital near MG Road lacks basic medicines,Health
4219,Teacher is absent regularly at the Kolathur government school,Education
4220,Plastic waste dumped near the water body in the government school area,Environment
4221,New electricity connection is delayed in Anna Nagar,Electricity
4222,No security personnel at the public park in Kolathur,Public Safety
4223,Air pollution levels are high near the factory in the government school area,Environment
4224,Teacher is absent regularly at the Vadapalani government school,Education
4225,There is no drinking water in the government school area for the past 9 days,Water Supply
4226,Hospital in the government school area has no doctors available,Health
4227,Street light wiring is exposed and dangerous in T Nagar,Street Lighting
4228,A municipal worker asked for extra money to process ration card in Sector 5,Corruption
4229,Huge potholes on Bazaar Street in T Nagar,Road Maintenance
4230,No specialist doctor visits the Ambattur health center,Health
4231,Plastic waste dumped near the water body in Velachery,Environment
4232,Bus service is irregular on the the main market road route,Public Transport
4233,Bus conductor misbehaved with passengers on the railway station road route,Public Transport
4234,Construction debris left on Ring Road blocking traffic,Road Maintenance
4235,New electricity connection is delayed in Velachery,Electricity
4236,Exposed wires near Market Road pose a danger to residents,Electricity
4237,Overcrowded classrooms reported in Porur government school,Education
4238,Water body near Adyar is being polluted by industrial waste,Environment
4239,Garbage collection truck has not come to Perambur for 4 days,Waste Management
4240,Open manhole causing danger on MG Road in Perambur,Public Safety
4241,Open manhole causing danger on North Street in Phase 2,Public Safety
4242,School lacks drinking water facility in Mylapore,Education
4243,Construction debris left on Ring Road blocking traffic,Road Maintenance
4244,Last bus timing has been cancelled for Vadapalani,Public Transport
4245,Street light wiring is exposed and dangerous in Vadapalani,Street Lighting
4246,Stray dogs are attacking residents in Alwarpet,Public Safety
4247,Someone demanded a bribe for approval of a document in Kodambakkam,Corruption
4248,Ambulance service is delayed in Sector 5,Health
4249,Abandoned building near Bypass Road is unsafe for children,Public Safety
4250,Dead animal left uncollected on Bypass Road in Sector 5,Waste Management
4251,Hospital in Ward 12 has no doctors available,Health
4252,Waterlogging occurs on Bypass Road during rains,Road Maintenance
4253,Signboards are missing at the MG Road intersection,Traffic
4254,Illegal parking is causing traffic jams on North Street,Traffic
4255,Illegal dumping of waste is happening near MG Road,Waste Management
4256,Hospital in the government school area has no doctors available,Health
4257,No traffic police present at busy junction near Temple Street,Traffic
4258,Signboards are missing at the Ring Road intersection,Traffic
4259,Teacher is absent regularly at the Nungambakkam government school,Education
4260,No security personnel at the public park in near the temple,Public Safety
4261,Corruption reported in distribution of government scheme benefits in Nungambakkam,Corruption
4262,School in Guindy lacks proper toilet facilities,Education
4263,School in Kodambakkam lacks proper toilet facilities,Education
4264,Speed breakers are missing near the school on Temple Street,Road Maintenance
4265,Segregated waste is being mixed by collection staff in T Nagar,Waste Management
4266,Bus service is irregular on the Egmore route,Public Transport
4267,Burning of waste is causing smoke in Ward 12,Environment
4268,Frequent power cuts are occurring in Royapettah,Electricity
4269,"Street lights remain on during daytime in Alwarpet, wasting power",Street Lighting
4270,Illegal sand mining reported near Phase 2,Environment
4271,Ambulance service is delayed in Ambattur,Health
4272,Power supply tripped and not restored for 2 hours in the housing board colony,Electricity
4273,Plastic waste dumped near the water body in the old bus stand area,Environment
4274,School building near Main Road needs urgent repair,Education
4275,Encroachment on the lake near T Nagar is destroying wetlands,Environment
4276,Electric pole near School Lane is leaning dangerously,Electricity
4277,Auto drivers are refusing to use the meter near Temple Street,Public Transport
4278,Hospital in Block C lacks cleanliness and hygiene,Health
4279,Last bus timing has been cancelled for Ambattur,Public Transport
4280,Dark stretch on South Street due to broken street lights,Street Lighting
4281,A municipal worker asked for extra money to process ration card in Chromepet,Corruption
4282,"Traffic signal is damaged at Station Road junction, Ward 12",Traffic
4283,Unsafe construction site near Temple Street lacks barricades,Public Safety
4284,Noise pollution from construction near Gandhi Street at night,Environment
4285,Encroachment on the lake near Sector 5 is destroying wetlands,Environment
4286,Overcrowded classrooms reported in the government school area government school,Education
4287,Signboards are missing at the Nehru Street intersection,Traffic
4288,No bus service available to Block C after 8 pm,Public Transport
4289,Burning of waste is causing smoke in Adyar,Environment
4290,Corruption reported in distribution of government scheme benefits in the housing board colony,Corruption
4291,Garbage collection truck has not come to Velachery for 5 days,Waste Management
4292,Someone demanded a bribe for approval of a document in Pallavaram,Corruption
4293,Official at the Guindy office is demanding money for a certificate,Corruption
4294,Official at the Ambattur office is demanding money for a certificate,Corruption
4295,Overcrowded classrooms reported in Porur government school,Education
4296,"New street light pole is needed on MG Road, Anna Nagar",Street Lighting
4297,No waste collection service provided in Porur colony,Waste Management
4298,Overcrowded classrooms reported in Adyar government school,Education
4299,No specialist doctor visits the the industrial estate health center,Health
4300,Deep pit left uncovered near Temple Street in Phase 2,Public Safety
4301,Traffic signal timing is too short at North Street,Traffic
4302,Corruption reported in distribution of government scheme benefits in Anna Nagar,Corruption
4303,Bus conductor misbehaved with passengers on Kodambakkam route,Public Transport
4304,Noise pollution from construction near Church Street at night,Environment
4305,13 street lights have been off for weeks near Station Road,Street Lighting
4306,No specialist doctor visits the the main market road health center,Health
4307,Frequent power cuts are occurring in Block C,Electricity
4308,"No signal at the school crossing near Ring Road, Saidapet",Traffic
4309,Teacher is absent regularly at the the government school area government school,Education
4310,Plastic waste dumped near the water body in Phase 2,Environment
4311,Government hospital near North Street lacks basic medicines,Health
4312,Garbage is overflowing near School Lane in Chromepet,Waste Management
4313,Bus stop shelter near Bazaar Street is damaged,Public Transport
4314,No specialist doctor visits the the housing board colony health center,Health
4315,Voltage fluctuation is damaging appliances in the industrial estate,Electricity
4316,Waterlogging occurs on Gandhi Street during rains,Road Maintenance
4317,Water body near Block C is being polluted by industrial waste,Environment
4318,Abandoned building near MG Road is unsafe for children,Public Safety
4319,Dumping ground near the old bus stand area is causing bad odor,Waste Management
4320,Air pollution levels are high near the factory in Mylapore,Environment
4321,Open manhole causing danger on Gandhi Street in Pallavaram,Public Safety
4322,Hospital in the industrial estate lacks cleanliness and hygiene,Health
4323,Teacher is absent regularly at the Kolathur government school,Education
4324,Ambulance service is delayed in Adyar,Health
4325,Ambulance service is delayed in Porur,Health
4326,Traffic signal timing is too short at Gandhi Street,Traffic
4327,Street lights are not working on School Lane in Saidapet,Street Lighting
4328,2 street lights have been off for weeks near Main Road,Street Lighting
4329,Textbooks not distributed on time in Nungambakkam schools,Education
4330,Public dustbin near South Street is broken and overflowing,Waste Management
4331,School lacks drinking water facility in the old bus stand area,Education
4332,There is no drinking water in Ward 12 for the past 4 days,Water Supply
4333,Leaking pipeline is wasting water on Station Road,Water Supply
4334,Water tanker did not arrive in Ward 12 as scheduled,Water Supply
4335,There is no drinking water in the government school area for the past 2 days,Water Supply
4336,Illegal sand mining reported near Vadapalani,Environment
4337,Money was demanded for processing a pension application in Guindy,Corruption
4338,Street light wiring is exposed and dangerous in the panchayat office area,Street Lighting
4339,"No footpath available on Church Street, pedestrians face danger",Road Maintenance
4340,Burning of waste is causing smoke in Ward 12,Environment
4341,10 street lights have been off for weeks near Station Road,Street Lighting
4342,Corruption reported in distribution of government scheme benefits in Block C,Corruption
4343,Street light wiring is exposed and dangerous in Chromepet,Street Lighting
4344,No traffic police present at busy junction near Bypass Road,Traffic
4345,Huge potholes on MG Road in Royapettah,Road Maintenance
4346,"Street lights remain on during daytime in Kodambakkam, wasting power",Street Lighting
4347,Bus stop shelter near Nehru Street is damaged,Public Transport
4348,Billing error in electricity charges for the main market road residents,Electricity
4349,Electric pole near South Street is leaning dangerously,Electricity
4350,No specialist doctor visits the T Nagar health center,Health
4351,Public dustbin near South Street is broken and overflowing,Waste Management
4352,Speed breakers are missing near the school on North Street,Road Maintenance
4353,No specialist doctor visits the Vadapalani health center,Health
4354,Deep pit left uncovered near North Street in the panchayat office area,Public Safety
4355,Corruption reported in distribution of government scheme benefits in T Nagar,Corruption
4356,Water tanker did not arrive in the housing board colony as scheduled,Water Supply
4357,No waste collection service provided in Nungambakkam colony,Waste Management
4358,Frequent traffic congestion on Church Street during peak hours,Traffic
4359,Teacher is absent regularly at the the railway station road government school,Education
4360,Vaccination camp was cancelled without notice in Egmore,Health
4361,Vaccination camp was cancelled without notice in Egmore,Health
4362,Bus conductor misbehaved with passengers on Ambattur route,Public Transport
4363,Primary health center in Tambaram is understaffed,Health
4364,"New street light pole is needed on Church Street, Kolathur",Street Lighting
4365,Long waiting times reported at Kolathur government hospital,Health
4366,Teacher is absent regularly at the Sector 5 government school,Education
4367,Illegal dumping of waste is happening near Ring Road,Waste Management
4368,Waterlogging occurs on Temple Street during rains,Road Maintenance
4369,Frequent traffic congestion on Bypass Road during peak hours,Traffic
4370,Vaccination camp was cancelled without notice in the industrial estate,Health
4371,Noise pollution from construction near Bypass Road at night,Environment
4372,Street light wiring is exposed and dangerous in T Nagar,Street Lighting
4373,"No signal at the school crossing near South Street, Guindy",Traffic
4374,Garbage is overflowing near Station Road in Adyar,Waste Management
4375,Traffic signal timing is too short at Main Road,Traffic
4376,"No signal at the school crossing near Station Road, Kolathur",Traffic
4377,Leaking pipeline is wasting water on Bazaar Street,Water Supply
4378,Water supply has been irregular in Guindy for 7 weeks,Water Supply
4379,Plastic waste dumped near the water body in Guindy,Environment
4380,Unsafe construction site near Bypass Road lacks barricades,Public Safety
4381,Unsafe construction site near MG Road lacks barricades,Public Safety
4382,Electricity is unavailable in the old bus stand area for the past 14 days,Electricity
4383,Textbooks not distributed on time in Anna Nagar schools,Education
4384,Unsafe construction site near Ring Road lacks barricades,Public Safety
4385,Newly laid road on Bazaar Street is already damaged,Road Maintenance
4386,Frequent traffic congestion on Church Street during peak hours,Traffic
4387,Exposed wires near Nehru Street pose a danger to residents,Electricity
4388,Last bus timing has been cancelled for near the temple,Public Transport
4389,Stray dogs are attacking residents in Saidapet,Public Safety
4390,Speed breakers are missing near the school on Nehru Street,Road Maintenance
4391,Mid day meal quality is poor at the industrial estate school,Education
4392,"Low water pressure reported near South Street, Egmore",Water Supply
4393,Encroachment on the lake near the government school area is destroying wetlands,Environment
4394,"Street lights remain on during daytime in Saidapet, wasting power",Street Lighting
4395,Borewell in Kolathur has run dry,Water Supply
4396,No security personnel at the public park in the industrial estate,Public Safety
4397,Primary health center in Ambattur is understaffed,Health
4398,Last bus timing has been cancelled for Kolathur,Public Transport
4399,Vaccination camp was cancelled without notice in Kolathur,Health
4400,Newly laid road on Park Avenue is already damaged,Road Maintenance
4401,Illegal parking is causing traffic jams on Main Road,Traffic
4402,Illegal sand mining reported near Porur,Environment
4403,Long waiting times reported at Saidapet government hospital,Health
4404,"No footpath available on Market Road, pedestrians face danger",Road Maintenance
4405,Water body near Porur is being polluted by industrial waste,Environment
4406,"Low water pressure reported near Main Road, Pallavaram",Water Supply
4407,Borewell in Tambaram has run dry,Water Supply
4408,Teacher is absent regularly at the the old bus stand area government school,Education
4409,Bus service is irregular on the Phase 2 route,Public Transport
4410,Bus conductor misbehaved with passengers on Saidapet route,Public Transport
4411,Deep pit left uncovered near Park Avenue in Kolathur,Public Safety
4412,Official at the Saidapet office is demanding money for a certificate,Corruption
4413,No waste collection service provided in Alwarpet colony,Waste Management
4414,Official at the Pallavaram office is demanding money for a certificate,Corruption
4415,No waste collection service provided in Mylapore colony,Waste Management
4416,"Low water pressure reported near Park Avenue, Ward 12",Water Supply
4417,Illegal parking is causing traffic jams on Church Street,Traffic
4418,Vaccination camp was cancelled without notice in T Nagar,Health
4419,Hospital in Kodambakkam lacks cleanliness and hygiene,Health
4420,Vaccination camp was cancelled without notice in the panchayat office area,Health
4421,"New street light pole is needed on Gandhi Street, Vadapalani",Street Lighting
4422,Water supply has been irregular in Alwarpet for 10 weeks,Water Supply
4423,Road divider near Church Street is broken,Road Maintenance
4424,Street light wiring is exposed and dangerous in Velachery,Street Lighting
4425,Ambulance service is delayed in near the temple,Health
4426,Hospital in T Nagar lacks cleanliness and hygiene,Health
4427,No waste collection service provided in the main market road colony,Waste Management
4428,No bus service available to Perambur after 8 pm,Public Transport
4429,Stray dogs are attacking residents in Phase 2,Public Safety
4430,"Traffic signal is damaged at Nehru Street junction, the railway station road",Traffic
4431,Billing error in electricity charges for the housing board colony residents,Electricity
4432,Dead animal left uncollected on School Lane in Alwarpet,Waste Management
4433,Air pollution levels are high near the factory in T Nagar,Environment
4434,New electricity connection is delayed in the panchayat office area,Electricity
4435,"New street light pole is needed on Market Road, T Nagar",Street Lighting
4436,Burning of waste is causing smoke in T Nagar,Environment
4437,Open manhole causing danger on Bazaar Street in the panchayat office area,Public Safety
4438,Newly laid road on Ring Road is already damaged,Road Maintenance
4439,"Street lights remain on during daytime in the industrial estate, wasting power",Street Lighting
4440,Road near Temple Street has not been repaired after monsoon,Road Maintenance
4441,Bus stop shelter near Bazaar Street is damaged,Public Transport
4442,Billing error in electricity charges for Nungambakkam residents,Electricity
4443,"Street lights remain on during daytime in Perambur, wasting power",Street Lighting
4444,Plastic waste dumped near the water body in Egmore,Environment
4445,Dark stretch on Station Road due to broken street lights,Street Lighting
4446,Ambulance service is delayed in Perambur,Health
4447,Traffic signal timing is too short at South Street,Traffic
4448,Hospital in Egmore has no doctors available,Health
4449,Water tanker did not arrive in Pallavaram as scheduled,Water Supply
4450,Road divider near North Street is broken,Road Maintenance
4451,Broken compound wall near Station Road is a safety hazard,Public Safety
4452,Electric pole near South Street is leaning dangerously,Electricity
4453,Zebra crossing markings have faded on North Street,Traffic
4454,Noise pollution from construction near Market Road at night,Environment
4455,School in Sector 5 lacks proper toilet facilities,Education
4456,Textbooks not distributed on time in Porur schools,Education
4457,Long waiting times reported at Alwarpet government hospital,Health
4458,Government hospital near Ring Road lacks basic medicines,Health
4459,"Traffic signal is damaged at Gandhi Street junction, Chromepet",Traffic
4460,A local shopkeeper is taking bribes for water connection approvals in Alwarpet,Corruption
4461,11 street lights have been off for weeks near North Street,Street Lighting
4462,Water tanker did not arrive in Perambur as scheduled,Water Supply
4463,"No signal at the school crossing near North Street, the railway station road",Traffic
4464,"No signal at the school crossing near School Lane, Anna Nagar",Traffic
4465,Deep pit left uncovered near Main Road in Egmore,Public Safety
4466,Water body near Kodambakkam is being polluted by industrial waste,Environment
4467,Unsafe construction site near Nehru Street lacks barricades,Public Safety
4468,Money was demanded for processing a pension application in the main market road,Corruption
4469,Deep pit left uncovered near Bazaar Street in Porur,Public Safety
4470,Water body near Kolathur is being polluted by industrial waste,Environment
4471,Official at the the government school area office is demanding money for a certificate,Corruption
4472,Bus service is irregular on the Guindy route,Public Transport
4473,"Traffic signal is damaged at Ring Road junction, Perambur",Traffic
4474,Power supply tripped and not restored for 6 hours in Ward 12,Electricity
4475,No water connection provided despite application in Guindy,Water Supply
4476,Government hospital near Station Road lacks basic medicines,Health
4477,Zebra crossing markings have faded on Station Road,Traffic
4478,Long waiting times reported at Anna Nagar government hospital,Health
4479,Encroachment on the lake near the industrial estate is destroying wetlands,Environment
4480,Zebra crossing markings have faded on Gandhi Street,Traffic
4481,Deep pit left uncovered near Station Road in Alwarpet,Public Safety
4482,Illegal sand mining reported near the old bus stand area,Environment
4483,Deep pit left uncovered near Gandhi Street in Vadapalani,Public Safety
4484,Bribe was demanded for issuing a building permit in the railway station road,Corruption
4485,Dark stretch on Park Avenue due to broken street lights,Street Lighting
4486,Abandoned building near Bazaar Street is unsafe for children,Public Safety
4487,Air pollution levels are high near the factory in Vadapalani,Environment
4488,Street lights are not working on North Street in Royapettah,Street Lighting
4489,Burning of waste is causing smoke in Vadapalani,Environment
4490,School lacks drinking water facility in Kolathur,Education
4491,Newly laid road on Bazaar Street is already damaged,Road Maintenance
4492,Illegal parking is causing traffic jams on Market Road,Traffic
4493,Dead animal left uncollected on Bazaar Street in the housing board colony,Waste Management
4494,Frequent traffic congestion on Main Road during peak hours,Traffic
4495,Illegal tree cutting is happening near Bypass Road in Nungambakkam,Environment
4496,Bribe was demanded for issuing a building permit in Velachery,Corruption
4497,Waterlogging occurs on Gandhi Street during rains,Road Maintenance
4498,"Street lights remain on during daytime in Nungambakkam, wasting power",Street Lighting
4499,2 street lights have been off for weeks near North Street,Street Lighting
4500,Plastic waste dumped near the water body in the industrial estate,Environment
4501,Huge potholes on South Street in Nungambakkam,Road Maintenance
4502,Mid day meal quality is poor at the industrial estate school,Education
4503,No traffic police present at busy junction near Ring Road,Traffic
4504,No traffic police present at busy junction near Park Avenue,Traffic
4505,Road near Ring Road has not been repaired after monsoon,Road Maintenance
4506,No specialist doctor visits the T Nagar health center,Health
4507,No traffic police present at busy junction near Park Avenue,Traffic
4508,"Traffic signal is damaged at Main Road junction, Phase 2",Traffic
4509,A local shopkeeper is taking bribes for water connection approvals in Royapettah,Corruption
4510,"Traffic signal is damaged at Temple Street junction, Block C",Traffic
4511,Last bus timing has been cancelled for Ambattur,Public Transport
4512,School lacks drinking water facility in Velachery,Education
4513,Stray dogs are attacking residents in Sector 5,Public Safety
4514,Electric pole near Gandhi Street is leaning dangerously,Electricity
4515,No bus service available to the government school area after 8 pm,Public Transport
4516,Water pipe burst near Park Avenue in Saidapet,Water Supply
4517,"No footpath available on Nehru Street, pedestrians face danger",Road Maintenance
4518,Illegal sand mining reported near Block C,Environment
4519,Road divider near Main Road is broken,Road Maintenance
4520,Signboards are missing at the Market Road intersection,Traffic
4521,Water tanker did not arrive in Guindy as scheduled,Water Supply
4522,Bus conductor misbehaved with passengers on the industrial estate route,Public Transport
4523,Water supply has been irregular in Perambur for 12 weeks,Water Supply
4524,Deep pit left uncovered near MG Road in the housing board colony,Public Safety
4525,Speed breakers are missing near the school on Bazaar Street,Road Maintenance
4526,8 street lights have been off for weeks near Temple Street,Street Lighting
4527,Exposed wires near Nehru Street pose a danger to residents,Electricity
4528,Frequent power cuts are occurring in the old bus stand area,Electricity
4529,A government official asked for extra money to process ration card in Kolathur,Corruption
4530,Ambulance service is delayed in the old bus stand area,Health
4531,Waterlogging occurs on Nehru Street during rains,Road Maintenance
4532,Hospital in the government school area has no doctors available,Health
4533,Billing error in electricity charges for Mylapore residents,Electricity
4534,Streetside electric meter is sparking in Kodambakkam,Electricity
4535,Street lights are not working on Nehru Street in Alwarpet,Street Lighting
4536,Signboards are missing at the School Lane intersection,Traffic
4537,Dead animal left uncollected on Temple Street in near the temple,Waste Management
4538,School building near North Street needs urgent repair,Education
4539,A government official asked for extra money to process ration card in Adyar,Corruption
4540,Auto drivers are refusing to use the meter near Nehru Street,Public Transport
4541,"No signal at the school crossing near Temple Street, Tambaram",Traffic
4542,Frequent traffic congestion on Nehru Street during peak hours,Traffic
4543,Money was demanded for processing a pension application in Alwarpet,Corruption
4544,Electricity is unavailable in Kodambakkam for the past 8 days,Electricity
4545,Primary health center in Chromepet is understaffed,Health
4546,Construction debris left on Station Road blocking traffic,Road Maintenance
4547,There is no drinking water in Block C for the past 3 days,Water Supply
4548,Overcrowded classrooms reported in Tambaram government school,Education
4549,Bus stop shelter near Bazaar Street is damaged,Public Transport
4550,Ambulance service is delayed in Royapettah,Health
4551,Dumping ground near the railway station road is causing bad odor,Waste Management
4552,Power supply tripped and not restored for 10 hours in the panchayat office area,Electricity
4553,Segregated waste is being mixed by collection staff in the main market road,Waste Management
4554,Burning of waste is causing smoke in near the temple,Environment
4555,Bus frequency has reduced drastically on Royapettah route,Public Transport
4556,School in Vadapalani lacks proper toilet facilities,Education
4557,Speed breakers are missing near the school on North Street,Road Maintenance
4558,Overcrowded buses are running on the Nungambakkam route,Public Transport
4559,Plastic waste dumped near the water body in Pallavaram,Environment
4560,Official at the the railway station road office is demanding money for a certificate,Corruption
4561,Long waiting times reported at T Nagar government hospital,Health
4562,Zebra crossing markings have faded on Park Avenue,Traffic
4563,Streetside electric meter is sparking in Vadapalani,Electricity
4564,11 street lights have been off for weeks near Church Street,Street Lighting
4565,Street light flickers continuously on Station Road,Street Lighting
4566,Money was demanded for processing a pension application in Velachery,Corruption
4567,Water tanker did not arrive in Mylapore as scheduled,Water Supply
4568,Street lights are not working on Temple Street in Sector 5,Street Lighting
4569,Waterlogging occurs on Main Road during rains,Road Maintenance
4570,School building near Gandhi Street needs urgent repair,Education
4571,Illegal sand mining reported near Tambaram,Environment
4572,Public dustbin near Station Road is broken and overflowing,Waste Management
4573,No security personnel at the public park in Nungambakkam,Public Safety
4574,Speed breakers are missing near the school on Ring Road,Road Maintenance
4575,Water tanker did not arrive in Pallavaram as scheduled,Water Supply
4576,Hospital in the railway station road has no doctors available,Health
4577,Live wire lying on Station Road poses electrocution risk,Public Safety
4578,Corruption reported in distribution of government scheme benefits in Pallavaram,Corruption
4579,Official at the Guindy office is demanding money for a certificate,Corruption
4580,School building near Ring Road needs urgent repair,Education
4581,"New street light pole is needed on MG Road, Nungambakkam",Street Lighting
4582,Plastic waste dumped near the water body in Kolathur,Environment
4583,"Street lights remain on during daytime in Ward 12, wasting power",Street Lighting
4584,Government hospital near School Lane lacks basic medicines,Health
4585,New electricity connection is delayed in Sector 5,Electricity
4586,Long waiting times reported at T Nagar government hospital,Health
4587,Auto drivers are refusing to use the meter near Ring Road,Public Transport
4588,Illegal parking is causing traffic jams on South Street,Traffic
4589,Illegal sand mining reported near Sector 5,Environment
4590,Money was demanded for processing a pension application in the industrial estate,Corruption
4591,Dead animal left uncollected on Temple Street in Porur,Waste Management
4592,Leaking pipeline is wasting water on School Lane,Water Supply
4593,Bus frequency has reduced drastically on near the temple route,Public Transport
4594,Street lights are not working on Main Road in Ambattur,Street Lighting
4595,School building near Market Road needs urgent repair,Education
4596,Bus conductor misbehaved with passengers on Pallavaram route,Public Transport
4597,Open manhole causing danger on MG Road in Vadapalani,Public Safety
4598,Frequent power cuts are occurring in Ambattur,Electricity
4599,Bus service is irregular on the Anna Nagar route,Public Transport
4600,Segregated waste is being mixed by collection staff in Egmore,Waste Management
4601,Public dustbin near Bypass Road is broken and overflowing,Waste Management
4602,Waterlogging occurs on South Street during rains,Road Maintenance
4603,Water body near Nungambakkam is being polluted by industrial waste,Environment
4604,Broken compound wall near Gandhi Street is a safety hazard,Public Safety
4605,10 street lights have been off for weeks near MG Road,Street Lighting
4606,Garbage collection truck has not come to the old bus stand area for 7 days,Waste Management
4607,Construction debris left on Bypass Road blocking traffic,Road Maintenance
4608,Official at the Porur office is demanding money for a certificate,Corruption
4609,Garbage collection truck has not come to the government school area for 15 days,Waste Management
4610,Garbage collection truck has not come to Ward 12 for 6 days,Waste Management
4611,Air pollution levels are high near the factory in the industrial estate,Environment
4612,An officer at the counter asked for extra money to process ration card in Kolathur,Corruption
4613,Burning of waste is causing smoke in Saidapet,Environment
4614,"Low water pressure reported near South Street, Chromepet",Water Supply
4615,Street light flickers continuously on Gandhi Street,Street Lighting
4616,3 street lights have been off for weeks near Temple Street,Street Lighting
4617,Mid day meal quality is poor at near the temple school,Education
4618,Bus frequency has reduced drastically on Vadapalani route,Public Transport
4619,Garbage is overflowing near Bypass Road in Egmore,Waste Management
4620,No specialist doctor visits the Ward 12 health center,Health
4621,School building near South Street needs urgent repair,Education
4622,Water body near the housing board colony is being polluted by industrial waste,Environment
4623,Huge potholes on Main Road in Pallavaram,Road Maintenance
4624,Dead animal left uncollected on Church Street in Chromepet,Waste Management
4625,Newly laid road on Market Road is already damaged,Road Maintenance
4626,Hospital in Tambaram lacks cleanliness and hygiene,Health
4627,Newly laid road on Church Street is already damaged,Road Maintenance
4628,Noise pollution from construction near Bypass Road at night,Environment
4629,Garbage is overflowing near Market Road in Pallavaram,Waste Management
4630,Abandoned building near Bypass Road is unsafe for children,Public Safety
4631,Dark stretch on Bazaar Street due to broken street lights,Street Lighting
4632,Noise pollution from construction near Bazaar Street at night,Environment
4633,Dead animal left uncollected on Ring Road in Royapettah,Waste Management
4634,School in Block C lacks proper toilet facilities,Education
4635,School lacks drinking water facility in Velachery,Education
4636,Bus service is irregular on the Ward 12 route,Public Transport
4637,Newly laid road on North Street is already damaged,Road Maintenance
4638,Road divider near Church Street is broken,Road Maintenance
4639,Illegal parking is causing traffic jams on Station Road,Traffic
4640,"Low water pressure reported near Gandhi Street, Velachery",Water Supply
4641,Billing error in electricity charges for Porur residents,Electricity
4642,Water supply has been irregular in Kodambakkam for 3 weeks,Water Supply
4643,Corruption reported in distribution of government scheme benefits in Nungambakkam,Corruption
4644,Overhead tank in the government school area has not been cleaned in months,Water Supply
4645,Dead animal left uncollected on Ring Road in the main market road,Waste Management
4646,Air pollution levels are high near the factory in Anna Nagar,Environment
4647,Broken compound wall near MG Road is a safety hazard,Public Safety
4648,Billing error in electricity charges for the government school area residents,Electricity
4649,Illegal dumping of waste is happening near MG Road,Waste Management
4650,There is no drinking water in Guindy for the past 10 days,Water Supply
4651,Huge potholes on South Street in Velachery,Road Maintenance
4652,Overcrowded classrooms reported in Phase 2 government school,Education
4653,Overcrowded classrooms reported in the main market road government school,Education
4654,Bus conductor misbehaved with passengers on Ward 12 route,Public Transport
4655,Last bus timing has been cancelled for Egmore,Public Transport
4656,Corruption reported in distribution of government scheme benefits in Tambaram,Corruption
4657,Official at the Egmore office is demanding money for a certificate,Corruption
4658,Illegal dumping of waste is happening near MG Road,Waste Management
4659,Burning of waste is causing smoke in Guindy,Environment
4660,School in Anna Nagar lacks proper toilet facilities,Education
4661,School lacks drinking water facility in Velachery,Education
4662,Exposed wires near Main Road pose a danger to residents,Electricity
4663,There is no drinking water in Perambur for the past 8 days,Water Supply
4664,No specialist doctor visits the Velachery health center,Health
4665,Auto drivers are refusing to use the meter near Temple Street,Public Transport
4666,Transformer near Nehru Street in near the temple is not working,Electricity
4667,No bus service available to Chromepet after 8 pm,Public Transport
4668,Unsafe construction site near Gandhi Street lacks barricades,Public Safety
4669,Illegal dumping of waste is happening near MG Road,Waste Management
4670,Money was demanded for processing a pension application in Velachery,Corruption
4671,Street light flickers continuously on Ring Road,Street Lighting
4672,Garbage collection truck has not come to Saidapet for 4 days,Waste Management
4673,"Traffic signal is damaged at Gandhi Street junction, Mylapore",Traffic
4674,Streetside electric meter is sparking in Pallavaram,Electricity
4675,Government hospital near South Street lacks basic medicines,Health
4676,Street light wiring is exposed and dangerous in Ward 12,Street Lighting
4677,"New street light pole is needed on Gandhi Street, Egmore",Street Lighting
4678,Public dustbin near Park Avenue is broken and overflowing,Waste Management
4679,There is no drinking water in Ward 12 for the past 14 days,Water Supply
4680,Bus conductor misbehaved with passengers on Anna Nagar route,Public Transport
4681,Waterlogging occurs on Temple Street during rains,Road Maintenance
4682,Garbage is overflowing near South Street in Sector 5,Waste Management
4683,Official at the Vadapalani office is demanding money for a certificate,Corruption
4684,No water connection provided despite application in Anna Nagar,Water Supply
4685,Exposed wires near Market Road pose a danger to residents,Electricity
4686,Abandoned building near School Lane is unsafe for children,Public Safety
4687,Hospital in the panchayat office area lacks cleanliness and hygiene,Health
4688,Street light wiring is exposed and dangerous in Porur,Street Lighting
4689,Mid day meal quality is poor at Vadapalani school,Education
4690,Illegal parking is causing traffic jams on Main Road,Traffic
4691,Segregated waste is being mixed by collection staff in Pallavaram,Waste Management
4692,School building near Bypass Road needs urgent repair,Education
4693,Water pipe burst near Park Avenue in near the temple,Water Supply
4694,Stray dogs are attacking residents in T Nagar,Public Safety
4695,Official at the Adyar office is demanding money for a certificate,Corruption
4696,Stray dogs are attacking residents in Ambattur,Public Safety
4697,Frequent traffic congestion on Gandhi Street during peak hours,Traffic
4698,No waste collection service provided in Anna Nagar colony,Waste Management
4699,Long waiting times reported at Adyar government hospital,Health
4700,Zebra crossing markings have faded on North Street,Traffic
4701,No traffic police present at busy junction near Park Avenue,Traffic
4702,An officer at the counter asked for extra money to process ration card in Ward 12,Corruption
4703,Bus frequency has reduced drastically on Chromepet route,Public Transport
4704,Transformer near Station Road in T Nagar is not working,Electricity
4705,Road divider near Main Road is broken,Road Maintenance
4706,No specialist doctor visits the the housing board colony health center,Health
4707,School lacks drinking water facility in Egmore,Education
4708,Long waiting times reported at Porur government hospital,Health
4709,Dumping ground near Royapettah is causing bad odor,Waste Management
4710,Huge potholes on South Street in the main market road,Road Maintenance
4711,Primary health center in Vadapalani is understaffed,Health
4712,Dead animal left uncollected on Church Street in the main market road,Waste Management
4713,Water tanker did not arrive in the industrial estate as scheduled,Water Supply
4714,Water supply has been irregular in Saidapet for 15 weeks,Water Supply
4715,Illegal tree cutting is happening near Temple Street in Mylapore,Environment
4716,Road near North Street has not been repaired after monsoon,Road Maintenance
4717,There is no drinking water in Ambattur for the past 9 days,Water Supply
4718,Illegal tree cutting is happening near Park Avenue in Anna Nagar,Environment
4719,Government hospital near Bazaar Street lacks basic medicines,Health
4720,Public dustbin near Bazaar Street is broken and overflowing,Waste Management
4721,Bus frequency has reduced drastically on Egmore route,Public Transport
4722,Plastic waste dumped near the water body in Pallavaram,Environment
4723,Textbooks not distributed on time in the industrial estate schools,Education
4724,School building near South Street needs urgent repair,Education
4725,Burning of waste is causing smoke in Vadapalani,Environment
4726,Government hospital near North Street lacks basic medicines,Health
4727,"No signal at the school crossing near North Street, Tambaram",Traffic
4728,Public dustbin near Station Road is broken and overflowing,Waste Management
4729,Bus conductor misbehaved with passengers on Egmore route,Public Transport
4730,Garbage collection truck has not come to the housing board colony for 11 days,Waste Management
4731,"No footpath available on Main Road, pedestrians face danger",Road Maintenance
4732,School lacks drinking water facility in Sector 5,Education
4733,Long waiting times reported at Adyar government hospital,Health
4734,Open manhole causing danger on School Lane in Perambur,Public Safety
4735,Borewell in Sector 5 has run dry,Water Supply
4736,Water body near the old bus stand area is being polluted by industrial waste,Environment
4737,Zebra crossing markings have faded on Main Road,Traffic
4738,Electric pole near Market Road is leaning dangerously,Electricity
4739,New electricity connection is delayed in Velachery,Electricity
4740,Contaminated water is being supplied in Perambur,Water Supply
4741,Bus service is irregular on the Pallavaram route,Public Transport
4742,Live wire lying on Station Road poses electrocution risk,Public Safety
4743,"No footpath available on Gandhi Street, pedestrians face danger",Road Maintenance
4744,A clerk is taking bribes for water connection approvals in the railway station road,Corruption
4745,Waterlogging occurs on Bypass Road during rains,Road Maintenance
4746,A clerk is taking bribes for water connection approvals in Saidapet,Corruption
4747,Garbage collection truck has not come to the old bus stand area for 13 days,Waste Management
4748,Last bus timing has been cancelled for Kolathur,Public Transport
4749,"No signal at the school crossing near Market Road, Chromepet",Traffic
4750,Stray dogs are attacking residents in T Nagar,Public Safety
4751,Broken compound wall near Bypass Road is a safety hazard,Public Safety
4752,No water connection provided despite application in the panchayat office area,Water Supply
4753,No bus service available to Perambur after 8 pm,Public Transport
4754,Burning of waste is causing smoke in Kolathur,Environment
4755,Unsafe construction site near Temple Street lacks barricades,Public Safety
4756,No science teacher appointed at Pallavaram school for 6 months,Education
4757,"New street light pole is needed on Nehru Street, the panchayat office area",Street Lighting
4758,Hospital in Velachery lacks cleanliness and hygiene,Health
4759,Water body near T Nagar is being polluted by industrial waste,Environment
4760,A local shopkeeper asked for extra money to process ration card in Kolathur,Corruption
4761,No waste collection service provided in the government school area colony,Waste Management
4762,Water pipe burst near Ring Road in Kodambakkam,Water Supply
4763,Waterlogging occurs on School Lane during rains,Road Maintenance
4764,School building near North Street needs urgent repair,Education
4765,Textbooks not distributed on time in Pallavaram schools,Education
4766,Deep pit left uncovered near Temple Street in Ward 12,Public Safety
4767,No specialist doctor visits the Block C health center,Health
4768,School building near MG Road needs urgent repair,Education
4769,Dead animal left uncollected on Bazaar Street in Kodambakkam,Waste Management
4770,"No signal at the school crossing near School Lane, Adyar",Traffic
4771,Public dustbin near Church Street is broken and overflowing,Waste Management
4772,Billing error in electricity charges for Nungambakkam residents,Electricity
4773,Government hospital near Ring Road lacks basic medicines,Health
4774,Broken compound wall near Gandhi Street is a safety hazard,Public Safety
4775,Water supply has been irregular in Block C for 4 weeks,Water Supply
4776,Illegal tree cutting is happening near Nehru Street in Egmore,Environment
4777,Bus stop shelter near MG Road is damaged,Public Transport
4778,Garbage is overflowing near Ring Road in Sector 5,Waste Management
4779,Voltage fluctuation is damaging appliances in Chromepet,Electricity
4780,Encroachment on the lake near the old bus stand area is destroying wetlands,Environment
4781,Power supply tripped and not restored for 14 hours in Vadapalani,Electricity
4782,"Traffic signal is damaged at Main Road junction, Phase 2",Traffic
4783,Newly laid road on Station Road is already damaged,Road Maintenance
4784,Vaccination camp was cancelled without notice in Pallavaram,Health
4785,Ambulance service is delayed in near the temple,Health
4786,Dark stretch on North Street due to broken street lights,Street Lighting
4787,Illegal parking is causing traffic jams on Station Road,Traffic
4788,Live wire lying on Main Road poses electrocution risk,Public Safety
4789,Street light flickers continuously on Temple Street,Street Lighting
4790,Street light wiring is exposed and dangerous in Ambattur,Street Lighting
4791,Plastic waste dumped near the water body in Phase 2,Environment
4792,Dark stretch on Park Avenue due to broken street lights,Street Lighting
4793,Unsafe construction site near Park Avenue lacks barricades,Public Safety
4794,Official at the the main market road office is demanding money for a certificate,Corruption
4795,Primary health center in Chromepet is understaffed,Health
4796,Dead animal left uncollected on Bypass Road in the housing board colony,Waste Management
4797,No security personnel at the public park in the panchayat office area,Public Safety
4798,A middleman asked for extra money to process ration card in Porur,Corruption
4799,Frequent power cuts are occurring in Anna Nagar,Electricity
4800,Billing error in electricity charges for Perambur residents,Electricity
4801,School building near Ring Road needs urgent repair,Education
4802,Last bus timing has been cancelled for the railway station road,Public Transport
4803,Bus conductor misbehaved with passengers on Ward 12 route,Public Transport
4804,"Traffic signal is damaged at Bypass Road junction, Kolathur",Traffic
4805,Burning of waste is causing smoke in Block C,Environment
4806,Street lights are not working on MG Road in Tambaram,Street Lighting
4807,Traffic signal timing is too short at Bazaar Street,Traffic
4808,Vaccination camp was cancelled without notice in Guindy,Health
4809,Overcrowded buses are running on the the industrial estate route,Public Transport
4810,No specialist doctor visits the Tambaram health center,Health
4811,"Traffic signal is damaged at North Street junction, Pallavaram",Traffic
4812,Burning of waste is causing smoke in Perambur,Environment
4813,No science teacher appointed at Nungambakkam school for 13 months,Education
4814,Illegal tree cutting is happening near Gandhi Street in Nungambakkam,Environment
4815,Water tanker did not arrive in Tambaram as scheduled,Water Supply
4816,Transformer near Market Road in Block C is not working,Electricity
4817,Waterlogging occurs on MG Road during rains,Road Maintenance
4818,Long waiting times reported at Kolathur government hospital,Health
4819,School in the government school area lacks proper toilet facilities,Education
4820,Streetside electric meter is sparking in Kodambakkam,Electricity
4821,Transformer near Bypass Road in the industrial estate is not working,Electricity
4822,3 street lights have been off for weeks near Ring Road,Street Lighting
4823,Open manhole causing danger on MG Road in Guindy,Public Safety
4824,Illegal dumping of waste is happening near Ring Road,Waste Management
4825,Illegal sand mining reported near Saidapet,Environment
4826,School building near Nehru Street needs urgent repair,Education
4827,"Street lights remain on during daytime in the industrial estate, wasting power",Street Lighting
4828,Hospital in Egmore has no doctors available,Health
4829,No science teacher appointed at Pallavaram school for 12 months,Education
4830,Dead animal left uncollected on School Lane in T Nagar,Waste Management
4831,Abandoned building near Nehru Street is unsafe for children,Public Safety
4832,Mid day meal quality is poor at the government school area school,Education
4833,Water pipe burst near North Street in Nungambakkam,Water Supply
4834,School lacks drinking water facility in Velachery,Education
4835,Borewell in the panchayat office area has run dry,Water Supply
4836,School in Sector 5 lacks proper toilet facilities,Education
4837,Water pipe burst near Market Road in Velachery,Water Supply
4838,Primary health center in Alwarpet is understaffed,Health
4839,Bus conductor misbehaved with passengers on Pallavaram route,Public Transport
4840,"No footpath available on Gandhi Street, pedestrians face danger",Road Maintenance
4841,Huge potholes on MG Road in Anna Nagar,Road Maintenance
4842,"Street lights remain on during daytime in the panchayat office area, wasting power",Street Lighting
4843,Corruption reported in distribution of government scheme benefits in Sector 5,Corruption
4844,Huge potholes on Church Street in Egmore,Road Maintenance
4845,No specialist doctor visits the Royapettah health center,Health
4846,Government hospital near Nehru Street lacks basic medicines,Health
4847,Vaccination camp was cancelled without notice in Ambattur,Health
4848,Vaccination camp was cancelled without notice in Pallavaram,Health
4849,Public dustbin near North Street is broken and overflowing,Waste Management
4850,Overhead tank in Perambur has not been cleaned in months,Water Supply
4851,Last bus timing has been cancelled for Chromepet,Public Transport
4852,Water tanker did not arrive in Alwarpet as scheduled,Water Supply
4853,Streetside electric meter is sparking in Saidapet,Electricity
4854,School building near Ring Road needs urgent repair,Education
4855,Garbage collection truck has not come to Porur for 6 days,Waste Management
4856,Voltage fluctuation is damaging appliances in Vadapalani,Electricity
4857,Water tanker did not arrive in Sector 5 as scheduled,Water Supply
4858,Overhead tank in the railway station road has not been cleaned in months,Water Supply
4859,No security personnel at the public park in Anna Nagar,Public Safety
4860,Billing error in electricity charges for Anna Nagar residents,Electricity
4861,Open manhole causing danger on South Street in Porur,Public Safety
4862,Electric pole near Station Road is leaning dangerously,Electricity
4863,Official at the Alwarpet office is demanding money for a certificate,Corruption
4864,Dark stretch on Nehru Street due to broken street lights,Street Lighting
4865,Road divider near Gandhi Street is broken,Road Maintenance
4866,Overhead tank in Anna Nagar has not been cleaned in months,Water Supply
4867,Ambulance service is delayed in the government school area,Health
4868,A clerk is taking bribes for water connection approvals in the railway station road,Corruption
4869,Open manhole causing danger on Ring Road in Nungambakkam,Public Safety
4870,Huge potholes on Nehru Street in the housing board colony,Road Maintenance
4871,Illegal tree cutting is happening near Church Street in the housing board colony,Environment
4872,Street light flickers continuously on South Street,Street Lighting
4873,11 street lights have been off for weeks near Gandhi Street,Street Lighting
4874,Public dustbin near Station Road is broken and overflowing,Waste Management
4875,Bus stop shelter near Park Avenue is damaged,Public Transport
4876,Bus frequency has reduced drastically on Velachery route,Public Transport
4877,Textbooks not distributed on time in Saidapet schools,Education
4878,Bus service is irregular on the Block C route,Public Transport
4879,Teacher is absent regularly at the Ambattur government school,Education
4880,Abandoned building near Station Road is unsafe for children,Public Safety
4881,"No signal at the school crossing near Market Road, Mylapore",Traffic
4882,Overhead tank in the railway station road has not been cleaned in months,Water Supply
4883,Someone demanded a bribe for approval of a document in the main market road,Corruption
4884,No water connection provided despite application in Saidapet,Water Supply
4885,Primary health center in Anna Nagar is understaffed,Health
4886,Overcrowded buses are running on the Alwarpet route,Public Transport
4887,4 street lights have been off for weeks near Main Road,Street Lighting
4888,Overcrowded classrooms reported in near the temple government school,Education
4889,"Street lights remain on during daytime in T Nagar, wasting power",Street Lighting
4890,Mid day meal quality is poor at Alwarpet school,Education
4891,Overcrowded classrooms reported in Mylapore government school,Education
4892,Public dustbin near Bazaar Street is broken and overflowing,Waste Management
4893,No science teacher appointed at Kolathur school for 8 months,Education
4894,No waste collection service provided in T Nagar colony,Waste Management
4895,Street light wiring is exposed and dangerous in Ward 12,Street Lighting
4896,"Street lights remain on during daytime in Guindy, wasting power",Street Lighting
4897,Hospital in the old bus stand area lacks cleanliness and hygiene,Health
4898,Zebra crossing markings have faded on MG Road,Traffic
4899,No waste collection service provided in the main market road colony,Waste Management
4900,Water tanker did not arrive in the panchayat office area as scheduled,Water Supply
4901,Signboards are missing at the Station Road intersection,Traffic
4902,Illegal parking is causing traffic jams on Station Road,Traffic
4903,Hospital in Sector 5 lacks cleanliness and hygiene,Health
4904,Road divider near Park Avenue is broken,Road Maintenance
4905,Dead animal left uncollected on Gandhi Street in T Nagar,Waste Management
4906,A clerk asked for extra money to process ration card in Adyar,Corruption
4907,Water pipe burst near Market Road in the old bus stand area,Water Supply
4908,Teacher is absent regularly at the Porur government school,Education
4909,Traffic signal timing is too short at Bypass Road,Traffic
4910,Illegal parking is causing traffic jams on Market Road,Traffic
4911,Solar street lights installed in Tambaram are non functional,Street Lighting
4912,Bus service is irregular on the the government school area route,Public Transport
4913,Auto drivers are refusing to use the meter near North Street,Public Transport
4914,Newly laid road on Church Street is already damaged,Road Maintenance
4915,Hospital in Velachery lacks cleanliness and hygiene,Health
4916,Huge potholes on Church Street in Chromepet,Road Maintenance
4917,Deep pit left uncovered near School Lane in Velachery,Public Safety
4918,Auto drivers are refusing to use the meter near Market Road,Public Transport
4919,Power supply tripped and not restored for 13 hours in Pallavaram,Electricity
4920,Newly laid road on School Lane is already damaged,Road Maintenance
4921,Broken compound wall near Station Road is a safety hazard,Public Safety
4922,Transformer near Station Road in Ward 12 is not working,Electricity
4923,Transformer near North Street in Anna Nagar is not working,Electricity
4924,"New street light pole is needed on North Street, the old bus stand area",Street Lighting
4925,No security personnel at the public park in Sector 5,Public Safety
4926,Water tanker did not arrive in the main market road as scheduled,Water Supply
4927,"New street light pole is needed on Market Road, T Nagar",Street Lighting
4928,"No signal at the school crossing near Station Road, Egmore",Traffic
4929,Overcrowded buses are running on the Guindy route,Public Transport
4930,Frequent power cuts are occurring in the government school area,Electricity
4931,Huge potholes on Ring Road in Porur,Road Maintenance
4932,Frequent power cuts are occurring in Anna Nagar,Electricity
4933,Bus service is irregular on the Kodambakkam route,Public Transport
4934,"Street lights remain on during daytime in Egmore, wasting power",Street Lighting
4935,No traffic police present at busy junction near South Street,Traffic
4936,"No footpath available on South Street, pedestrians face danger",Road Maintenance
4937,Ambulance service is delayed in Ward 12,Health
4938,Traffic signal timing is too short at Market Road,Traffic
4939,Stray dogs are attacking residents in near the temple,Public Safety
4940,Overhead tank in Egmore has not been cleaned in months,Water Supply
4941,Illegal tree cutting is happening near Temple Street in Ward 12,Environment
4942,Huge potholes on Ring Road in Tambaram,Road Maintenance
4943,Waterlogging occurs on Church Street during rains,Road Maintenance
4944,Overhead tank in Kodambakkam has not been cleaned in months,Water Supply
4945,Government hospital near Park Avenue lacks basic medicines,Health
4946,Billing error in electricity charges for Ambattur residents,Electricity
4947,A clerk asked for extra money to process ration card in Kodambakkam,Corruption
4948,Textbooks not distributed on time in Block C schools,Education
4949,School in Saidapet lacks proper toilet facilities,Education
4950,Power supply tripped and not restored for 3 hours in near the temple,Electricity
4951,Newly laid road on Gandhi Street is already damaged,Road Maintenance
4952,Government hospital near Bypass Road lacks basic medicines,Health
4953,Open manhole causing danger on Ring Road in Saidapet,Public Safety
4954,Dark stretch on Nehru Street due to broken street lights,Street Lighting
4955,Transformer near Nehru Street in Adyar is not working,Electricity
4956,No bus service available to Sector 5 after 8 pm,Public Transport
4957,Money was demanded for processing a pension application in Vadapalani,Corruption
4958,Solar street lights installed in Anna Nagar are non functional,Street Lighting
4959,Overhead tank in Vadapalani has not been cleaned in months,Water Supply
4960,Solar street lights installed in Anna Nagar are non functional,Street Lighting
4961,Waterlogging occurs on Market Road during rains,Road Maintenance
4962,Newly laid road on Park Avenue is already damaged,Road Maintenance
4963,Teacher is absent regularly at the Anna Nagar government school,Education
4964,Primary health center in T Nagar is understaffed,Health
4965,Official at the Guindy office is demanding money for a certificate,Corruption
4966,Segregated waste is being mixed by collection staff in near the temple,Waste Management
4967,Live wire lying on South Street poses electrocution risk,Public Safety
4968,Deep pit left uncovered near Gandhi Street in Perambur,Public Safety
4969,Dark stretch on South Street due to broken street lights,Street Lighting
4970,"New street light pole is needed on Temple Street, Velachery",Street Lighting
4971,Auto drivers are refusing to use the meter near Church Street,Public Transport
4972,Hospital in Anna Nagar has no doctors available,Health
4973,School building near Market Road needs urgent repair,Education
4974,Road divider near Park Avenue is broken,Road Maintenance
4975,A clerk is taking bribes for water connection approvals in Sector 5,Corruption
4976,"No signal at the school crossing near Ring Road, the panchayat office area",Traffic
4977,Open manhole causing danger on Ring Road in Egmore,Public Safety
4978,Street lights are not working on Park Avenue in Mylapore,Street Lighting
4979,A clerk is taking bribes for water connection approvals in Royapettah,Corruption
4980,"New street light pole is needed on Station Road, Mylapore",Street Lighting
4981,Street light flickers continuously on Nehru Street,Street Lighting
4982,Money was demanded for processing a pension application in Royapettah,Corruption
4983,Bus stop shelter near MG Road is damaged,Public Transport
4984,Vaccination camp was cancelled without notice in Velachery,Health
4985,"Street lights remain on during daytime in Vadapalani, wasting power",Street Lighting
4986,Exposed wires near North Street pose a danger to residents,Electricity
4987,No traffic police present at busy junction near Bypass Road,Traffic
4988,Bus service is irregular on the T Nagar route,Public Transport
4989,Segregated waste is being mixed by collection staff in Guindy,Waste Management
4990,Open manhole causing danger on School Lane in the government school area,Public Safety
4991,Money was demanded for processing a pension application in Velachery,Corruption
4992,A government official is taking bribes for water connection approvals in the housing board colony,Corruption
4993,"Low water pressure reported near Station Road, near the temple",Water Supply
4994,Exposed wires near Temple Street pose a danger to residents,Electricity
4995,No security personnel at the public park in Pallavaram,Public Safety
4996,Illegal tree cutting is happening near South Street in Kolathur,Environment
4997,Speed breakers are missing near the school on South Street,Road Maintenance
4998,"No signal at the school crossing near North Street, Anna Nagar",Traffic
4999,Primary health center in Saidapet is understaffed,Health
5000,Garbage collection truck has not come to Sector 5 for 15 days,Waste Management
5001,Garbage collection truck has not come to Ward 12 for 12 days,Waste Management
5002,Overcrowded classrooms reported in Kodambakkam government school,Education
5003,School building near Main Road needs urgent repair,Education
5004,Traffic signal timing is too short at South Street,Traffic
5005,Abandoned building near Temple Street is unsafe for children,Public Safety
5006,Dead animal left uncollected on North Street in Tambaram,Waste Management
5007,Mid day meal quality is poor at Sector 5 school,Education
5008,Public dustbin near South Street is broken and overflowing,Waste Management
5009,Road divider near South Street is broken,Road Maintenance
5010,Billing error in electricity charges for Ward 12 residents,Electricity
5011,There is no drinking water in Perambur for the past 8 days,Water Supply
5012,Newly laid road on Ring Road is already damaged,Road Maintenance
5013,Water tanker did not arrive in the old bus stand area as scheduled,Water Supply
5014,Water supply has been irregular in Alwarpet for 6 weeks,Water Supply
5015,Street light wiring is exposed and dangerous in near the temple,Street Lighting
5016,Huge potholes on Church Street in Nungambakkam,Road Maintenance
5017,Teacher is absent regularly at the Guindy government school,Education
5018,Solar street lights installed in Perambur are non functional,Street Lighting
5019,Bus service is irregular on the Adyar route,Public Transport
5020,Dead animal left uncollected on Ring Road in Velachery,Waste Management
5021,Hospital in Ward 12 lacks cleanliness and hygiene,Health
5022,Dead animal left uncollected on Ring Road in Egmore,Waste Management
5023,"No footpath available on Ring Road, pedestrians face danger",Road Maintenance
5024,Frequent power cuts are occurring in Saidapet,Electricity
5025,Dumping ground near Pallavaram is causing bad odor,Waste Management
5026,Newly laid road on Bypass Road is already damaged,Road Maintenance
5027,Burning of waste is causing smoke in Ward 12,Environment
5028,School lacks drinking water facility in Egmore,Education
5029,Noise pollution from construction near Church Street at night,Environment
5030,Corruption reported in distribution of government scheme benefits in Royapettah,Corruption
5031,Solar street lights installed in Block C are non functional,Street Lighting
5032,Hospital in Saidapet has no doctors available,Health
5033,Newly laid road on School Lane is already damaged,Road Maintenance
5034,Voltage fluctuation is damaging appliances in the old bus stand area,Electricity
5035,Frequent power cuts are occurring in Kolathur,Electricity
5036,Street lights are not working on Gandhi Street in Anna Nagar,Street Lighting
5037,Bus conductor misbehaved with passengers on the railway station road route,Public Transport
5038,Overhead tank in the housing board colony has not been cleaned in months,Water Supply
5039,Overhead tank in Mylapore has not been cleaned in months,Water Supply
5040,Ambulance service is delayed in Saidapet,Health
5041,Exposed wires near School Lane pose a danger to residents,Electricity
5042,Open manhole causing danger on Park Avenue in Chromepet,Public Safety
5043,Vaccination camp was cancelled without notice in Kodambakkam,Health
5044,11 street lights have been off for weeks near Main Road,Street Lighting
5045,There is no drinking water in Velachery for the past 8 days,Water Supply
5046,Road near South Street has not been repaired after monsoon,Road Maintenance
5047,Live wire lying on South Street poses electrocution risk,Public Safety
5048,Overhead tank in Saidapet has not been cleaned in months,Water Supply
5049,Dumping ground near the housing board colony is causing bad odor,Waste Management
5050,No science teacher appointed at the panchayat office area school for 11 months,Education
5051,Leaking pipeline is wasting water on Park Avenue,Water Supply
5052,Burning of waste is causing smoke in Kolathur,Environment
5053,Overhead tank in the old bus stand area has not been cleaned in months,Water Supply
5054,Frequent power cuts are occurring in Tambaram,Electricity
5055,Traffic signal timing is too short at Bazaar Street,Traffic
5056,Public dustbin near North Street is broken and overflowing,Waste Management
5057,Official at the Anna Nagar office is demanding money for a certificate,Corruption
5058,Abandoned building near Gandhi Street is unsafe for children,Public Safety
5059,Stray dogs are attacking residents in Ward 12,Public Safety
5060,Transformer near Church Street in Kodambakkam is not working,Electricity
5061,Hospital in Block C lacks cleanliness and hygiene,Health
5062,Billing error in electricity charges for Phase 2 residents,Electricity
5063,Money was demanded for processing a pension application in Pallavaram,Corruption
5064,Overhead tank in Porur has not been cleaned in months,Water Supply
5065,Open manhole causing danger on Bazaar Street in Adyar,Public Safety
5066,Hospital in Mylapore has no doctors available,Health
5067,Government hospital near Church Street lacks basic medicines,Health
5068,Signboards are missing at the Church Street intersection,Traffic
5069,Teacher is absent regularly at the Velachery government school,Education
5070,Garbage collection truck has not come to the panchayat office area for 12 days,Waste Management
5071,Voltage fluctuation is damaging appliances in Vadapalani,Electricity
5072,Stray dogs are attacking residents in Porur,Public Safety
5073,Bus conductor misbehaved with passengers on Kodambakkam route,Public Transport
5074,Water supply has been irregular in Anna Nagar for 7 weeks,Water Supply
5075,Mid day meal quality is poor at Mylapore school,Education
5076,6 street lights have been off for weeks near Nehru Street,Street Lighting
5077,Auto drivers are refusing to use the meter near South Street,Public Transport
5078,Billing error in electricity charges for the housing board colony residents,Electricity
5079,Dumping ground near Guindy is causing bad odor,Waste Management
5080,Last bus timing has been cancelled for the main market road,Public Transport
5081,Traffic signal timing is too short at North Street,Traffic
5082,Plastic waste dumped near the water body in Alwarpet,Environment
5083,Plastic waste dumped near the water body in Phase 2,Environment
5084,Water pipe burst near Main Road in Egmore,Water Supply
5085,Water tanker did not arrive in Velachery as scheduled,Water Supply
5086,No science teacher appointed at near the temple school for 13 months,Education
5087,Dead animal left uncollected on Bazaar Street in the housing board colony,Waste Management
5088,Mid day meal quality is poor at the industrial estate school,Education
5089,Someone demanded a bribe for approval of a document in Guindy,Corruption
5090,Garbage collection truck has not come to Kolathur for 7 days,Waste Management
5091,Illegal parking is causing traffic jams on School Lane,Traffic
5092,Dumping ground near near the temple is causing bad odor,Waste Management
5093,Unsafe construction site near Station Road lacks barricades,Public Safety
5094,"No footpath available on Bypass Road, pedestrians face danger",Road Maintenance
5095,Transformer near Nehru Street in the main market road is not working,Electricity
5096,"Traffic signal is damaged at MG Road junction, the panchayat office area",Traffic
5097,Overcrowded buses are running on the Tambaram route,Public Transport
5098,"Low water pressure reported near Church Street, Perambur",Water Supply
5099,No specialist doctor visits the the main market road health center,Health
5100,Overcrowded classrooms reported in Phase 2 government school,Education
5101,Auto drivers are refusing to use the meter near Bypass Road,Public Transport
5102,"No signal at the school crossing near MG Road, Block C",Traffic
5103,"New street light pole is needed on South Street, the railway station road",Street Lighting
5104,Water tanker did not arrive in Saidapet as scheduled,Water Supply
5105,Corruption reported in distribution of government scheme benefits in Chromepet,Corruption
5106,"Traffic signal is damaged at Main Road junction, Alwarpet",Traffic
5107,Corruption reported in distribution of government scheme benefits in Guindy,Corruption
5108,Last bus timing has been cancelled for Block C,Public Transport
5109,"New street light pole is needed on MG Road, Velachery",Street Lighting
5110,Road near MG Road has not been repaired after monsoon,Road Maintenance
5111,Ambulance service is delayed in the old bus stand area,Health
5112,Overcrowded classrooms reported in Chromepet government school,Education
5113,No science teacher appointed at Phase 2 school for 9 months,Education
5114,Official at the Adyar office is demanding money for a certificate,Corruption
5115,A middleman asked for extra money to process ration card in the government school area,Corruption
5116,Public dustbin near South Street is broken and overflowing,Waste Management
5117,Teacher is absent regularly at the Kolathur government school,Education
5118,Public dustbin near Market Road is broken and overflowing,Waste Management
5119,Burning of waste is causing smoke in near the temple,Environment
5120,Hospital in Mylapore lacks cleanliness and hygiene,Health
5121,Noise pollution from construction near Market Road at night,Environment
5122,Road divider near Gandhi Street is broken,Road Maintenance
5123,Power supply tripped and not restored for 14 hours in Perambur,Electricity
5124,Government hospital near Bazaar Street lacks basic medicines,Health
5125,Noise pollution from construction near School Lane at night,Environment
5126,School lacks drinking water facility in Egmore,Education
5127,No specialist doctor visits the T Nagar health center,Health
5128,Transformer near Bazaar Street in Kodambakkam is not working,Electricity
5129,Public dustbin near School Lane is broken and overflowing,Waste Management
5130,Traffic signal timing is too short at Market Road,Traffic
5131,"Low water pressure reported near Main Road, the main market road",Water Supply
5132,No traffic police present at busy junction near Bazaar Street,Traffic
5133,Street light flickers continuously on Nehru Street,Street Lighting
5134,School in Royapettah lacks proper toilet facilities,Education
5135,Live wire lying on Gandhi Street poses electrocution risk,Public Safety
5136,Public dustbin near MG Road is broken and overflowing,Waste Management
5137,Live wire lying on Station Road poses electrocution risk,Public Safety
5138,Corruption reported in distribution of government scheme benefits in Sector 5,Corruption
5139,Stray dogs are attacking residents in Kolathur,Public Safety
5140,"Low water pressure reported near Ring Road, Adyar",Water Supply
5141,Bus frequency has reduced drastically on Nungambakkam route,Public Transport
5142,School lacks drinking water facility in the old bus stand area,Education
5143,Frequent traffic congestion on Main Road during peak hours,Traffic
5144,Frequent power cuts are occurring in Ambattur,Electricity
5145,Speed breakers are missing near the school on MG Road,Road Maintenance
5146,Huge potholes on School Lane in the main market road,Road Maintenance
5147,Speed breakers are missing near the school on Park Avenue,Road Maintenance
5148,Bus stop shelter near Station Road is damaged,Public Transport
5149,Burning of waste is causing smoke in the main market road,Environment
5150,Transformer near Market Road in Velachery is not working,Electricity
5151,New electricity connection is delayed in the panchayat office area,Electricity
5152,Long waiting times reported at Tambaram government hospital,Health
5153,"No signal at the school crossing near Park Avenue, Saidapet",Traffic
5154,Corruption reported in distribution of government scheme benefits in Royapettah,Corruption
5155,Zebra crossing markings have faded on School Lane,Traffic
5156,Electric pole near Ring Road is leaning dangerously,Electricity
5157,Voltage fluctuation is damaging appliances in the main market road,Electricity
5158,Bus service is irregular on the Chromepet route,Public Transport
5159,"New street light pole is needed on Temple Street, the housing board colony",Street Lighting
5160,Street lights are not working on Bazaar Street in T Nagar,Street Lighting
5161,"No signal at the school crossing near Bazaar Street, T Nagar",Traffic
5162,No traffic police present at busy junction near Main Road,Traffic
5163,Overcrowded buses are running on the Mylapore route,Public Transport
5164,School lacks drinking water facility in Perambur,Education
5165,Street light wiring is exposed and dangerous in Chromepet,Street Lighting
5166,School in Kodambakkam lacks proper toilet facilities,Education
5167,Government hospital near School Lane lacks basic medicines,Health
5168,Signboards are missing at the MG Road intersection,Traffic
5169,Street light flickers continuously on Bypass Road,Street Lighting
5170,Illegal sand mining reported near Kolathur,Environment
5171,Street light wiring is exposed and dangerous in Kolathur,Street Lighting
5172,No waste collection service provided in Kolathur colony,Waste Management
5173,Borewell in Adyar has run dry,Water Supply
5174,Borewell in Perambur has run dry,Water Supply
5175,Hospital in T Nagar lacks cleanliness and hygiene,Health
5176,Water body near T Nagar is being polluted by industrial waste,Environment
5177,Dark stretch on MG Road due to broken street lights,Street Lighting
5178,Auto drivers are refusing to use the meter near North Street,Public Transport
5179,Open manhole causing danger on Bypass Road in Mylapore,Public Safety
5180,Huge potholes on Station Road in Anna Nagar,Road Maintenance
5181,Someone demanded a bribe for approval of a document in Adyar,Corruption
5182,Electric pole near Church Street is leaning dangerously,Electricity
5183,Road divider near Market Road is broken,Road Maintenance
5184,Water body near Egmore is being polluted by industrial waste,Environment
5185,"Traffic signal is damaged at Station Road junction, the housing board colony",Traffic
5186,Last bus timing has been cancelled for Adyar,Public Transport
5187,Money was demanded for processing a pension application in Chromepet,Corruption
5188,Government hospital near Bypass Road lacks basic medicines,Health
5189,Hospital in the panchayat office area lacks cleanliness and hygiene,Health
5190,Road near Station Road has not been repaired after monsoon,Road Maintenance
5191,Public dustbin near Main Road is broken and overflowing,Waste Management
5192,Illegal sand mining reported near Saidapet,Environment
5193,Zebra crossing markings have faded on Temple Street,Traffic
5194,Dead animal left uncollected on Church Street in Phase 2,Waste Management
5195,Hospital in the industrial estate has no doctors available,Health
5196,Hospital in Ambattur lacks cleanliness and hygiene,Health
5197,Street light flickers continuously on Park Avenue,Street Lighting
5198,Burning of waste is causing smoke in Porur,Environment
5199,Dead animal left uncollected on Park Avenue in Anna Nagar,Waste Management
5200,Power supply tripped and not restored for 11 hours in Perambur,Electricity
5201,Auto drivers are refusing to use the meter near Market Road,Public Transport
5202,Dead animal left uncollected on MG Road in Chromepet,Waste Management
5203,Huge potholes on South Street in Kodambakkam,Road Maintenance
5204,No waste collection service provided in Sector 5 colony,Waste Management
5205,Long waiting times reported at Chromepet government hospital,Health
5206,Construction debris left on Gandhi Street blocking traffic,Road Maintenance
5207,Burning of waste is causing smoke in Velachery,Environment
5208,"Traffic signal is damaged at North Street junction, Egmore",Traffic
5209,Frequent power cuts are occurring in Porur,Electricity
5210,Billing error in electricity charges for Kodambakkam residents,Electricity
5211,Public dustbin near Bypass Road is broken and overflowing,Waste Management
5212,Overcrowded classrooms reported in the government school area government school,Education
5213,"Street lights remain on during daytime in Chromepet, wasting power",Street Lighting
5214,Construction debris left on South Street blocking traffic,Road Maintenance
5215,Construction debris left on MG Road blocking traffic,Road Maintenance
5216,No waste collection service provided in Pallavaram colony,Waste Management
5217,Voltage fluctuation is damaging appliances in the housing board colony,Electricity
5218,Deep pit left uncovered near Market Road in Ward 12,Public Safety
5219,No specialist doctor visits the Nungambakkam health center,Health
5220,Corruption reported in distribution of government scheme benefits in Perambur,Corruption
5221,No science teacher appointed at Ambattur school for 3 months,Education
5222,Traffic signal timing is too short at Park Avenue,Traffic
5223,Waterlogging occurs on Bazaar Street during rains,Road Maintenance
5224,Water supply has been irregular in Guindy for 10 weeks,Water Supply
5225,Dumping ground near Alwarpet is causing bad odor,Waste Management
5226,A government official is taking bribes for water connection approvals in Ward 12,Corruption
5227,Contaminated water is being supplied in Block C,Water Supply
5228,Broken compound wall near Temple Street is a safety hazard,Public Safety
5229,Illegal sand mining reported near the main market road,Environment
5230,Huge potholes on South Street in Chromepet,Road Maintenance
5231,Huge potholes on Ring Road in Chromepet,Road Maintenance
5232,Air pollution levels are high near the factory in the old bus stand area,Environment
5233,Open manhole causing danger on Bypass Road in Mylapore,Public Safety
5234,Water supply has been irregular in the housing board colony for 15 weeks,Water Supply
5235,Street lights are not working on North Street in Saidapet,Street Lighting
5236,Huge potholes on Market Road in Mylapore,Road Maintenance
5237,No specialist doctor visits the the panchayat office area health center,Health
5238,Frequent traffic congestion on Temple Street during peak hours,Traffic
5239,Burning of waste is causing smoke in the government school area,Environment
5240,Billing error in electricity charges for Guindy residents,Electricity
5241,Abandoned building near Bazaar Street is unsafe for children,Public Safety
5242,Street lights are not working on School Lane in the government school area,Street Lighting
5243,Deep pit left uncovered near Nehru Street in Adyar,Public Safety
5244,Bribe was demanded for issuing a building permit in Nungambakkam,Corruption
5245,"Traffic signal is damaged at Station Road junction, the industrial estate",Traffic
5246,"No signal at the school crossing near Church Street, Ambattur",Traffic
5247,Newly laid road on Main Road is already damaged,Road Maintenance
5248,No security personnel at the public park in Perambur,Public Safety
5249,Transformer near North Street in the old bus stand area is not working,Electricity
5250,Encroachment on the lake near Egmore is destroying wetlands,Environment
5251,No science teacher appointed at Pallavaram school for 10 months,Education
5252,Road divider near North Street is broken,Road Maintenance
5253,An officer at the counter is taking bribes for water connection approvals in Ward 12,Corruption
5254,New electricity connection is delayed in Perambur,Electricity
5255,Street light flickers continuously on South Street,Street Lighting
5256,Ambulance service is delayed in near the temple,Health
5257,New electricity connection is delayed in Alwarpet,Electricity
5258,School building near Nehru Street needs urgent repair,Education
5259,Overcrowded buses are running on the Saidapet route,Public Transport
5260,"New street light pole is needed on Bypass Road, Saidapet",Street Lighting
5261,Leaking pipeline is wasting water on Station Road,Water Supply
5262,Overcrowded classrooms reported in Kolathur government school,Education
5263,Someone demanded a bribe for approval of a document in Phase 2,Corruption
5264,A clerk is taking bribes for water connection approvals in near the temple,Corruption
5265,Dumping ground near the old bus stand area is causing bad odor,Waste Management
5266,Abandoned building near Temple Street is unsafe for children,Public Safety
5267,Borewell in the old bus stand area has run dry,Water Supply
5268,3 street lights have been off for weeks near North Street,Street Lighting
5269,Borewell in Nungambakkam has run dry,Water Supply
5270,A contractor is taking bribes for water connection approvals in Ward 12,Corruption
5271,Signboards are missing at the Bazaar Street intersection,Traffic
5272,No traffic police present at busy junction near Main Road,Traffic
5273,Waterlogging occurs on Bazaar Street during rains,Road Maintenance
5274,School building near Main Road needs urgent repair,Education
5275,Overcrowded classrooms reported in Sector 5 government school,Education
5276,Waterlogging occurs on Church Street during rains,Road Maintenance
5277,Solar street lights installed in Phase 2 are non functional,Street Lighting
5278,Noise pollution from construction near Nehru Street at night,Environment
5279,No bus service available to near the temple after 8 pm,Public Transport
5280,Electricity is unavailable in the government school area for the past 6 days,Electricity
5281,Frequent traffic congestion on Bazaar Street during peak hours,Traffic
5282,Waterlogging occurs on Temple Street during rains,Road Maintenance
5283,Street light wiring is exposed and dangerous in Perambur,Street Lighting
5284,Overhead tank in the industrial estate has not been cleaned in months,Water Supply
5285,"Traffic signal is damaged at Ring Road junction, Pallavaram",Traffic
5286,Road near Park Avenue has not been repaired after monsoon,Road Maintenance
5287,Bus stop shelter near Park Avenue is damaged,Public Transport
5288,Last bus timing has been cancelled for Saidapet,Public Transport
5289,Unsafe construction site near Bypass Road lacks barricades,Public Safety
5290,Solar street lights installed in Adyar are non functional,Street Lighting
5291,Street light wiring is exposed and dangerous in Guindy,Street Lighting
5292,Last bus timing has been cancelled for the industrial estate,Public Transport
5293,"No footpath available on Church Street, pedestrians face danger",Road Maintenance
5294,No traffic police present at busy junction near Gandhi Street,Traffic
5295,Corruption reported in distribution of government scheme benefits in Guindy,Corruption
5296,Official at the Vadapalani office is demanding money for a certificate,Corruption
5297,Abandoned building near Ring Road is unsafe for children,Public Safety
5298,Primary health center in Kolathur is understaffed,Health
5299,6 street lights have been off for weeks near Station Road,Street Lighting
5300,Bus service is irregular on the Phase 2 route,Public Transport
5301,Water body near near the temple is being polluted by industrial waste,Environment
5302,Last bus timing has been cancelled for the industrial estate,Public Transport
5303,Bus service is irregular on the Royapettah route,Public Transport
5304,Road divider near Bypass Road is broken,Road Maintenance
5305,Water pipe burst near School Lane in Adyar,Water Supply
5306,Long waiting times reported at Kodambakkam government hospital,Health
5307,Textbooks not distributed on time in Ambattur schools,Education
5308,New electricity connection is delayed in Vadapalani,Electricity
5309,School in the housing board colony lacks proper toilet facilities,Education
5310,Plastic waste dumped near the water body in T Nagar,Environment
5311,Frequent power cuts are occurring in Alwarpet,Electricity
5312,Live wire lying on Park Avenue poses electrocution risk,Public Safety
5313,Waterlogging occurs on Temple Street during rains,Road Maintenance
5314,Ambulance service is delayed in the old bus stand area,Health
5315,Air pollution levels are high near the factory in Saidapet,Environment
5316,Garbage collection truck has not come to Guindy for 15 days,Waste Management
5317,Plastic waste dumped near the water body in Kolathur,Environment
5318,Street lights are not working on Bypass Road in Ward 12,Street Lighting
5319,Mid day meal quality is poor at Ward 12 school,Education
5320,Open manhole causing danger on Bazaar Street in Vadapalani,Public Safety
5321,"No signal at the school crossing near Bypass Road, Royapettah",Traffic
5322,Vaccination camp was cancelled without notice in Phase 2,Health
5323,Water supply has been irregular in Velachery for 3 weeks,Water Supply
5324,No traffic police present at busy junction near Market Road,Traffic
5325,A middleman is taking bribes for water connection approvals in Vadapalani,Corruption
5326,Huge potholes on Bazaar Street in Porur,Road Maintenance
5327,No traffic police present at busy junction near Church Street,Traffic
5328,A municipal worker asked for extra money to process ration card in Block C,Corruption
5329,Auto drivers are refusing to use the meter near Gandhi Street,Public Transport
5330,Segregated waste is being mixed by collection staff in the old bus stand area,Waste Management
5331,Frequent traffic congestion on Bazaar Street during peak hours,Traffic
5332,Overcrowded buses are running on the T Nagar route,Public Transport
5333,Textbooks not distributed on time in Vadapalani schools,Education
5334,Zebra crossing markings have faded on Nehru Street,Traffic
5335,"New street light pole is needed on South Street, Pallavaram",Street Lighting
5336,Street light flickers continuously on Temple Street,Street Lighting
5337,Overcrowded classrooms reported in Porur government school,Education
5338,Plastic waste dumped near the water body in near the temple,Environment
5339,Signboards are missing at the Main Road intersection,Traffic
5340,There is no drinking water in the panchayat office area for the past 8 days,Water Supply
5341,School in Perambur lacks proper toilet facilities,Education
5342,Street lights are not working on Temple Street in Saidapet,Street Lighting
5343,School building near School Lane needs urgent repair,Education
5344,Construction debris left on Bazaar Street blocking traffic,Road Maintenance
5345,"No signal at the school crossing near Bazaar Street, Porur",Traffic
5346,No security personnel at the public park in Egmore,Public Safety
5347,Frequent traffic congestion on Ring Road during peak hours,Traffic
5348,Overcrowded buses are running on the Ward 12 route,Public Transport
5349,Abandoned building near Park Avenue is unsafe for children,Public Safety
5350,Vaccination camp was cancelled without notice in Ward 12,Health
5351,Auto drivers are refusing to use the meter near Bypass Road,Public Transport
5352,No security personnel at the public park in the main market road,Public Safety
5353,Exposed wires near Station Road pose a danger to residents,Electricity
5354,School lacks drinking water facility in the housing board colony,Education
5355,No security personnel at the public park in Mylapore,Public Safety
5356,Encroachment on the lake near Royapettah is destroying wetlands,Environment
5357,No security personnel at the public park in Kodambakkam,Public Safety
5358,Ambulance service is delayed in near the temple,Health
5359,Leaking pipeline is wasting water on Market Road,Water Supply
5360,Waterlogging occurs on Church Street during rains,Road Maintenance
5361,Teacher is absent regularly at the Phase 2 government school,Education
5362,Public dustbin near Ring Road is broken and overflowing,Waste Management
5363,Dark stretch on Park Avenue due to broken street lights,Street Lighting
5364,A middleman asked for extra money to process ration card in Porur,Corruption
5365,Water body near Porur is being polluted by industrial waste,Environment
5366,Garbage is overflowing near MG Road in Sector 5,Waste Management
5367,Official at the Anna Nagar office is demanding money for a certificate,Corruption
5368,Illegal dumping of waste is happening near Ring Road,Waste Management
5369,Borewell in Kodambakkam has run dry,Water Supply
5370,No traffic police present at busy junction near Station Road,Traffic
5371,Waterlogging occurs on Bazaar Street during rains,Road Maintenance
5372,Billing error in electricity charges for Royapettah residents,Electricity
5373,Vaccination camp was cancelled without notice in the government school area,Health
5374,Open manhole causing danger on Ring Road in the industrial estate,Public Safety
5375,Waterlogging occurs on Park Avenue during rains,Road Maintenance
5376,No waste collection service provided in Kolathur colony,Waste Management
5377,Dead animal left uncollected on South Street in the industrial estate,Waste Management
5378,Burning of waste is causing smoke in Ward 12,Environment
5379,Water supply has been irregular in Ward 12 for 8 weeks,Water Supply
5380,Overcrowded buses are running on the the government school area route,Public Transport
5381,"No signal at the school crossing near Market Road, the railway station road",Traffic
5382,Textbooks not distributed on time in Kodambakkam schools,Education
5383,Hospital in Ambattur lacks cleanliness and hygiene,Health
5384,Water pipe burst near Ring Road in the railway station road,Water Supply
5385,Plastic waste dumped near the water body in Nungambakkam,Environment
5386,Bus stop shelter near Bypass Road is damaged,Public Transport
5387,Road divider near Main Road is broken,Road Maintenance
5388,Billing error in electricity charges for Kolathur residents,Electricity
5389,Deep pit left uncovered near Market Road in the old bus stand area,Public Safety
5390,Bus service is irregular on the the panchayat office area route,Public Transport
5391,Illegal dumping of waste is happening near Nehru Street,Waste Management
5392,Electric pole near Bazaar Street is leaning dangerously,Electricity
5393,Waterlogging occurs on Station Road during rains,Road Maintenance
5394,Encroachment on the lake near Perambur is destroying wetlands,Environment
5395,Overcrowded buses are running on the the industrial estate route,Public Transport
5396,Construction debris left on Market Road blocking traffic,Road Maintenance
5397,Vaccination camp was cancelled without notice in Kolathur,Health
5398,Illegal sand mining reported near the old bus stand area,Environment
5399,Deep pit left uncovered near Station Road in Ambattur,Public Safety
5400,Voltage fluctuation is damaging appliances in Kodambakkam,Electricity
5401,Dumping ground near Sector 5 is causing bad odor,Waste Management
5402,Stray dogs are attacking residents in Vadapalani,Public Safety
5403,Open manhole causing danger on Church Street in Sector 5,Public Safety
5404,Garbage is overflowing near School Lane in Pallavaram,Waste Management
5405,Speed breakers are missing near the school on Ring Road,Road Maintenance
5406,Bus service is irregular on the Nungambakkam route,Public Transport
5407,Corruption reported in distribution of government scheme benefits in Alwarpet,Corruption
5408,Road near South Street has not been repaired after monsoon,Road Maintenance
5409,Road near Nehru Street has not been repaired after monsoon,Road Maintenance
5410,Government hospital near Nehru Street lacks basic medicines,Health
5411,Billing error in electricity charges for Alwarpet residents,Electricity
5412,No traffic police present at busy junction near Church Street,Traffic
5413,School in Tambaram lacks proper toilet facilities,Education
5414,Plastic waste dumped near the water body in Nungambakkam,Environment
5415,Textbooks not distributed on time in Adyar schools,Education
5416,Plastic waste dumped near the water body in the old bus stand area,Environment
5417,Open manhole causing danger on MG Road in Chromepet,Public Safety
5418,School building near Nehru Street needs urgent repair,Education
5419,Water pipe burst near Ring Road in Saidapet,Water Supply
5420,Power supply tripped and not restored for 14 hours in Anna Nagar,Electricity
5421,Voltage fluctuation is damaging appliances in Vadapalani,Electricity
5422,New electricity connection is delayed in near the temple,Electricity
5423,"Traffic signal is damaged at Market Road junction, Chromepet",Traffic
5424,Traffic signal timing is too short at Bypass Road,Traffic
5425,Overcrowded classrooms reported in Adyar government school,Education
5426,Signboards are missing at the School Lane intersection,Traffic
5427,Frequent power cuts are occurring in Nungambakkam,Electricity
5428,Construction debris left on Temple Street blocking traffic,Road Maintenance
5429,No bus service available to Vadapalani after 8 pm,Public Transport
5430,Dead animal left uncollected on Station Road in Egmore,Waste Management
5431,Water supply has been irregular in the panchayat office area for 4 weeks,Water Supply
5432,"No footpath available on Ring Road, pedestrians face danger",Road Maintenance
5433,Deep pit left uncovered near Station Road in Kolathur,Public Safety
5434,New electricity connection is delayed in the industrial estate,Electricity
5435,Money was demanded for processing a pension application in T Nagar,Corruption
5436,Corruption reported in distribution of government scheme benefits in Ward 12,Corruption
5437,Illegal parking is causing traffic jams on Bypass Road,Traffic
5438,A clerk asked for extra money to process ration card in Kolathur,Corruption
5439,Unsafe construction site near School Lane lacks barricades,Public Safety
5440,Air pollution levels are high near the factory in Vadapalani,Environment
5441,Live wire lying on South Street poses electrocution risk,Public Safety
5442,Illegal sand mining reported near Chromepet,Environment
5443,"Low water pressure reported near South Street, Block C",Water Supply
5444,Garbage collection truck has not come to Anna Nagar for 2 days,Waste Management
5445,Electric pole near Gandhi Street is leaning dangerously,Electricity
5446,Bus service is irregular on the Alwarpet route,Public Transport
5447,No specialist doctor visits the Block C health center,Health
5448,"Low water pressure reported near South Street, Pallavaram",Water Supply
5449,Speed breakers are missing near the school on Station Road,Road Maintenance
5450,School building near Station Road needs urgent repair,Education
5451,"No signal at the school crossing near Gandhi Street, T Nagar",Traffic
5452,Speed breakers are missing near the school on Main Road,Road Maintenance
5453,Public dustbin near North Street is broken and overflowing,Waste Management
5454,School lacks drinking water facility in Velachery,Education
5455,Official at the Royapettah office is demanding money for a certificate,Corruption
5456,9 street lights have been off for weeks near School Lane,Street Lighting
5457,Garbage collection truck has not come to Pallavaram for 7 days,Waste Management
5458,Teacher is absent regularly at the Mylapore government school,Education
5459,No bus service available to Adyar after 8 pm,Public Transport
5460,Street light flickers continuously on School Lane,Street Lighting
5461,School building near Church Street needs urgent repair,Education
5462,"No footpath available on Main Road, pedestrians face danger",Road Maintenance
5463,Power supply tripped and not restored for 6 hours in the old bus stand area,Electricity
5464,Corruption reported in distribution of government scheme benefits in Nungambakkam,Corruption
5465,"No signal at the school crossing near Nehru Street, Velachery",Traffic
5466,Contaminated water is being supplied in Kodambakkam,Water Supply
5467,Illegal dumping of waste is happening near School Lane,Waste Management
5468,Electricity is unavailable in the housing board colony for the past 6 days,Electricity
5469,Plastic waste dumped near the water body in the panchayat office area,Environment
5470,Garbage collection truck has not come to Sector 5 for 10 days,Waste Management
5471,"Traffic signal is damaged at Temple Street junction, Sector 5",Traffic
5472,School building near South Street needs urgent repair,Education
5473,Long waiting times reported at Velachery government hospital,Health
5474,School building near Bazaar Street needs urgent repair,Education
5475,Burning of waste is causing smoke in Saidapet,Environment
5476,"No signal at the school crossing near Church Street, Perambur",Traffic
5477,Frequent traffic congestion on Park Avenue during peak hours,Traffic
5478,No specialist doctor visits the the old bus stand area health center,Health
5479,"New street light pole is needed on Bypass Road, Mylapore",Street Lighting
5480,Solar street lights installed in Saidapet are non functional,Street Lighting
5481,Burning of waste is causing smoke in Velachery,Environment
5482,13 street lights have been off for weeks near Temple Street,Street Lighting
5483,Leaking pipeline is wasting water on Gandhi Street,Water Supply
5484,Streetside electric meter is sparking in Nungambakkam,Electricity
5485,Deep pit left uncovered near Market Road in Porur,Public Safety
5486,Hospital in Vadapalani lacks cleanliness and hygiene,Health
5487,A local shopkeeper is taking bribes for water connection approvals in Anna Nagar,Corruption
5488,Solar street lights installed in Saidapet are non functional,Street Lighting
5489,Road near Nehru Street has not been repaired after monsoon,Road Maintenance
5490,Water body near Chromepet is being polluted by industrial waste,Environment
5491,Traffic signal timing is too short at Station Road,Traffic
5492,Frequent traffic congestion on South Street during peak hours,Traffic
5493,Illegal sand mining reported near Vadapalani,Environment
5494,Noise pollution from construction near Station Road at night,Environment
5495,Signboards are missing at the Nehru Street intersection,Traffic
5496,Air pollution levels are high near the factory in Alwarpet,Environment
5497,Bus stop shelter near Gandhi Street is damaged,Public Transport
5498,Illegal tree cutting is happening near Market Road in Vadapalani,Environment
5499,Illegal dumping of waste is happening near Temple Street,Waste Management
5500,Solar street lights installed in Kolathur are non functional,Street Lighting
5501,Illegal tree cutting is happening near Station Road in Ward 12,Environment
5502,Bus stop shelter near South Street is damaged,Public Transport
5503,Signboards are missing at the Nehru Street intersection,Traffic
5504,Signboards are missing at the Station Road intersection,Traffic
5505,Live wire lying on Ring Road poses electrocution risk,Public Safety
5506,Noise pollution from construction near North Street at night,Environment
5507,Overcrowded classrooms reported in Kodambakkam government school,Education
5508,No traffic police present at busy junction near Station Road,Traffic
5509,Huge potholes on Main Road in Adyar,Road Maintenance
5510,School building near MG Road needs urgent repair,Education
5511,"Street lights remain on during daytime in the government school area, wasting power",Street Lighting
5512,Bribe was demanded for issuing a building permit in Kodambakkam,Corruption
5513,Dead animal left uncollected on Market Road in Alwarpet,Waste Management
5514,Textbooks not distributed on time in the old bus stand area schools,Education
5515,School in the industrial estate lacks proper toilet facilities,Education
5516,Teacher is absent regularly at the near the temple government school,Education
5517,New electricity connection is delayed in Adyar,Electricity
5518,Long waiting times reported at near the temple government hospital,Health
5519,Abandoned building near Church Street is unsafe for children,Public Safety
5520,Street light flickers continuously on Station Road,Street Lighting
5521,Live wire lying on School Lane poses electrocution risk,Public Safety
5522,School lacks drinking water facility in Block C,Education
5523,Streetside electric meter is sparking in Nungambakkam,Electricity
5524,Bus frequency has reduced drastically on Velachery route,Public Transport
5525,Stray dogs are attacking residents in Perambur,Public Safety
5526,Garbage is overflowing near Temple Street in Phase 2,Waste Management
5527,Construction debris left on Main Road blocking traffic,Road Maintenance
5528,Dark stretch on Temple Street due to broken street lights,Street Lighting
5529,Zebra crossing markings have faded on Temple Street,Traffic
5530,There is no drinking water in Pallavaram for the past 12 days,Water Supply
5531,Zebra crossing markings have faded on Bazaar Street,Traffic
5532,Hospital in the old bus stand area has no doctors available,Health
5533,Bus conductor misbehaved with passengers on Sector 5 route,Public Transport
5534,Exposed wires near MG Road pose a danger to residents,Electricity
5535,Borewell in the panchayat office area has run dry,Water Supply
5536,Overcrowded buses are running on the T Nagar route,Public Transport
5537,Street lights are not working on Church Street in Alwarpet,Street Lighting
5538,"Traffic signal is damaged at Park Avenue junction, Adyar",Traffic
5539,School building near Bazaar Street needs urgent repair,Education
5540,Waterlogging occurs on North Street during rains,Road Maintenance
5541,Voltage fluctuation is damaging appliances in Porur,Electricity
5542,Streetside electric meter is sparking in the housing board colony,Electricity
5543,Dark stretch on Park Avenue due to broken street lights,Street Lighting
5544,Corruption reported in distribution of government scheme benefits in Guindy,Corruption
5545,Someone demanded a bribe for approval of a document in the railway station road,Corruption
5546,Huge potholes on Temple Street in Block C,Road Maintenance
5547,Abandoned building near Station Road is unsafe for children,Public Safety
5548,Waterlogging occurs on Bypass Road during rains,Road Maintenance
5549,Transformer near School Lane in the housing board colony is not working,Electricity
5550,A municipal worker is taking bribes for water connection approvals in Phase 2,Corruption
5551,Dead animal left uncollected on South Street in Egmore,Waste Management
5552,There is no drinking water in Egmore for the past 2 days,Water Supply
5553,Public dustbin near School Lane is broken and overflowing,Waste Management
5554,Leaking pipeline is wasting water on Main Road,Water Supply
5555,No science teacher appointed at T Nagar school for 11 months,Education
5556,Corruption reported in distribution of government scheme benefits in near the temple,Corruption
5557,Corruption reported in distribution of government scheme benefits in the main market road,Corruption
5558,Public dustbin near Church Street is broken and overflowing,Waste Management
5559,Overcrowded buses are running on the the railway station road route,Public Transport
5560,Billing error in electricity charges for the railway station road residents,Electricity
5561,Illegal parking is causing traffic jams on Temple Street,Traffic
5562,Hospital in Velachery has no doctors available,Health
5563,Billing error in electricity charges for Ward 12 residents,Electricity
5564,Bus service is irregular on the the railway station road route,Public Transport
5565,Newly laid road on Main Road is already damaged,Road Maintenance
5566,"Traffic signal is damaged at Bazaar Street junction, Phase 2",Traffic
5567,"New street light pole is needed on Temple Street, Anna Nagar",Street Lighting
5568,"No footpath available on Church Street, pedestrians face danger",Road Maintenance
5569,"New street light pole is needed on Bypass Road, Adyar",Street Lighting
5570,Illegal sand mining reported near the railway station road,Environment
5571,Signboards are missing at the Bypass Road intersection,Traffic
5572,Illegal sand mining reported near Alwarpet,Environment
5573,Hospital in Ambattur lacks cleanliness and hygiene,Health
5574,Broken compound wall near Nehru Street is a safety hazard,Public Safety
5575,Primary health center in Royapettah is understaffed,Health
5576,Segregated waste is being mixed by collection staff in near the temple,Waste Management
5577,Waterlogging occurs on School Lane during rains,Road Maintenance
5578,Frequent power cuts are occurring in Saidapet,Electricity
5579,Deep pit left uncovered near School Lane in Nungambakkam,Public Safety
5580,"New street light pole is needed on Temple Street, Guindy",Street Lighting
5581,Noise pollution from construction near Nehru Street at night,Environment
5582,Water body near Saidapet is being polluted by industrial waste,Environment
5583,Huge potholes on Ring Road in the old bus stand area,Road Maintenance
5584,Segregated waste is being mixed by collection staff in Mylapore,Waste Management
5585,Official at the the main market road office is demanding money for a certificate,Corruption
5586,Garbage is overflowing near Ring Road in Kodambakkam,Waste Management
5587,Dark stretch on Park Avenue due to broken street lights,Street Lighting
5588,There is no drinking water in the main market road for the past 9 days,Water Supply
5589,Unsafe construction site near Bazaar Street lacks barricades,Public Safety
5590,14 street lights have been off for weeks near Main Road,Street Lighting
5591,Newly laid road on Market Road is already damaged,Road Maintenance
5592,Hospital in Velachery has no doctors available,Health
5593,There is no drinking water in Porur for the past 2 days,Water Supply
5594,New electricity connection is delayed in the housing board colony,Electricity
5595,Corruption reported in distribution of government scheme benefits in Block C,Corruption
5596,"New street light pole is needed on Bypass Road, the government school area",Street Lighting
5597,Leaking pipeline is wasting water on Park Avenue,Water Supply
5598,Water body near Vadapalani is being polluted by industrial waste,Environment
5599,Water supply has been irregular in Tambaram for 4 weeks,Water Supply
5600,"No signal at the school crossing near North Street, Phase 2",Traffic
5601,Illegal tree cutting is happening near Nehru Street in the government school area,Environment
5602,Solar street lights installed in the industrial estate are non functional,Street Lighting
5603,Hospital in Nungambakkam lacks cleanliness and hygiene,Health
5604,Burning of waste is causing smoke in T Nagar,Environment
5605,Streetside electric meter is sparking in Tambaram,Electricity
5606,Overcrowded buses are running on the Anna Nagar route,Public Transport
5607,Solar street lights installed in Phase 2 are non functional,Street Lighting
5608,No security personnel at the public park in Chromepet,Public Safety
5609,Dead animal left uncollected on Park Avenue in Velachery,Waste Management
5610,Borewell in Pallavaram has run dry,Water Supply
5611,No security personnel at the public park in Pallavaram,Public Safety
5612,Bus stop shelter near Park Avenue is damaged,Public Transport
5613,"No footpath available on Bazaar Street, pedestrians face danger",Road Maintenance
5614,Hospital in Vadapalani has no doctors available,Health
5615,Encroachment on the lake near Tambaram is destroying wetlands,Environment
5616,A contractor is taking bribes for water connection approvals in near the temple,Corruption
5617,A municipal worker is taking bribes for water connection approvals in Velachery,Corruption
5618,Contaminated water is being supplied in the housing board colony,Water Supply
5619,Mid day meal quality is poor at Phase 2 school,Education
5620,Street light flickers continuously on Church Street,Street Lighting
5621,Electricity is unavailable in Velachery for the past 12 days,Electricity
5622,Money was demanded for processing a pension application in Egmore,Corruption
5623,Long waiting times reported at Saidapet government hospital,Health
5624,Electricity is unavailable in Adyar for the past 5 days,Electricity
5625,Water supply has been irregular in Pallavaram for 4 weeks,Water Supply
5626,A local shopkeeper asked for extra money to process ration card in Adyar,Corruption
5627,Illegal dumping of waste is happening near Station Road,Waste Management
5628,Contaminated water is being supplied in Kolathur,Water Supply
5629,Segregated waste is being mixed by collection staff in the main market road,Waste Management
5630,No traffic police present at busy junction near Ring Road,Traffic
5631,Streetside electric meter is sparking in the government school area,Electricity
5632,Illegal dumping of waste is happening near Gandhi Street,Waste Management
5633,Overhead tank in Pallavaram has not been cleaned in months,Water Supply
5634,Primary health center in Tambaram is understaffed,Health
5635,Textbooks not distributed on time in Block C schools,Education
5636,Illegal dumping of waste is happening near Bazaar Street,Waste Management
5637,Bribe was demanded for issuing a building permit in Ambattur,Corruption
5638,New electricity connection is delayed in Ambattur,Electricity
5639,Waterlogging occurs on Nehru Street during rains,Road Maintenance
5640,Borewell in Sector 5 has run dry,Water Supply
5641,Public dustbin near Park Avenue is broken and overflowing,Waste Management
5642,Open manhole causing danger on Gandhi Street in the railway station road,Public Safety
5643,Transformer near School Lane in Porur is not working,Electricity
5644,Illegal sand mining reported near near the temple,Environment
5645,Electricity is unavailable in Phase 2 for the past 13 days,Electricity
5646,Money was demanded for processing a pension application in the industrial estate,Corruption
5647,Contaminated water is being supplied in Ambattur,Water Supply
5648,Live wire lying on South Street poses electrocution risk,Public Safety
5649,Encroachment on the lake near Phase 2 is destroying wetlands,Environment
5650,Hospital in the railway station road lacks cleanliness and hygiene,Health
5651,Corruption reported in distribution of government scheme benefits in Porur,Corruption
5652,"Traffic signal is damaged at Ring Road junction, Mylapore",Traffic
5653,Someone demanded a bribe for approval of a document in Adyar,Corruption
5654,Newly laid road on Church Street is already damaged,Road Maintenance
5655,Frequent traffic congestion on MG Road during peak hours,Traffic
5656,Abandoned building near School Lane is unsafe for children,Public Safety
5657,Long waiting times reported at Velachery government hospital,Health
5658,12 street lights have been off for weeks near Bazaar Street,Street Lighting
5659,A municipal worker is taking bribes for water connection approvals in Tambaram,Corruption
5660,Bus frequency has reduced drastically on Porur route,Public Transport
5661,Garbage is overflowing near Main Road in Royapettah,Waste Management
5662,"Traffic signal is damaged at Bazaar Street junction, Royapettah",Traffic
5663,No science teacher appointed at Egmore school for 10 months,Education
5664,Transformer near Gandhi Street in near the temple is not working,Electricity
5665,Borewell in Block C has run dry,Water Supply
5666,No security personnel at the public park in Tambaram,Public Safety
5667,No science teacher appointed at Velachery school for 5 months,Education
5668,Borewell in Porur has run dry,Water Supply
5669,Bus conductor misbehaved with passengers on T Nagar route,Public Transport
5670,There is no drinking water in Mylapore for the past 7 days,Water Supply
5671,Bus service is irregular on the Porur route,Public Transport
5672,Electric pole near Bazaar Street is leaning dangerously,Electricity
5673,Public dustbin near Bypass Road is broken and overflowing,Waste Management
5674,Government hospital near Gandhi Street lacks basic medicines,Health
5675,Burning of waste is causing smoke in Egmore,Environment
5676,Road near Church Street has not been repaired after monsoon,Road Maintenance
5677,Exposed wires near School Lane pose a danger to residents,Electricity
5678,Contaminated water is being supplied in Royapettah,Water Supply
5679,Frequent traffic congestion on MG Road during peak hours,Traffic
5680,Traffic signal timing is too short at Market Road,Traffic
5681,Last bus timing has been cancelled for Alwarpet,Public Transport
5682,Mid day meal quality is poor at Alwarpet school,Education
5683,Electric pole near Ring Road is leaning dangerously,Electricity
5684,Leaking pipeline is wasting water on Church Street,Water Supply
5685,Noise pollution from construction near Ring Road at night,Environment
5686,2 street lights have been off for weeks near Station Road,Street Lighting
5687,Leaking pipeline is wasting water on Station Road,Water Supply
5688,Street lights are not working on Temple Street in Ward 12,Street Lighting
5689,Corruption reported in distribution of government scheme benefits in the government school area,Corruption
5690,Garbage is overflowing near Ring Road in Phase 2,Waste Management
5691,Encroachment on the lake near Tambaram is destroying wetlands,Environment
5692,Leaking pipeline is wasting water on North Street,Water Supply
5693,Teacher is absent regularly at the the main market road government school,Education
5694,Government hospital near Church Street lacks basic medicines,Health
5695,Street light wiring is exposed and dangerous in Porur,Street Lighting
5696,Street lights are not working on School Lane in Pallavaram,Street Lighting
5697,Water pipe burst near Church Street in Vadapalani,Water Supply
5698,No bus service available to Mylapore after 8 pm,Public Transport
5699,Burning of waste is causing smoke in Guindy,Environment
5700,Broken compound wall near Bypass Road is a safety hazard,Public Safety
5701,Unsafe construction site near Ring Road lacks barricades,Public Safety
5702,Bus conductor misbehaved with passengers on near the temple route,Public Transport
5703,Plastic waste dumped near the water body in Velachery,Environment
5704,School in the housing board colony lacks proper toilet facilities,Education
5705,Dead animal left uncollected on North Street in Saidapet,Waste Management
5706,Overhead tank in Phase 2 has not been cleaned in months,Water Supply
5707,Open manhole causing danger on Station Road in the railway station road,Public Safety
5708,Bus service is irregular on the Saidapet route,Public Transport
5709,Bus conductor misbehaved with passengers on near the temple route,Public Transport
5710,Air pollution levels are high near the factory in Alwarpet,Environment
5711,Frequent traffic congestion on School Lane during peak hours,Traffic
5712,There is no drinking water in the industrial estate for the past 3 days,Water Supply
5713,Textbooks not distributed on time in Alwarpet schools,Education
5714,Auto drivers are refusing to use the meter near Gandhi Street,Public Transport
5715,Overcrowded classrooms reported in Kolathur government school,Education
5716,School in Adyar lacks proper toilet facilities,Education
5717,Water body near Kodambakkam is being polluted by industrial waste,Environment
5718,Newly laid road on Gandhi Street is already damaged,Road Maintenance
5719,Street light flickers continuously on Nehru Street,Street Lighting
5720,Leaking pipeline is wasting water on Park Avenue,Water Supply
5721,Live wire lying on School Lane poses electrocution risk,Public Safety
5722,Official at the Nungambakkam office is demanding money for a certificate,Corruption
5723,Illegal sand mining reported near Anna Nagar,Environment
5724,Last bus timing has been cancelled for Saidapet,Public Transport
5725,Solar street lights installed in the panchayat office area are non functional,Street Lighting
5726,No traffic police present at busy junction near Gandhi Street,Traffic
5727,Mid day meal quality is poor at T Nagar school,Education
5728,Illegal parking is causing traffic jams on Market Road,Traffic
5729,Garbage is overflowing near Station Road in Mylapore,Waste Management
5730,Vaccination camp was cancelled without notice in Anna Nagar,Health
5731,Vaccination camp was cancelled without notice in Velachery,Health
5732,A contractor asked for extra money to process ration card in the old bus stand area,Corruption
5733,No security personnel at the public park in the government school area,Public Safety
5734,School lacks drinking water facility in T Nagar,Education
5735,No water connection provided despite application in Velachery,Water Supply
5736,New electricity connection is delayed in Anna Nagar,Electricity
5737,No science teacher appointed at Perambur school for 9 months,Education
5738,Auto drivers are refusing to use the meter near Station Road,Public Transport
5739,Transformer near South Street in the industrial estate is not working,Electricity
5740,Illegal parking is causing traffic jams on North Street,Traffic
5741,There is no drinking water in Nungambakkam for the past 7 days,Water Supply
5742,Government hospital near Church Street lacks basic medicines,Health
5743,Teacher is absent regularly at the Guindy government school,Education
5744,A middleman asked for extra money to process ration card in Porur,Corruption
5745,Dark stretch on Bazaar Street due to broken street lights,Street Lighting
5746,Someone demanded a bribe for approval of a document in Phase 2,Corruption
5747,Mid day meal quality is poor at Saidapet school,Education
5748,Hospital in near the temple has no doctors available,Health
5749,Overcrowded buses are running on the Adyar route,Public Transport
5750,School in Phase 2 lacks proper toilet facilities,Education
5751,"Street lights remain on during daytime in the old bus stand area, wasting power",Street Lighting
5752,Overcrowded buses are running on the Perambur route,Public Transport
5753,School in the main market road lacks proper toilet facilities,Education
5754,Money was demanded for processing a pension application in Chromepet,Corruption
5755,No specialist doctor visits the T Nagar health center,Health
5756,Live wire lying on Nehru Street poses electrocution risk,Public Safety
5757,No waste collection service provided in Ambattur colony,Waste Management
5758,Street light flickers continuously on School Lane,Street Lighting
5759,Dead animal left uncollected on Bazaar Street in Vadapalani,Waste Management
5760,Primary health center in Ambattur is understaffed,Health
5761,Power supply tripped and not restored for 15 hours in Phase 2,Electricity
5762,Bus stop shelter near North Street is damaged,Public Transport
5763,Government hospital near Station Road lacks basic medicines,Health
5764,Voltage fluctuation is damaging appliances in Chromepet,Electricity
5765,Corruption reported in distribution of government scheme benefits in Vadapalani,Corruption
5766,Someone demanded a bribe for approval of a document in Block C,Corruption
5767,No security personnel at the public park in Kolathur,Public Safety
5768,Illegal dumping of waste is happening near Bazaar Street,Waste Management
5769,12 street lights have been off for weeks near Ring Road,Street Lighting
5770,Garbage collection truck has not come to Kolathur for 8 days,Waste Management
5771,Exposed wires near Park Avenue pose a danger to residents,Electricity
5772,Broken compound wall near Bazaar Street is a safety hazard,Public Safety
5773,Public dustbin near Church Street is broken and overflowing,Waste Management
5774,Electric pole near Gandhi Street is leaning dangerously,Electricity
5775,Illegal dumping of waste is happening near School Lane,Waste Management
5776,No traffic police present at busy junction near Bypass Road,Traffic
5777,An officer at the counter is taking bribes for water connection approvals in the industrial estate,Corruption
5778,Garbage collection truck has not come to the housing board colony for 13 days,Waste Management
5779,A clerk is taking bribes for water connection approvals in the industrial estate,Corruption
5780,Electric pole near North Street is leaning dangerously,Electricity
5781,Waterlogging occurs on Church Street during rains,Road Maintenance
5782,Bus conductor misbehaved with passengers on the old bus stand area route,Public Transport
5783,Newly laid road on Ring Road is already damaged,Road Maintenance
5784,Overhead tank in Adyar has not been cleaned in months,Water Supply
5785,Corruption reported in distribution of government scheme benefits in T Nagar,Corruption
5786,Construction debris left on South Street blocking traffic,Road Maintenance
5787,Water body near Block C is being polluted by industrial waste,Environment
5788,Textbooks not distributed on time in Alwarpet schools,Education
5789,Dumping ground near the main market road is causing bad odor,Waste Management
5790,Streetside electric meter is sparking in the old bus stand area,Electricity
5791,School in Velachery lacks proper toilet facilities,Education
5792,Abandoned building near North Street is unsafe for children,Public Safety
5793,Bus stop shelter near North Street is damaged,Public Transport
5794,Corruption reported in distribution of government scheme benefits in T Nagar,Corruption
5795,No waste collection service provided in Saidapet colony,Waste Management
5796,Someone demanded a bribe for approval of a document in T Nagar,Corruption
5797,"Low water pressure reported near Park Avenue, the housing board colony",Water Supply
5798,School in Egmore lacks proper toilet facilities,Education
5799,"Street lights remain on during daytime in Ward 12, wasting power",Street Lighting
5800,Illegal tree cutting is happening near South Street in the old bus stand area,Environment
5801,Auto drivers are refusing to use the meter near Church Street,Public Transport
5802,Leaking pipeline is wasting water on Park Avenue,Water Supply
5803,Streetside electric meter is sparking in Nungambakkam,Electricity
5804,No security personnel at the public park in Kolathur,Public Safety
5805,Illegal dumping of waste is happening near Bypass Road,Waste Management
5806,Overhead tank in Chromepet has not been cleaned in months,Water Supply
5807,Water supply has been irregular in Velachery for 10 weeks,Water Supply
5808,Bus service is irregular on the the railway station road route,Public Transport
5809,Road near Station Road has not been repaired after monsoon,Road Maintenance
5810,Government hospital near Nehru Street lacks basic medicines,Health
5811,Transformer near Ring Road in the housing board colony is not working,Electricity
5812,Water pipe burst near Bypass Road in Guindy,Water Supply
5813,"No signal at the school crossing near Market Road, the old bus stand area",Traffic
5814,Frequent traffic congestion on School Lane during peak hours,Traffic
5815,School building near South Street needs urgent repair,Education
5816,There is no drinking water in Saidapet for the past 14 days,Water Supply
5817,Money was demanded for processing a pension application in Adyar,Corruption
5818,8 street lights have been off for weeks near Bypass Road,Street Lighting
5819,A contractor asked for extra money to process ration card in Mylapore,Corruption
5820,No science teacher appointed at Anna Nagar school for 6 months,Education
5821,Someone demanded a bribe for approval of a document in the panchayat office area,Corruption
5822,Corruption reported in distribution of government scheme benefits in Tambaram,Corruption
5823,Public dustbin near Gandhi Street is broken and overflowing,Waste Management
5824,Voltage fluctuation is damaging appliances in Sector 5,Electricity
5825,Overcrowded classrooms reported in Chromepet government school,Education
5826,No security personnel at the public park in Block C,Public Safety
5827,Stray dogs are attacking residents in Perambur,Public Safety
5828,Government hospital near Main Road lacks basic medicines,Health
5829,Broken compound wall near MG Road is a safety hazard,Public Safety
5830,"No signal at the school crossing near Ring Road, Vadapalani",Traffic
5831,Zebra crossing markings have faded on Church Street,Traffic
5832,Public dustbin near South Street is broken and overflowing,Waste Management
5833,Bus stop shelter near Market Road is damaged,Public Transport
5834,Road divider near MG Road is broken,Road Maintenance
5835,Broken compound wall near Gandhi Street is a safety hazard,Public Safety
5836,"Street lights remain on during daytime in Alwarpet, wasting power",Street Lighting
5837,Dark stretch on South Street due to broken street lights,Street Lighting
5838,Illegal parking is causing traffic jams on Park Avenue,Traffic
5839,Illegal parking is causing traffic jams on Church Street,Traffic
5840,Broken compound wall near Park Avenue is a safety hazard,Public Safety
5841,Water tanker did not arrive in the government school area as scheduled,Water Supply
5842,No bus service available to Mylapore after 8 pm,Public Transport
5843,Illegal sand mining reported near the railway station road,Environment
5844,Ambulance service is delayed in Phase 2,Health
5845,A middleman asked for extra money to process ration card in Vadapalani,Corruption
5846,Official at the Phase 2 office is demanding money for a certificate,Corruption
5847,Overcrowded classrooms reported in Perambur government school,Education
5848,Illegal sand mining reported near Saidapet,Environment
5849,Overcrowded buses are running on the T Nagar route,Public Transport
5850,Open manhole causing danger on Station Road in the industrial estate,Public Safety
5851,Speed breakers are missing near the school on Station Road,Road Maintenance
5852,Newly laid road on South Street is already damaged,Road Maintenance
5853,Power supply tripped and not restored for 15 hours in Ward 12,Electricity
5854,Dark stretch on Market Road due to broken street lights,Street Lighting
5855,"No signal at the school crossing near Bazaar Street, Porur",Traffic
5856,Speed breakers are missing near the school on Nehru Street,Road Maintenance
5857,Deep pit left uncovered near Gandhi Street in near the temple,Public Safety
5858,Public dustbin near MG Road is broken and overflowing,Waste Management
5859,New electricity connection is delayed in Ward 12,Electricity
5860,Newly laid road on Park Avenue is already damaged,Road Maintenance
5861,Ambulance service is delayed in Phase 2,Health
5862,Illegal dumping of waste is happening near Ring Road,Waste Management
5863,Broken compound wall near Station Road is a safety hazard,Public Safety
5864,Long waiting times reported at Kolathur government hospital,Health
5865,Traffic signal timing is too short at Ring Road,Traffic
5866,Burning of waste is causing smoke in T Nagar,Environment
5867,Overhead tank in Phase 2 has not been cleaned in months,Water Supply
5868,An officer at the counter is taking bribes for water connection approvals in Porur,Corruption
5869,Street lights are not working on Nehru Street in Mylapore,Street Lighting
5870,Streetside electric meter is sparking in Chromepet,Electricity
5871,Illegal parking is causing traffic jams on North Street,Traffic
5872,School building near MG Road needs urgent repair,Education
5873,School in Ambattur lacks proper toilet facilities,Education
5874,Long waiting times reported at Nungambakkam government hospital,Health
5875,Illegal sand mining reported near Kolathur,Environment
5876,Long waiting times reported at Alwarpet government hospital,Health
5877,Unsafe construction site near Market Road lacks barricades,Public Safety
5878,School in Tambaram lacks proper toilet facilities,Education
5879,Auto drivers are refusing to use the meter near Nehru Street,Public Transport
5880,Voltage fluctuation is damaging appliances in the main market road,Electricity
5881,Huge potholes on Main Road in Pallavaram,Road Maintenance
5882,Primary health center in the main market road is understaffed,Health
5883,Teacher is absent regularly at the Adyar government school,Education
5884,Water tanker did not arrive in Porur as scheduled,Water Supply
5885,Huge potholes on North Street in Nungambakkam,Road Maintenance
5886,Huge potholes on MG Road in the main market road,Road Maintenance
5887,"No footpath available on Bazaar Street, pedestrians face danger",Road Maintenance
5888,Bus stop shelter near Church Street is damaged,Public Transport
5889,Illegal parking is causing traffic jams on Station Road,Traffic
5890,Vaccination camp was cancelled without notice in the old bus stand area,Health
5891,Huge potholes on Nehru Street in the railway station road,Road Maintenance
5892,Newly laid road on Market Road is already damaged,Road Maintenance
5893,A government official is taking bribes for water connection approvals in Alwarpet,Corruption
5894,Dumping ground near the housing board colony is causing bad odor,Waste Management
5895,"New street light pole is needed on Park Avenue, T Nagar",Street Lighting
5896,Huge potholes on South Street in Vadapalani,Road Maintenance
5897,Exposed wires near South Street pose a danger to residents,Electricity
5898,Street light wiring is exposed and dangerous in Kolathur,Street Lighting
5899,Traffic signal timing is too short at Market Road,Traffic
5900,Road near Ring Road has not been repaired after monsoon,Road Maintenance
5901,School in Egmore lacks proper toilet facilities,Education
5902,There is no drinking water in Nungambakkam for the past 5 days,Water Supply
5903,Borewell in the housing board colony has run dry,Water Supply
5904,Official at the Block C office is demanding money for a certificate,Corruption
5905,Auto drivers are refusing to use the meter near Main Road,Public Transport
5906,Stray dogs are attacking residents in Ward 12,Public Safety
5907,A clerk is taking bribes for water connection approvals in Porur,Corruption
5908,"No footpath available on Bypass Road, pedestrians face danger",Road Maintenance
5909,No bus service available to Block C after 8 pm,Public Transport
5910,Leaking pipeline is wasting water on Temple Street,Water Supply
5911,Contaminated water is being supplied in the housing board colony,Water Supply
5912,Road near Main Road has not been repaired after monsoon,Road Maintenance
5913,Textbooks not distributed on time in Mylapore schools,Education
5914,Leaking pipeline is wasting water on Park Avenue,Water Supply
5915,No water connection provided despite application in Kolathur,Water Supply
5916,Public dustbin near Main Road is broken and overflowing,Waste Management
5917,Unsafe construction site near Park Avenue lacks barricades,Public Safety
5918,Huge potholes on Park Avenue in Mylapore,Road Maintenance
5919,Electric pole near South Street is leaning dangerously,Electricity
5920,"Street lights remain on during daytime in Anna Nagar, wasting power",Street Lighting
5921,Deep pit left uncovered near Nehru Street in near the temple,Public Safety
5922,Leaking pipeline is wasting water on Station Road,Water Supply
5923,A contractor is taking bribes for water connection approvals in Anna Nagar,Corruption
5924,Illegal sand mining reported near T Nagar,Environment
5925,Money was demanded for processing a pension application in the housing board colony,Corruption
5926,Segregated waste is being mixed by collection staff in Pallavaram,Waste Management
5927,Construction debris left on South Street blocking traffic,Road Maintenance
5928,School lacks drinking water facility in Vadapalani,Education
5929,Burning of waste is causing smoke in near the temple,Environment
5930,Street light wiring is exposed and dangerous in the main market road,Street Lighting
5931,Bus conductor misbehaved with passengers on Nungambakkam route,Public Transport
5932,Exposed wires near Market Road pose a danger to residents,Electricity
5933,Waterlogging occurs on Gandhi Street during rains,Road Maintenance
5934,No science teacher appointed at Kolathur school for 11 months,Education
5935,Ambulance service is delayed in the railway station road,Health
5936,Burning of waste is causing smoke in Alwarpet,Environment
5937,No security personnel at the public park in Anna Nagar,Public Safety
5938,Street lights are not working on Nehru Street in Porur,Street Lighting
5939,Overhead tank in the railway station road has not been cleaned in months,Water Supply
5940,Illegal parking is causing traffic jams on Nehru Street,Traffic
5941,"No footpath available on Nehru Street, pedestrians face danger",Road Maintenance
5942,No security personnel at the public park in Sector 5,Public Safety
5943,No water connection provided despite application in Ambattur,Water Supply
5944,Bus stop shelter near Ring Road is damaged,Public Transport
5945,Mid day meal quality is poor at Egmore school,Education
5946,Water pipe burst near Market Road in Anna Nagar,Water Supply
5947,Illegal parking is causing traffic jams on Station Road,Traffic
5948,Last bus timing has been cancelled for Kodambakkam,Public Transport
5949,Dead animal left uncollected on Nehru Street in Vadapalani,Waste Management
5950,Hospital in Kodambakkam has no doctors available,Health
5951,Illegal sand mining reported near Ward 12,Environment
5952,Streetside electric meter is sparking in Saidapet,Electricity
5953,Burning of waste is causing smoke in Kolathur,Environment
5954,Transformer near School Lane in Guindy is not working,Electricity
5955,Official at the the government school area office is demanding money for a certificate,Corruption
5956,Last bus timing has been cancelled for the government school area,Public Transport
5957,Signboards are missing at the Market Road intersection,Traffic
5958,Bribe was demanded for issuing a building permit in the main market road,Corruption
5959,No science teacher appointed at Sector 5 school for 13 months,Education
5960,No water connection provided despite application in Pallavaram,Water Supply
5961,Open manhole causing danger on Ring Road in Velachery,Public Safety
5962,Power supply tripped and not restored for 12 hours in near the temple,Electricity
5963,Street light flickers continuously on Market Road,Street Lighting
5964,Official at the near the temple office is demanding money for a certificate,Corruption
5965,Official at the the housing board colony office is demanding money for a certificate,Corruption
5966,Live wire lying on School Lane poses electrocution risk,Public Safety
5967,"Street lights remain on during daytime in Mylapore, wasting power",Street Lighting
5968,Traffic signal timing is too short at Bazaar Street,Traffic
5969,Construction debris left on North Street blocking traffic,Road Maintenance
5970,Billing error in electricity charges for T Nagar residents,Electricity
5971,Speed breakers are missing near the school on Nehru Street,Road Maintenance
5972,Encroachment on the lake near Porur is destroying wetlands,Environment
5973,Illegal parking is causing traffic jams on Station Road,Traffic
5974,Live wire lying on Gandhi Street poses electrocution risk,Public Safety
5975,Waterlogging occurs on South Street during rains,Road Maintenance
5976,Dark stretch on MG Road due to broken street lights,Street Lighting
5977,School building near North Street needs urgent repair,Education
5978,Textbooks not distributed on time in Pallavaram schools,Education
5979,Water pipe burst near Park Avenue in Nungambakkam,Water Supply
5980,Overhead tank in Alwarpet has not been cleaned in months,Water Supply
5981,Garbage is overflowing near Temple Street in Nungambakkam,Waste Management
5982,Last bus timing has been cancelled for Kodambakkam,Public Transport
5983,Open manhole causing danger on Station Road in the railway station road,Public Safety
5984,Traffic signal timing is too short at Bazaar Street,Traffic
5985,Corruption reported in distribution of government scheme benefits in Block C,Corruption
5986,There is no drinking water in Pallavaram for the past 12 days,Water Supply
5987,Bus conductor misbehaved with passengers on the housing board colony route,Public Transport
5988,"No footpath available on North Street, pedestrians face danger",Road Maintenance
5989,No security personnel at the public park in Kodambakkam,Public Safety
5990,Billing error in electricity charges for the housing board colony residents,Electricity
5991,Street light flickers continuously on Ring Road,Street Lighting
5992,Unsafe construction site near Gandhi Street lacks barricades,Public Safety
5993,Electric pole near Bazaar Street is leaning dangerously,Electricity
5994,Teacher is absent regularly at the the old bus stand area government school,Education
5995,13 street lights have been off for weeks near Market Road,Street Lighting
5996,Water supply has been irregular in Ambattur for 10 weeks,Water Supply
5997,10 street lights have been off for weeks near MG Road,Street Lighting
5998,Vaccination camp was cancelled without notice in the railway station road,Health
5999,5 street lights have been off for weeks near Main Road,Street Lighting
6000,Borewell in Porur has run dry,Water Supply
6001,No waste collection service provided in Kodambakkam colony,Waste Management
6002,Illegal dumping of waste is happening near Main Road,Waste Management
6003,"No signal at the school crossing near Bazaar Street, Nungambakkam",Traffic
6004,Textbooks not distributed on time in Chromepet schools,Education
6005,Money was demanded for processing a pension application in Pallavaram,Corruption
6006,School building near North Street needs urgent repair,Education
6007,Illegal parking is causing traffic jams on Temple Street,Traffic
6008,"Low water pressure reported near Ring Road, Kodambakkam",Water Supply
6009,School lacks drinking water facility in Phase 2,Education
6010,Money was demanded for processing a pension application in Ward 12,Corruption
6011,Public dustbin near School Lane is broken and overflowing,Waste Management
6012,School building near MG Road needs urgent repair,Education
6013,Road near Bazaar Street has not been repaired after monsoon,Road Maintenance
6014,Frequent traffic congestion on Temple Street during peak hours,Traffic
6015,Water supply has been irregular in Vadapalani for 11 weeks,Water Supply
6016,Money was demanded for processing a pension application in Sector 5,Corruption
6017,Hospital in the industrial estate has no doctors available,Health
6018,Noise pollution from construction near Bypass Road at night,Environment
6019,Encroachment on the lake near the government school area is destroying wetlands,Environment
6020,No waste collection service provided in Adyar colony,Waste Management
6021,Water tanker did not arrive in Pallavaram as scheduled,Water Supply
6022,No traffic police present at busy junction near Main Road,Traffic
6023,"Traffic signal is damaged at Park Avenue junction, Perambur",Traffic
6024,Solar street lights installed in the old bus stand area are non functional,Street Lighting
6025,Electric pole near Bypass Road is leaning dangerously,Electricity
6026,Corruption reported in distribution of government scheme benefits in Alwarpet,Corruption
6027,Newly laid road on Gandhi Street is already damaged,Road Maintenance
6028,"No footpath available on Church Street, pedestrians face danger",Road Maintenance
6029,Frequent power cuts are occurring in Adyar,Electricity
6030,No traffic police present at busy junction near Market Road,Traffic
6031,Money was demanded for processing a pension application in Chromepet,Corruption
6032,Street light flickers continuously on Station Road,Street Lighting
6033,Dumping ground near Egmore is causing bad odor,Waste Management
6034,Road near Station Road has not been repaired after monsoon,Road Maintenance
6035,Long waiting times reported at Tambaram government hospital,Health
6036,Exposed wires near Ring Road pose a danger to residents,Electricity
6037,"No footpath available on MG Road, pedestrians face danger",Road Maintenance
6038,Waterlogging occurs on Ring Road during rains,Road Maintenance
6039,Last bus timing has been cancelled for Egmore,Public Transport
6040,Auto drivers are refusing to use the meter near Bypass Road,Public Transport
6041,School in T Nagar lacks proper toilet facilities,Education
6042,Frequent traffic congestion on School Lane during peak hours,Traffic
6043,No waste collection service provided in Egmore colony,Waste Management
6044,Someone demanded a bribe for approval of a document in Pallavaram,Corruption
6045,Textbooks not distributed on time in Kolathur schools,Education
6046,Dead animal left uncollected on Temple Street in T Nagar,Waste Management
6047,A clerk is taking bribes for water connection approvals in Ward 12,Corruption
6048,Electric pole near Station Road is leaning dangerously,Electricity
6049,Illegal tree cutting is happening near North Street in Royapettah,Environment
6050,"New street light pole is needed on Nehru Street, Kolathur",Street Lighting
6051,Borewell in Adyar has run dry,Water Supply
6052,Public dustbin near Temple Street is broken and overflowing,Waste Management
6053,Speed breakers are missing near the school on MG Road,Road Maintenance
6054,No waste collection service provided in Porur colony,Waste Management
6055,Live wire lying on Market Road poses electrocution risk,Public Safety
6056,Illegal dumping of waste is happening near North Street,Waste Management
6057,School lacks drinking water facility in Vadapalani,Education
6058,Live wire lying on School Lane poses electrocution risk,Public Safety
6059,Street light flickers continuously on MG Road,Street Lighting
6060,Illegal dumping of waste is happening near Gandhi Street,Waste Management
6061,Leaking pipeline is wasting water on North Street,Water Supply
6062,Plastic waste dumped near the water body in Anna Nagar,Environment
6063,"No footpath available on South Street, pedestrians face danger",Road Maintenance
6064,No science teacher appointed at Tambaram school for 11 months,Education
6065,Money was demanded for processing a pension application in Guindy,Corruption
6066,"No footpath available on Bypass Road, pedestrians face danger",Road Maintenance
6067,Street light flickers continuously on Bypass Road,Street Lighting
6068,No bus service available to T Nagar after 8 pm,Public Transport
6069,Exposed wires near South Street pose a danger to residents,Electricity
6070,No traffic police present at busy junction near MG Road,Traffic
6071,Garbage collection truck has not come to near the temple for 11 days,Waste Management
6072,Road near Bypass Road has not been repaired after monsoon,Road Maintenance
6073,Teacher is absent regularly at the Kodambakkam government school,Education
6074,Water pipe burst near School Lane in Alwarpet,Water Supply
6075,Public dustbin near South Street is broken and overflowing,Waste Management
6076,Bus frequency has reduced drastically on T Nagar route,Public Transport
6077,Official at the Royapettah office is demanding money for a certificate,Corruption
6078,A contractor is taking bribes for water connection approvals in Royapettah,Corruption
6079,School building near Station Road needs urgent repair,Education
6080,Billing error in electricity charges for Block C residents,Electricity
6081,Auto drivers are refusing to use the meter near Market Road,Public Transport
6082,Broken compound wall near South Street is a safety hazard,Public Safety
6083,Deep pit left uncovered near Station Road in Tambaram,Public Safety
6084,Money was demanded for processing a pension application in Phase 2,Corruption
6085,Water supply has been irregular in Block C for 7 weeks,Water Supply
6086,Overhead tank in the railway station road has not been cleaned in months,Water Supply
6087,No waste collection service provided in T Nagar colony,Waste Management
6088,8 street lights have been off for weeks near MG Road,Street Lighting
6089,Noise pollution from construction near Nehru Street at night,Environment
6090,Illegal sand mining reported near the railway station road,Environment
6091,Bus frequency has reduced drastically on the panchayat office area route,Public Transport
6092,Air pollution levels are high near the factory in Pallavaram,Environment
6093,No water connection provided despite application in Nungambakkam,Water Supply
6094,Stray dogs are attacking residents in Anna Nagar,Public Safety
6095,Speed breakers are missing near the school on Market Road,Road Maintenance
6096,Dark stretch on Park Avenue due to broken street lights,Street Lighting
6097,Water supply has been irregular in the old bus stand area for 13 weeks,Water Supply
6098,Government hospital near Church Street lacks basic medicines,Health
6099,Open manhole causing danger on North Street in Block C,Public Safety
6100,No waste collection service provided in the old bus stand area colony,Waste Management
6101,10 street lights have been off for weeks near Ring Road,Street Lighting
6102,Abandoned building near Temple Street is unsafe for children,Public Safety
6103,School building near Main Road needs urgent repair,Education
6104,Abandoned building near MG Road is unsafe for children,Public Safety
6105,Bus frequency has reduced drastically on Vadapalani route,Public Transport
6106,Billing error in electricity charges for Adyar residents,Electricity
6107,"Low water pressure reported near Gandhi Street, Kodambakkam",Water Supply
6108,Segregated waste is being mixed by collection staff in Kolathur,Waste Management
6109,Overcrowded classrooms reported in Perambur government school,Education
6110,Money was demanded for processing a pension application in Ward 12,Corruption
6111,Auto drivers are refusing to use the meter near Market Road,Public Transport
6112,Air pollution levels are high near the factory in the panchayat office area,Environment
6113,Illegal dumping of waste is happening near Temple Street,Waste Management
6114,Textbooks not distributed on time in the railway station road schools,Education
6115,Zebra crossing markings have faded on North Street,Traffic
6116,Solar street lights installed in the railway station road are non functional,Street Lighting
6117,Air pollution levels are high near the factory in Chromepet,Environment
6118,Huge potholes on Bypass Road in the housing board colony,Road Maintenance
6119,Water pipe burst near South Street in T Nagar,Water Supply
6120,School lacks drinking water facility in Anna Nagar,Education
6121,Street light wiring is exposed and dangerous in the panchayat office area,Street Lighting
6122,Bus conductor misbehaved with passengers on near the temple route,Public Transport
6123,Ambulance service is delayed in Anna Nagar,Health
6124,Electricity is unavailable in Chromepet for the past 9 days,Electricity
6125,Stray dogs are attacking residents in Block C,Public Safety
6126,Overcrowded buses are running on the Anna Nagar route,Public Transport
6127,Illegal tree cutting is happening near Park Avenue in Guindy,Environment
6128,Official at the Ambattur office is demanding money for a certificate,Corruption
6129,Billing error in electricity charges for Mylapore residents,Electricity
6130,Open manhole causing danger on MG Road in the housing board colony,Public Safety
6131,Stray dogs are attacking residents in Vadapalani,Public Safety
6132,Frequent traffic congestion on Bypass Road during peak hours,Traffic
6133,Street light flickers continuously on Bazaar Street,Street Lighting
6134,Textbooks not distributed on time in Vadapalani schools,Education
6135,Government hospital near Temple Street lacks basic medicines,Health
6136,Water body near near the temple is being polluted by industrial waste,Environment
6137,Hospital in Guindy lacks cleanliness and hygiene,Health
6138,There is no drinking water in the railway station road for the past 14 days,Water Supply
6139,Bus service is irregular on the Ambattur route,Public Transport
6140,Overcrowded buses are running on the Pallavaram route,Public Transport
6141,Corruption reported in distribution of government scheme benefits in Tambaram,Corruption
6142,Live wire lying on Park Avenue poses electrocution risk,Public Safety
6143,Street light wiring is exposed and dangerous in near the temple,Street Lighting
6144,Hospital in near the temple lacks cleanliness and hygiene,Health
6145,Waterlogging occurs on Park Avenue during rains,Road Maintenance
6146,Solar street lights installed in Adyar are non functional,Street Lighting
6147,Road near Temple Street has not been repaired after monsoon,Road Maintenance
6148,Bus conductor misbehaved with passengers on Guindy route,Public Transport
6149,Bus frequency has reduced drastically on Phase 2 route,Public Transport
6150,A municipal worker is taking bribes for water connection approvals in Egmore,Corruption
6151,Power supply tripped and not restored for 8 hours in Sector 5,Electricity
6152,Bribe was demanded for issuing a building permit in Sector 5,Corruption
6153,"New street light pole is needed on North Street, Block C",Street Lighting
6154,Huge potholes on Bypass Road in T Nagar,Road Maintenance
6155,Bribe was demanded for issuing a building permit in Chromepet,Corruption
6156,Newly laid road on Bazaar Street is already damaged,Road Maintenance
6157,Dead animal left uncollected on North Street in Nungambakkam,Waste Management
6158,Construction debris left on North Street blocking traffic,Road Maintenance
6159,Overhead tank in Kolathur has not been cleaned in months,Water Supply
6160,Voltage fluctuation is damaging appliances in Ward 12,Electricity
6161,"Traffic signal is damaged at Ring Road junction, Phase 2",Traffic
6162,Street lights are not working on School Lane in Phase 2,Street Lighting
6163,Road divider near North Street is broken,Road Maintenance
6164,Bus service is irregular on the Alwarpet route,Public Transport
6165,A clerk is taking bribes for water connection approvals in Adyar,Corruption
6166,Water pipe burst near Nehru Street in Ward 12,Water Supply
6167,Government hospital near Park Avenue lacks basic medicines,Health
6168,Bus conductor misbehaved with passengers on Vadapalani route,Public Transport
6169,Vaccination camp was cancelled without notice in the housing board colony,Health
6170,Contaminated water is being supplied in Nungambakkam,Water Supply
6171,No bus service available to Nungambakkam after 8 pm,Public Transport
6172,There is no drinking water in Kodambakkam for the past 8 days,Water Supply
6173,Newly laid road on Nehru Street is already damaged,Road Maintenance
6174,Someone demanded a bribe for approval of a document in Vadapalani,Corruption
6175,Contaminated water is being supplied in Ambattur,Water Supply
6176,"New street light pole is needed on North Street, the railway station road",Street Lighting
6177,"No footpath available on Market Road, pedestrians face danger",Road Maintenance
6178,Government hospital near Bypass Road lacks basic medicines,Health
6179,Dumping ground near Ambattur is causing bad odor,Waste Management
6180,Solar street lights installed in Phase 2 are non functional,Street Lighting
6181,Noise pollution from construction near Bypass Road at night,Environment
6182,Public dustbin near School Lane is broken and overflowing,Waste Management
6183,No science teacher appointed at Chromepet school for 7 months,Education
6184,Billing error in electricity charges for Egmore residents,Electricity
6185,Broken compound wall near Temple Street is a safety hazard,Public Safety
6186,School in near the temple lacks proper toilet facilities,Education
6187,Auto drivers are refusing to use the meter near Bypass Road,Public Transport
6188,"Low water pressure reported near Station Road, the housing board colony",Water Supply
6189,Street light wiring is exposed and dangerous in Tambaram,Street Lighting
6190,Segregated waste is being mixed by collection staff in Kodambakkam,Waste Management
6191,A clerk is taking bribes for water connection approvals in the old bus stand area,Corruption
6192,No traffic police present at busy junction near School Lane,Traffic
6193,Unsafe construction site near Main Road lacks barricades,Public Safety
6194,Overhead tank in Nungambakkam has not been cleaned in months,Water Supply
6195,Dead animal left uncollected on MG Road in Ward 12,Waste Management
6196,Noise pollution from construction near Bypass Road at night,Environment
6197,8 street lights have been off for weeks near Bypass Road,Street Lighting
6198,School lacks drinking water facility in Nungambakkam,Education
6199,Someone demanded a bribe for approval of a document in Nungambakkam,Corruption
6200,"New street light pole is needed on Nehru Street, Porur",Street Lighting
6201,Overcrowded classrooms reported in T Nagar government school,Education
6202,Zebra crossing markings have faded on North Street,Traffic
6203,Road divider near MG Road is broken,Road Maintenance
6204,Live wire lying on Main Road poses electrocution risk,Public Safety
6205,Someone demanded a bribe for approval of a document in Mylapore,Corruption
6206,Broken compound wall near Ring Road is a safety hazard,Public Safety
6207,Money was demanded for processing a pension application in Block C,Corruption
6208,Huge potholes on Bazaar Street in Royapettah,Road Maintenance
6209,"New street light pole is needed on Temple Street, Pallavaram",Street Lighting
6210,Overcrowded buses are running on the Phase 2 route,Public Transport
6211,School in Vadapalani lacks proper toilet facilities,Education
6212,Dark stretch on Station Road due to broken street lights,Street Lighting
6213,"No signal at the school crossing near North Street, the industrial estate",Traffic
6214,Billing error in electricity charges for Phase 2 residents,Electricity
6215,Official at the the panchayat office area office is demanding money for a certificate,Corruption
6216,No traffic police present at busy junction near Market Road,Traffic
6217,Electricity is unavailable in Nungambakkam for the past 15 days,Electricity
6218,Huge potholes on Gandhi Street in the main market road,Road Maintenance
6219,Water supply has been irregular in Tambaram for 3 weeks,Water Supply
6220,Last bus timing has been cancelled for Ambattur,Public Transport
6221,Water pipe burst near Gandhi Street in Block C,Water Supply
6222,Teacher is absent regularly at the the industrial estate government school,Education
6223,Leaking pipeline is wasting water on Station Road,Water Supply
6224,Solar street lights installed in the panchayat office area are non functional,Street Lighting
6225,Government hospital near South Street lacks basic medicines,Health
6226,Streetside electric meter is sparking in the main market road,Electricity
6227,No water connection provided despite application in T Nagar,Water Supply
6228,No traffic police present at busy junction near Gandhi Street,Traffic
6229,Encroachment on the lake near Phase 2 is destroying wetlands,Environment
6230,Plastic waste dumped near the water body in Pallavaram,Environment
6231,Deep pit left uncovered near MG Road in Nungambakkam,Public Safety
6232,Illegal tree cutting is happening near School Lane in Alwarpet,Environment
6233,Corruption reported in distribution of government scheme benefits in Mylapore,Corruption
6234,Unsafe construction site near North Street lacks barricades,Public Safety
6235,Mid day meal quality is poor at Sector 5 school,Education
6236,"Street lights remain on during daytime in Guindy, wasting power",Street Lighting
6237,A local shopkeeper asked for extra money to process ration card in Kodambakkam,Corruption
6238,Billing error in electricity charges for the main market road residents,Electricity
6239,Garbage is overflowing near Bypass Road in Ambattur,Waste Management
6240,Dumping ground near Anna Nagar is causing bad odor,Waste Management
6241,Overcrowded buses are running on the the panchayat office area route,Public Transport
6242,Public dustbin near Bazaar Street is broken and overflowing,Waste Management
6243,Air pollution levels are high near the factory in Nungambakkam,Environment
6244,Electricity is unavailable in Pallavaram for the past 7 days,Electricity
6245,Bus service is irregular on the Vadapalani route,Public Transport
6246,Dead animal left uncollected on Temple Street in Saidapet,Waste Management
6247,"No footpath available on Church Street, pedestrians face danger",Road Maintenance
6248,Water pipe burst near Ring Road in Adyar,Water Supply
6249,Street light wiring is exposed and dangerous in Pallavaram,Street Lighting
6250,Leaking pipeline is wasting water on Main Road,Water Supply
6251,A local shopkeeper is taking bribes for water connection approvals in the government school area,Corruption
6252,No bus service available to Anna Nagar after 8 pm,Public Transport
6253,Segregated waste is being mixed by collection staff in the main market road,Waste Management
6254,Zebra crossing markings have faded on MG Road,Traffic
6255,Construction debris left on Station Road blocking traffic,Road Maintenance
6256,Burning of waste is causing smoke in T Nagar,Environment
6257,Speed breakers are missing near the school on Main Road,Road Maintenance
6258,School lacks drinking water facility in Nungambakkam,Education
6259,Construction debris left on Temple Street blocking traffic,Road Maintenance
6260,Frequent power cuts are occurring in Mylapore,Electricity
6261,Huge potholes on Church Street in the housing board colony,Road Maintenance
6262,Road near MG Road has not been repaired after monsoon,Road Maintenance
6263,Long waiting times reported at the government school area government hospital,Health
6264,Power supply tripped and not restored for 6 hours in Velachery,Electricity
6265,Deep pit left uncovered near Main Road in Pallavaram,Public Safety
6266,"Traffic signal is damaged at Market Road junction, Mylapore",Traffic
6267,Abandoned building near Ring Road is unsafe for children,Public Safety
6268,Frequent traffic congestion on Temple Street during peak hours,Traffic
6269,"No signal at the school crossing near Church Street, Sector 5",Traffic
6270,Plastic waste dumped near the water body in T Nagar,Environment
6271,Zebra crossing markings have faded on MG Road,Traffic
6272,No specialist doctor visits the Perambur health center,Health
6273,7 street lights have been off for weeks near North Street,Street Lighting
6274,"No signal at the school crossing near Market Road, Sector 5",Traffic
6275,Road near Main Road has not been repaired after monsoon,Road Maintenance
6276,Bus frequency has reduced drastically on near the temple route,Public Transport
6277,Air pollution levels are high near the factory in the housing board colony,Environment
6278,Live wire lying on Main Road poses electrocution risk,Public Safety
6279,Money was demanded for processing a pension application in Kodambakkam,Corruption
6280,Frequent traffic congestion on South Street during peak hours,Traffic
6281,Dead animal left uncollected on School Lane in Alwarpet,Waste Management
6282,A municipal worker asked for extra money to process ration card in Mylapore,Corruption
6283,Road near Temple Street has not been repaired after monsoon,Road Maintenance
6284,A contractor is taking bribes for water connection approvals in Nungambakkam,Corruption
6285,Street light flickers continuously on Bypass Road,Street Lighting
6286,Deep pit left uncovered near Station Road in Vadapalani,Public Safety
6287,Bus frequency has reduced drastically on Ambattur route,Public Transport
6288,No bus service available to Porur after 8 pm,Public Transport
6289,Dark stretch on Station Road due to broken street lights,Street Lighting
6290,No bus service available to Porur after 8 pm,Public Transport
6291,Water body near Phase 2 is being polluted by industrial waste,Environment
6292,15 street lights have been off for weeks near Bazaar Street,Street Lighting
6293,Power supply tripped and not restored for 10 hours in Ward 12,Electricity
6294,A contractor is taking bribes for water connection approvals in Pallavaram,Corruption
6295,Overcrowded buses are running on the the railway station road route,Public Transport
6296,Official at the Royapettah office is demanding money for a certificate,Corruption
6297,Speed breakers are missing near the school on Market Road,Road Maintenance
6298,Exposed wires near Bypass Road pose a danger to residents,Electricity
6299,Billing error in electricity charges for Adyar residents,Electricity
6300,Bribe was demanded for issuing a building permit in T Nagar,Corruption
6301,Textbooks not distributed on time in the housing board colony schools,Education
6302,No water connection provided despite application in Adyar,Water Supply
6303,Bribe was demanded for issuing a building permit in Ambattur,Corruption
6304,Streetside electric meter is sparking in the old bus stand area,Electricity
6305,Plastic waste dumped near the water body in Egmore,Environment
6306,There is no drinking water in Adyar for the past 15 days,Water Supply
6307,Teacher is absent regularly at the Ambattur government school,Education
6308,School in the panchayat office area lacks proper toilet facilities,Education
6309,Road divider near Ring Road is broken,Road Maintenance
6310,Burning of waste is causing smoke in Phase 2,Environment
6311,Overcrowded classrooms reported in Tambaram government school,Education
6312,Exposed wires near Nehru Street pose a danger to residents,Electricity
6313,Road divider near Church Street is broken,Road Maintenance
6314,Newly laid road on School Lane is already damaged,Road Maintenance
6315,Billing error in electricity charges for Guindy residents,Electricity
6316,Encroachment on the lake near T Nagar is destroying wetlands,Environment
6317,"Low water pressure reported near North Street, Kolathur",Water Supply
6318,"Street lights remain on during daytime in Pallavaram, wasting power",Street Lighting
6319,Primary health center in T Nagar is understaffed,Health
6320,Water supply has been irregular in Phase 2 for 7 weeks,Water Supply
6321,Public dustbin near Market Road is broken and overflowing,Waste Management
6322,Ambulance service is delayed in Saidapet,Health
6323,"Traffic signal is damaged at Main Road junction, the panchayat office area",Traffic
6324,Abandoned building near Market Road is unsafe for children,Public Safety
6325,Live wire lying on School Lane poses electrocution risk,Public Safety
6326,"New street light pole is needed on Ring Road, the government school area",Street Lighting
6327,Speed breakers are missing near the school on Main Road,Road Maintenance
6328,Overcrowded classrooms reported in Tambaram government school,Education
6329,Corruption reported in distribution of government scheme benefits in Perambur,Corruption
6330,Street light flickers continuously on South Street,Street Lighting
6331,No waste collection service provided in Kolathur colony,Waste Management
6332,Street light flickers continuously on School Lane,Street Lighting
6333,Deep pit left uncovered near Ring Road in the industrial estate,Public Safety
6334,Money was demanded for processing a pension application in Velachery,Corruption
6335,Unsafe construction site near Bypass Road lacks barricades,Public Safety
6336,Money was demanded for processing a pension application in Sector 5,Corruption
6337,No science teacher appointed at T Nagar school for 10 months,Education
6338,Bus conductor misbehaved with passengers on Saidapet route,Public Transport
6339,Broken compound wall near Main Road is a safety hazard,Public Safety
6340,Road divider near Gandhi Street is broken,Road Maintenance
6341,Live wire lying on Main Road poses electrocution risk,Public Safety
6342,Dark stretch on Gandhi Street due to broken street lights,Street Lighting
6343,Bus frequency has reduced drastically on Velachery route,Public Transport
6344,No security personnel at the public park in Kolathur,Public Safety
6345,Transformer near Ring Road in the panchayat office area is not working,Electricity
6346,Street light flickers continuously on Gandhi Street,Street Lighting
6347,Signboards are missing at the Church Street intersection,Traffic
6348,Burning of waste is causing smoke in Pallavaram,Environment
6349,Exposed wires near Station Road pose a danger to residents,Electricity
6350,Street lights are not working on Temple Street in Sector 5,Street Lighting
6351,Deep pit left uncovered near North Street in Vadapalani,Public Safety
6352,Broken compound wall near North Street is a safety hazard,Public Safety
6353,Speed breakers are missing near the school on Nehru Street,Road Maintenance
6354,Bus service is irregular on the near the temple route,Public Transport
6355,Primary health center in the industrial estate is understaffed,Health
6356,No waste collection service provided in Ambattur colony,Waste Management
6357,Illegal sand mining reported near the government school area,Environment
6358,Illegal dumping of waste is happening near Nehru Street,Waste Management
6359,There is no drinking water in Chromepet for the past 10 days,Water Supply
6360,Hospital in Saidapet lacks cleanliness and hygiene,Health
6361,Official at the the housing board colony office is demanding money for a certificate,Corruption
6362,Street lights are not working on Nehru Street in Nungambakkam,Street Lighting
6363,Official at the T Nagar office is demanding money for a certificate,Corruption
6364,Noise pollution from construction near School Lane at night,Environment
6365,New electricity connection is delayed in the industrial estate,Electricity
6366,Auto drivers are refusing to use the meter near South Street,Public Transport
6367,No water connection provided despite application in Guindy,Water Supply
6368,Borewell in Phase 2 has run dry,Water Supply
6369,Stray dogs are attacking residents in Sector 5,Public Safety
6370,Illegal parking is causing traffic jams on Church Street,Traffic
6371,Illegal dumping of waste is happening near Station Road,Waste Management
6372,Speed breakers are missing near the school on South Street,Road Maintenance
6373,Plastic waste dumped near the water body in the industrial estate,Environment
6374,No water connection provided despite application in Royapettah,Water Supply
6375,Zebra crossing markings have faded on North Street,Traffic
6376,Burning of waste is causing smoke in Mylapore,Environment
6377,No science teacher appointed at Chromepet school for 7 months,Education
6378,Frequent power cuts are occurring in Kolathur,Electricity
6379,Open manhole causing danger on MG Road in Alwarpet,Public Safety
6380,Electricity is unavailable in the main market road for the past 6 days,Electricity
6381,Water supply has been irregular in the government school area for 11 weeks,Water Supply
6382,Money was demanded for processing a pension application in Alwarpet,Corruption
6383,Unsafe construction site near Market Road lacks barricades,Public Safety
6384,Street light flickers continuously on Church Street,Street Lighting
6385,Government hospital near Gandhi Street lacks basic medicines,Health
6386,Live wire lying on School Lane poses electrocution risk,Public Safety
6387,Broken compound wall near MG Road is a safety hazard,Public Safety
6388,Mid day meal quality is poor at Pallavaram school,Education
6389,Overcrowded buses are running on the Block C route,Public Transport
6390,Auto drivers are refusing to use the meter near Main Road,Public Transport
6391,Billing error in electricity charges for Ward 12 residents,Electricity
6392,Electric pole near School Lane is leaning dangerously,Electricity
6393,Bus frequency has reduced drastically on the panchayat office area route,Public Transport
6394,Bus frequency has reduced drastically on Ward 12 route,Public Transport
6395,Dumping ground near T Nagar is causing bad odor,Waste Management
6396,Encroachment on the lake near Ambattur is destroying wetlands,Environment
6397,"No signal at the school crossing near School Lane, Royapettah",Traffic
6398,Illegal tree cutting is happening near Market Road in Guindy,Environment
6399,Segregated waste is being mixed by collection staff in Pallavaram,Waste Management
6400,No science teacher appointed at the panchayat office area school for 6 months,Education
6401,Water supply has been irregular in Velachery for 12 weeks,Water Supply
6402,Water pipe burst near Temple Street in Egmore,Water Supply
6403,Illegal parking is causing traffic jams on School Lane,Traffic
6404,Water tanker did not arrive in Tambaram as scheduled,Water Supply
6405,Dark stretch on South Street due to broken street lights,Street Lighting
6406,Auto drivers are refusing to use the meter near Bypass Road,Public Transport
6407,6 street lights have been off for weeks near Gandhi Street,Street Lighting
6408,Open manhole causing danger on School Lane in Nungambakkam,Public Safety
6409,Hospital in Block C has no doctors available,Health
6410,New electricity connection is delayed in Porur,Electricity
6411,Ambulance service is delayed in the old bus stand area,Health
6412,Illegal parking is causing traffic jams on Bypass Road,Traffic
6413,Bribe was demanded for issuing a building permit in Ward 12,Corruption
6414,Electricity is unavailable in Ward 12 for the past 12 days,Electricity
6415,2 street lights have been off for weeks near Nehru Street,Street Lighting
6416,Street lights are not working on Bazaar Street in Kodambakkam,Street Lighting
6417,Newly laid road on Bypass Road is already damaged,Road Maintenance
6418,Official at the Kolathur office is demanding money for a certificate,Corruption
6419,9 street lights have been off for weeks near South Street,Street Lighting
6420,Voltage fluctuation is damaging appliances in Sector 5,Electricity
6421,Contaminated water is being supplied in the industrial estate,Water Supply
6422,Unsafe construction site near Gandhi Street lacks barricades,Public Safety
6423,Abandoned building near Temple Street is unsafe for children,Public Safety
6424,Garbage collection truck has not come to Vadapalani for 2 days,Waste Management
6425,Money was demanded for processing a pension application in the panchayat office area,Corruption
6426,Long waiting times reported at Sector 5 government hospital,Health
6427,Stray dogs are attacking residents in the panchayat office area,Public Safety
6428,Frequent power cuts are occurring in Mylapore,Electricity
6429,No water connection provided despite application in the old bus stand area,Water Supply
6430,"No signal at the school crossing near Market Road, Phase 2",Traffic
6431,"Low water pressure reported near Park Avenue, the housing board colony",Water Supply
6432,No water connection provided despite application in Phase 2,Water Supply
6433,Bus service is irregular on the the old bus stand area route,Public Transport
6434,No science teacher appointed at Egmore school for 2 months,Education
6435,Plastic waste dumped near the water body in Nungambakkam,Environment
6436,Street lights are not working on Temple Street in Phase 2,Street Lighting
6437,Streetside electric meter is sparking in the housing board colony,Electricity
6438,No traffic police present at busy junction near Ring Road,Traffic
6439,Money was demanded for processing a pension application in Ward 12,Corruption
6440,Road divider near MG Road is broken,Road Maintenance
6441,Water supply has been irregular in the government school area for 5 weeks,Water Supply
6442,Mid day meal quality is poor at Kolathur school,Education
6443,Speed breakers are missing near the school on Temple Street,Road Maintenance
6444,Last bus timing has been cancelled for the industrial estate,Public Transport
6445,Broken compound wall near MG Road is a safety hazard,Public Safety
6446,Dead animal left uncollected on Gandhi Street in the panchayat office area,Waste Management
6447,Live wire lying on Bypass Road poses electrocution risk,Public Safety
6448,Water body near the government school area is being polluted by industrial waste,Environment
6449,Garbage is overflowing near Bazaar Street in Kolathur,Waste Management
6450,"Low water pressure reported near MG Road, Ambattur",Water Supply
6451,There is no drinking water in Porur for the past 7 days,Water Supply
6452,Stray dogs are attacking residents in Ambattur,Public Safety
6453,Electricity is unavailable in Mylapore for the past 9 days,Electricity
6454,Frequent traffic congestion on Station Road during peak hours,Traffic
6455,Garbage collection truck has not come to Kolathur for 14 days,Waste Management
6456,Voltage fluctuation is damaging appliances in the housing board colony,Electricity
6457,Unsafe construction site near Church Street lacks barricades,Public Safety
6458,A contractor asked for extra money to process ration card in Anna Nagar,Corruption
6459,Plastic waste dumped near the water body in Guindy,Environment
6460,No waste collection service provided in Mylapore colony,Waste Management
6461,Frequent traffic congestion on Nehru Street during peak hours,Traffic
6462,Broken compound wall near School Lane is a safety hazard,Public Safety
6463,No security personnel at the public park in near the temple,Public Safety
6464,Stray dogs are attacking residents in the government school area,Public Safety
6465,Dumping ground near Royapettah is causing bad odor,Waste Management
6466,Transformer near Nehru Street in T Nagar is not working,Electricity
6467,"No signal at the school crossing near Main Road, Nungambakkam",Traffic
6468,Illegal sand mining reported near the government school area,Environment
6469,Illegal parking is causing traffic jams on Park Avenue,Traffic
6470,Street light wiring is exposed and dangerous in Kodambakkam,Street Lighting
6471,Huge potholes on Bypass Road in Phase 2,Road Maintenance
6472,Transformer near Park Avenue in Tambaram is not working,Electricity
6473,Road divider near North Street is broken,Road Maintenance
6474,Street light flickers continuously on Main Road,Street Lighting
6475,Noise pollution from construction near North Street at night,Environment
6476,Overcrowded classrooms reported in Sector 5 government school,Education
6477,Signboards are missing at the Temple Street intersection,Traffic
6478,Broken compound wall near North Street is a safety hazard,Public Safety
6479,"No footpath available on Main Road, pedestrians face danger",Road Maintenance
6480,Long waiting times reported at the government school area government hospital,Health
6481,Road near Main Road has not been repaired after monsoon,Road Maintenance
6482,Mid day meal quality is poor at the housing board colony school,Education
6483,Live wire lying on Nehru Street poses electrocution risk,Public Safety
6484,Dumping ground near the panchayat office area is causing bad odor,Waste Management
6485,Construction debris left on South Street blocking traffic,Road Maintenance
6486,New electricity connection is delayed in T Nagar,Electricity
6487,Public dustbin near School Lane is broken and overflowing,Waste Management
6488,A municipal worker asked for extra money to process ration card in the housing board colony,Corruption
6489,A municipal worker is taking bribes for water connection approvals in Perambur,Corruption
6490,No water connection provided despite application in Guindy,Water Supply
6491,Noise pollution from construction near North Street at night,Environment
6492,No waste collection service provided in the panchayat office area colony,Waste Management
6493,Primary health center in Phase 2 is understaffed,Health
6494,Voltage fluctuation is damaging appliances in Adyar,Electricity
6495,Street light wiring is exposed and dangerous in the main market road,Street Lighting
6496,Signboards are missing at the Temple Street intersection,Traffic
6497,Textbooks not distributed on time in Pallavaram schools,Education
6498,No bus service available to Block C after 8 pm,Public Transport
6499,Transformer near MG Road in Mylapore is not working,Electricity
6500,Zebra crossing markings have faded on Church Street,Traffic
6501,Street lights are not working on Nehru Street in Phase 2,Street Lighting
6502,Textbooks not distributed on time in Velachery schools,Education
6503,Last bus timing has been cancelled for Phase 2,Public Transport
6504,Bribe was demanded for issuing a building permit in Alwarpet,Corruption
6505,"No footpath available on Main Road, pedestrians face danger",Road Maintenance
6506,Ambulance service is delayed in T Nagar,Health
6507,Electric pole near Nehru Street is leaning dangerously,Electricity
6508,No bus service available to Saidapet after 8 pm,Public Transport
6509,Noise pollution from construction near Gandhi Street at night,Environment
6510,Overhead tank in Kodambakkam has not been cleaned in months,Water Supply
6511,No science teacher appointed at the government school area school for 8 months,Education
6512,No traffic police present at busy junction near School Lane,Traffic
6513,Huge potholes on Main Road in Adyar,Road Maintenance
6514,Newly laid road on Bypass Road is already damaged,Road Maintenance
6515,School in Ambattur lacks proper toilet facilities,Education
6516,Borewell in Pallavaram has run dry,Water Supply
6517,No waste collection service provided in T Nagar colony,Waste Management
6518,Waterlogging occurs on Bazaar Street during rains,Road Maintenance
6519,Corruption reported in distribution of government scheme benefits in T Nagar,Corruption
6520,Hospital in the main market road has no doctors available,Health
6521,Transformer near Main Road in Royapettah is not working,Electricity
6522,Street lights are not working on North Street in the government school area,Street Lighting
6523,Water body near Nungambakkam is being polluted by industrial waste,Environment
6524,Bribe was demanded for issuing a building permit in T Nagar,Corruption
6525,Unsafe construction site near Bazaar Street lacks barricades,Public Safety
6526,No water connection provided despite application in Adyar,Water Supply
6527,"No footpath available on Church Street, pedestrians face danger",Road Maintenance
6528,Zebra crossing markings have faded on Temple Street,Traffic
6529,Road divider near Ring Road is broken,Road Maintenance
6530,Auto drivers are refusing to use the meter near Station Road,Public Transport
6531,Dead animal left uncollected on Park Avenue in Guindy,Waste Management
6532,"No signal at the school crossing near Temple Street, Saidapet",Traffic
6533,Garbage collection truck has not come to T Nagar for 9 days,Waste Management
6534,Waterlogging occurs on Park Avenue during rains,Road Maintenance
6535,Voltage fluctuation is damaging appliances in Phase 2,Electricity
6536,Plastic waste dumped near the water body in Velachery,Environment
6537,Corruption reported in distribution of government scheme benefits in Nungambakkam,Corruption
6538,Overcrowded buses are running on the Porur route,Public Transport
6539,No bus service available to Kodambakkam after 8 pm,Public Transport
6540,Frequent traffic congestion on Gandhi Street during peak hours,Traffic
6541,Electric pole near Main Road is leaning dangerously,Electricity
6542,Noise pollution from construction near Temple Street at night,Environment
6543,Vaccination camp was cancelled without notice in the housing board colony,Health
6544,Speed breakers are missing near the school on Main Road,Road Maintenance
6545,Voltage fluctuation is damaging appliances in Vadapalani,Electricity
6546,"No footpath available on South Street, pedestrians face danger",Road Maintenance
6547,Last bus timing has been cancelled for Velachery,Public Transport
6548,Overhead tank in the panchayat office area has not been cleaned in months,Water Supply
6549,Vaccination camp was cancelled without notice in Tambaram,Health
6550,8 street lights have been off for weeks near Nehru Street,Street Lighting
6551,Dumping ground near Royapettah is causing bad odor,Waste Management
6552,Live wire lying on Park Avenue poses electrocution risk,Public Safety
6553,Official at the the railway station road office is demanding money for a certificate,Corruption
6554,Dumping ground near Block C is causing bad odor,Waste Management
6555,Bus stop shelter near South Street is damaged,Public Transport
6556,Water pipe burst near North Street in Ambattur,Water Supply
6557,Transformer near Park Avenue in the railway station road is not working,Electricity
6558,Broken compound wall near Ring Road is a safety hazard,Public Safety
6559,A municipal worker asked for extra money to process ration card in the housing board colony,Corruption
6560,No waste collection service provided in Porur colony,Waste Management
6561,Dark stretch on Temple Street due to broken street lights,Street Lighting
6562,"Street lights remain on during daytime in the main market road, wasting power",Street Lighting
6563,Corruption reported in distribution of government scheme benefits in Porur,Corruption
6564,Bus frequency has reduced drastically on Kodambakkam route,Public Transport
6565,Encroachment on the lake near Pallavaram is destroying wetlands,Environment
6566,No waste collection service provided in Ward 12 colony,Waste Management
6567,Official at the Pallavaram office is demanding money for a certificate,Corruption
6568,Bus service is irregular on the Velachery route,Public Transport
6569,Abandoned building near Gandhi Street is unsafe for children,Public Safety
6570,Overcrowded buses are running on the Velachery route,Public Transport
6571,Dead animal left uncollected on Nehru Street in Perambur,Waste Management
6572,Ambulance service is delayed in Anna Nagar,Health
6573,Public dustbin near MG Road is broken and overflowing,Waste Management
6574,Dumping ground near Ambattur is causing bad odor,Waste Management
6575,Solar street lights installed in Kodambakkam are non functional,Street Lighting
6576,"No signal at the school crossing near South Street, Nungambakkam",Traffic
6577,Open manhole causing danger on Bypass Road in Phase 2,Public Safety
6578,"New street light pole is needed on Church Street, the government school area",Street Lighting
6579,"Street lights remain on during daytime in Nungambakkam, wasting power",Street Lighting
6580,Road near Temple Street has not been repaired after monsoon,Road Maintenance
6581,Solar street lights installed in the panchayat office area are non functional,Street Lighting
6582,No bus service available to Kolathur after 8 pm,Public Transport
6583,Money was demanded for processing a pension application in near the temple,Corruption
6584,Dumping ground near the main market road is causing bad odor,Waste Management
6585,Frequent power cuts are occurring in Anna Nagar,Electricity
6586,A middleman asked for extra money to process ration card in the industrial estate,Corruption
6587,Newly laid road on Gandhi Street is already damaged,Road Maintenance
6588,Dumping ground near T Nagar is causing bad odor,Waste Management
6589,A local shopkeeper is taking bribes for water connection approvals in Alwarpet,Corruption
6590,Bus service is irregular on the Block C route,Public Transport
6591,Overcrowded buses are running on the Nungambakkam route,Public Transport
6592,Auto drivers are refusing to use the meter near Church Street,Public Transport
6593,Primary health center in Phase 2 is understaffed,Health
6594,Bus conductor misbehaved with passengers on the panchayat office area route,Public Transport
6595,Noise pollution from construction near North Street at night,Environment
6596,11 street lights have been off for weeks near South Street,Street Lighting
6597,No bus service available to Guindy after 8 pm,Public Transport
6598,Street lights are not working on Bypass Road in Egmore,Street Lighting
6599,School in T Nagar lacks proper toilet facilities,Education
6600,Public dustbin near Bazaar Street is broken and overflowing,Waste Management
6601,No waste collection service provided in Kolathur colony,Waste Management
6602,Plastic waste dumped near the water body in T Nagar,Environment
6603,Auto drivers are refusing to use the meter near Gandhi Street,Public Transport
6604,Mid day meal quality is poor at Phase 2 school,Education
6605,Vaccination camp was cancelled without notice in Block C,Health
6606,Garbage collection truck has not come to Pallavaram for 4 days,Waste Management
6607,Deep pit left uncovered near Temple Street in the main market road,Public Safety
6608,Leaking pipeline is wasting water on Ring Road,Water Supply
6609,"No footpath available on South Street, pedestrians face danger",Road Maintenance
6610,A clerk asked for extra money to process ration card in Saidapet,Corruption
6611,Primary health center in Tambaram is understaffed,Health
6612,Dead animal left uncollected on South Street in T Nagar,Waste Management
6613,Water pipe burst near Main Road in the industrial estate,Water Supply
6614,Street light wiring is exposed and dangerous in the housing board colony,Street Lighting
6615,Frequent power cuts are occurring in Nungambakkam,Electricity
6616,Mid day meal quality is poor at Kolathur school,Education
6617,Road near Bazaar Street has not been repaired after monsoon,Road Maintenance
6618,Open manhole causing danger on Main Road in Ambattur,Public Safety
6619,No security personnel at the public park in Porur,Public Safety
6620,Solar street lights installed in the government school area are non functional,Street Lighting
6621,"New street light pole is needed on Bazaar Street, Anna Nagar",Street Lighting
6622,Last bus timing has been cancelled for Saidapet,Public Transport
6623,Deep pit left uncovered near Nehru Street in T Nagar,Public Safety
6624,Newly laid road on School Lane is already damaged,Road Maintenance
6625,"No footpath available on Main Road, pedestrians face danger",Road Maintenance
6626,Last bus timing has been cancelled for Tambaram,Public Transport
6627,Textbooks not distributed on time in Sector 5 schools,Education
6628,Frequent traffic congestion on Temple Street during peak hours,Traffic
6629,Long waiting times reported at Ward 12 government hospital,Health
6630,No specialist doctor visits the Chromepet health center,Health
6631,Street lights are not working on Church Street in Mylapore,Street Lighting
6632,Hospital in the main market road lacks cleanliness and hygiene,Health
6633,Government hospital near Temple Street lacks basic medicines,Health
6634,No security personnel at the public park in Anna Nagar,Public Safety
6635,School in Perambur lacks proper toilet facilities,Education
6636,Corruption reported in distribution of government scheme benefits in the government school area,Corruption
6637,Overcrowded buses are running on the Mylapore route,Public Transport
6638,Overhead tank in Sector 5 has not been cleaned in months,Water Supply
6639,Transformer near School Lane in Kodambakkam is not working,Electricity
6640,Signboards are missing at the South Street intersection,Traffic
6641,Plastic waste dumped near the water body in Ambattur,Environment
6642,Huge potholes on Bazaar Street in the railway station road,Road Maintenance
6643,Open manhole causing danger on South Street in Egmore,Public Safety
6644,Waterlogging occurs on Main Road during rains,Road Maintenance
6645,Dumping ground near the industrial estate is causing bad odor,Waste Management
6646,Primary health center in Royapettah is understaffed,Health
6647,"Traffic signal is damaged at Bazaar Street junction, Pallavaram",Traffic
6648,Water supply has been irregular in the housing board colony for 6 weeks,Water Supply
6649,Newly laid road on South Street is already damaged,Road Maintenance
6650,Someone demanded a bribe for approval of a document in Nungambakkam,Corruption
6651,Textbooks not distributed on time in Pallavaram schools,Education
6652,Waterlogging occurs on School Lane during rains,Road Maintenance
6653,Transformer near Church Street in Anna Nagar is not working,Electricity
6654,Bribe was demanded for issuing a building permit in Kolathur,Corruption
6655,Bus conductor misbehaved with passengers on Kolathur route,Public Transport
6656,Bus frequency has reduced drastically on Ambattur route,Public Transport
6657,Last bus timing has been cancelled for Ambattur,Public Transport
6658,"No signal at the school crossing near Gandhi Street, Velachery",Traffic
6659,Garbage is overflowing near Station Road in Saidapet,Waste Management
6660,Unsafe construction site near Park Avenue lacks barricades,Public Safety
6661,"Street lights remain on during daytime in Kodambakkam, wasting power",Street Lighting
6662,No waste collection service provided in Phase 2 colony,Waste Management
6663,Power supply tripped and not restored for 10 hours in Velachery,Electricity
6664,Burning of waste is causing smoke in Porur,Environment
6665,Power supply tripped and not restored for 4 hours in the housing board colony,Electricity
6666,No science teacher appointed at Anna Nagar school for 7 months,Education
6667,Electric pole near School Lane is leaning dangerously,Electricity
6668,Frequent traffic congestion on Church Street during peak hours,Traffic
6669,Contaminated water is being supplied in Royapettah,Water Supply
6670,Last bus timing has been cancelled for the main market road,Public Transport
6671,Bus conductor misbehaved with passengers on the government school area route,Public Transport
6672,Leaking pipeline is wasting water on North Street,Water Supply
6673,Illegal sand mining reported near the housing board colony,Environment
6674,Money was demanded for processing a pension application in Ward 12,Corruption
6675,Stray dogs are attacking residents in Pallavaram,Public Safety
6676,Road near Park Avenue has not been repaired after monsoon,Road Maintenance
6677,Huge potholes on Main Road in Porur,Road Maintenance
6678,A municipal worker is taking bribes for water connection approvals in Porur,Corruption
6679,School building near School Lane needs urgent repair,Education
6680,Road near Bypass Road has not been repaired after monsoon,Road Maintenance
6681,Waterlogging occurs on South Street during rains,Road Maintenance
6682,Dead animal left uncollected on South Street in Nungambakkam,Waste Management
6683,Corruption reported in distribution of government scheme benefits in Anna Nagar,Corruption
6684,Corruption reported in distribution of government scheme benefits in the government school area,Corruption
6685,Zebra crossing markings have faded on Nehru Street,Traffic
6686,New electricity connection is delayed in Kolathur,Electricity
6687,Illegal tree cutting is happening near MG Road in Velachery,Environment
6688,Streetside electric meter is sparking in Perambur,Electricity
6689,Open manhole causing danger on Gandhi Street in Ambattur,Public Safety
6690,Frequent traffic congestion on Station Road during peak hours,Traffic
6691,No science teacher appointed at Royapettah school for 6 months,Education
6692,Zebra crossing markings have faded on Ring Road,Traffic
6693,Burning of waste is causing smoke in Phase 2,Environment
6694,Illegal dumping of waste is happening near Bypass Road,Waste Management
6695,New electricity connection is delayed in Saidapet,Electricity
6696,Burning of waste is causing smoke in Kodambakkam,Environment
6697,4 street lights have been off for weeks near Park Avenue,Street Lighting
6698,Garbage collection truck has not come to Mylapore for 11 days,Waste Management
6699,"Low water pressure reported near Station Road, Tambaram",Water Supply
6700,Illegal parking is causing traffic jams on Market Road,Traffic
6701,Noise pollution from construction near North Street at night,Environment
6702,Air pollution levels are high near the factory in the industrial estate,Environment
6703,Open manhole causing danger on MG Road in Kodambakkam,Public Safety
6704,School building near North Street needs urgent repair,Education
6705,Street light flickers continuously on Nehru Street,Street Lighting
6706,A local shopkeeper is taking bribes for water connection approvals in Phase 2,Corruption
6707,Road divider near Church Street is broken,Road Maintenance
6708,Water body near Vadapalani is being polluted by industrial waste,Environment
6709,Someone demanded a bribe for approval of a document in Adyar,Corruption
6710,Bus frequency has reduced drastically on the industrial estate route,Public Transport
6711,No bus service available to Porur after 8 pm,Public Transport
6712,Bus stop shelter near Gandhi Street is damaged,Public Transport
6713,Corruption reported in distribution of government scheme benefits in Block C,Corruption
6714,Road divider near North Street is broken,Road Maintenance
6715,"New street light pole is needed on Park Avenue, the old bus stand area",Street Lighting
6716,Primary health center in Alwarpet is understaffed,Health
6717,Stray dogs are attacking residents in Porur,Public Safety
6718,Last bus timing has been cancelled for Tambaram,Public Transport
6719,Water supply has been irregular in the housing board colony for 3 weeks,Water Supply
6720,Signboards are missing at the South Street intersection,Traffic
6721,Teacher is absent regularly at the Kolathur government school,Education
6722,Road near South Street has not been repaired after monsoon,Road Maintenance
6723,Hospital in Saidapet has no doctors available,Health
6724,Ambulance service is delayed in T Nagar,Health
6725,Traffic signal timing is too short at Market Road,Traffic
6726,A middleman asked for extra money to process ration card in the industrial estate,Corruption
6727,Hospital in the old bus stand area has no doctors available,Health
6728,Last bus timing has been cancelled for the government school area,Public Transport
6729,Illegal tree cutting is happening near Gandhi Street in Mylapore,Environment
6730,Illegal sand mining reported near T Nagar,Environment
6731,Water body near Sector 5 is being polluted by industrial waste,Environment
6732,Dark stretch on Market Road due to broken street lights,Street Lighting
6733,Segregated waste is being mixed by collection staff in Guindy,Waste Management
6734,Abandoned building near Nehru Street is unsafe for children,Public Safety
6735,No traffic police present at busy junction near Bypass Road,Traffic
6736,Long waiting times reported at Vadapalani government hospital,Health
6737,Segregated waste is being mixed by collection staff in the housing board colony,Waste Management
6738,Someone demanded a bribe for approval of a document in Kolathur,Corruption
6739,Noise pollution from construction near Church Street at night,Environment
6740,School lacks drinking water facility in Sector 5,Education
6741,Frequent traffic congestion on South Street during peak hours,Traffic
6742,Money was demanded for processing a pension application in Vadapalani,Corruption
6743,Borewell in Alwarpet has run dry,Water Supply
6744,No waste collection service provided in Tambaram colony,Waste Management
6745,"No signal at the school crossing near Bazaar Street, the railway station road",Traffic
6746,Signboards are missing at the North Street intersection,Traffic
6747,Street light wiring is exposed and dangerous in Phase 2,Street Lighting
6748,Solar street lights installed in the housing board colony are non functional,Street Lighting
6749,Vaccination camp was cancelled without notice in the old bus stand area,Health
6750,Contaminated water is being supplied in near the temple,Water Supply
6751,Water body near Guindy is being polluted by industrial waste,Environment
6752,Illegal dumping of waste is happening near Gandhi Street,Waste Management
6753,No specialist doctor visits the Alwarpet health center,Health
6754,Hospital in Royapettah has no doctors available,Health
6755,Huge potholes on School Lane in the railway station road,Road Maintenance
6756,Traffic signal timing is too short at Main Road,Traffic
6757,Encroachment on the lake near Royapettah is destroying wetlands,Environment
6758,A government official is taking bribes for water connection approvals in the housing board colony,Corruption
6759,Bus conductor misbehaved with passengers on Anna Nagar route,Public Transport
6760,Mid day meal quality is poor at Mylapore school,Education
6761,Illegal parking is causing traffic jams on Church Street,Traffic
6762,Long waiting times reported at Porur government hospital,Health
6763,An officer at the counter is taking bribes for water connection approvals in Royapettah,Corruption
6764,Government hospital near Main Road lacks basic medicines,Health
6765,Street lights are not working on Bazaar Street in the old bus stand area,Street Lighting
6766,Stray dogs are attacking residents in the old bus stand area,Public Safety
6767,Bus conductor misbehaved with passengers on Ward 12 route,Public Transport
6768,No specialist doctor visits the the railway station road health center,Health
6769,Illegal tree cutting is happening near Station Road in the housing board colony,Environment
6770,Unsafe construction site near Bazaar Street lacks barricades,Public Safety
6771,Encroachment on the lake near Alwarpet is destroying wetlands,Environment
6772,Construction debris left on Nehru Street blocking traffic,Road Maintenance
6773,Burning of waste is causing smoke in Mylapore,Environment
6774,Illegal tree cutting is happening near Station Road in Royapettah,Environment
6775,Burning of waste is causing smoke in the industrial estate,Environment
6776,No water connection provided despite application in Perambur,Water Supply
6777,Contaminated water is being supplied in Vadapalani,Water Supply
6778,Abandoned building near Bypass Road is unsafe for children,Public Safety
6779,Road divider near Park Avenue is broken,Road Maintenance
6780,No security personnel at the public park in Velachery,Public Safety
6781,"New street light pole is needed on Bypass Road, the main market road",Street Lighting
6782,Zebra crossing markings have faded on School Lane,Traffic
6783,Plastic waste dumped near the water body in the industrial estate,Environment
6784,Contaminated water is being supplied in the railway station road,Water Supply
6785,Plastic waste dumped near the water body in Guindy,Environment
6786,Bus conductor misbehaved with passengers on Chromepet route,Public Transport
6787,Street light wiring is exposed and dangerous in Kolathur,Street Lighting
6788,Streetside electric meter is sparking in Perambur,Electricity
6789,Encroachment on the lake near Ward 12 is destroying wetlands,Environment
6790,Traffic signal timing is too short at Bypass Road,Traffic
6791,Huge potholes on Gandhi Street in Ward 12,Road Maintenance
6792,Live wire lying on Market Road poses electrocution risk,Public Safety
6793,Primary health center in Tambaram is understaffed,Health
6794,No waste collection service provided in Vadapalani colony,Waste Management
6795,"Street lights remain on during daytime in Sector 5, wasting power",Street Lighting
6796,Construction debris left on Nehru Street blocking traffic,Road Maintenance
6797,Zebra crossing markings have faded on Temple Street,Traffic
6798,Garbage is overflowing near Temple Street in Royapettah,Waste Management
6799,"New street light pole is needed on Gandhi Street, Chromepet",Street Lighting
6800,A middleman asked for extra money to process ration card in Vadapalani,Corruption
6801,Dark stretch on North Street due to broken street lights,Street Lighting
6802,Signboards are missing at the Ring Road intersection,Traffic
6803,Huge potholes on Bypass Road in the industrial estate,Road Maintenance
6804,Water supply has been irregular in Mylapore for 2 weeks,Water Supply
6805,A clerk is taking bribes for water connection approvals in Velachery,Corruption
6806,No security personnel at the public park in Pallavaram,Public Safety
6807,Garbage is overflowing near MG Road in the old bus stand area,Waste Management
6808,Electricity is unavailable in Alwarpet for the past 10 days,Electricity
6809,School lacks drinking water facility in Tambaram,Education
6810,Burning of waste is causing smoke in the government school area,Environment
6811,Illegal dumping of waste is happening near Nehru Street,Waste Management
6812,Waterlogging occurs on School Lane during rains,Road Maintenance
6813,Corruption reported in distribution of government scheme benefits in Mylapore,Corruption
6814,Power supply tripped and not restored for 4 hours in Kodambakkam,Electricity
6815,"Street lights remain on during daytime in T Nagar, wasting power",Street Lighting
6816,Auto drivers are refusing to use the meter near Gandhi Street,Public Transport
6817,New electricity connection is delayed in Anna Nagar,Electricity
6818,Textbooks not distributed on time in the railway station road schools,Education
6819,No specialist doctor visits the the railway station road health center,Health
6820,Street light wiring is exposed and dangerous in near the temple,Street Lighting
6821,Broken compound wall near South Street is a safety hazard,Public Safety
6822,There is no drinking water in Guindy for the past 10 days,Water Supply
6823,Overcrowded buses are running on the T Nagar route,Public Transport
6824,Leaking pipeline is wasting water on Station Road,Water Supply
6825,Textbooks not distributed on time in the railway station road schools,Education
6826,Long waiting times reported at Velachery government hospital,Health
6827,Textbooks not distributed on time in Vadapalani schools,Education
6828,School in Vadapalani lacks proper toilet facilities,Education
6829,Dead animal left uncollected on Church Street in the government school area,Waste Management
6830,No bus service available to Nungambakkam after 8 pm,Public Transport
6831,Encroachment on the lake near Adyar is destroying wetlands,Environment
6832,Government hospital near Ring Road lacks basic medicines,Health
6833,Waterlogging occurs on Park Avenue during rains,Road Maintenance
6834,A local shopkeeper asked for extra money to process ration card in the housing board colony,Corruption
6835,Waterlogging occurs on MG Road during rains,Road Maintenance
6836,Street lights are not working on Temple Street in the old bus stand area,Street Lighting
6837,Last bus timing has been cancelled for Alwarpet,Public Transport
6838,Waterlogging occurs on Bazaar Street during rains,Road Maintenance
6839,Bus service is irregular on the Ward 12 route,Public Transport
6840,There is no drinking water in Saidapet for the past 12 days,Water Supply
6841,11 street lights have been off for weeks near Main Road,Street Lighting
6842,Speed breakers are missing near the school on MG Road,Road Maintenance
6843,Ambulance service is delayed in Royapettah,Health
6844,There is no drinking water in Porur for the past 6 days,Water Supply
6845,Construction debris left on Nehru Street blocking traffic,Road Maintenance
6846,Contaminated water is being supplied in Sector 5,Water Supply
6847,Garbage is overflowing near Park Avenue in Kolathur,Waste Management
6848,Billing error in electricity charges for Ambattur residents,Electricity
6849,7 street lights have been off for weeks near Main Road,Street Lighting
6850,Illegal dumping of waste is happening near Ring Road,Waste Management
6851,School lacks drinking water facility in Block C,Education
6852,Illegal parking is causing traffic jams on Main Road,Traffic
6853,Dead animal left uncollected on North Street in Kodambakkam,Waste Management
6854,Traffic signal timing is too short at Station Road,Traffic
6855,No waste collection service provided in Kodambakkam colony,Waste Management
6856,Voltage fluctuation is damaging appliances in Nungambakkam,Electricity
6857,Last bus timing has been cancelled for Adyar,Public Transport
6858,"No signal at the school crossing near Ring Road, Royapettah",Traffic
6859,Borewell in Mylapore has run dry,Water Supply
6860,Dumping ground near Alwarpet is causing bad odor,Waste Management
6861,Last bus timing has been cancelled for Anna Nagar,Public Transport
6862,Last bus timing has been cancelled for Block C,Public Transport
6863,New electricity connection is delayed in Ward 12,Electricity
6864,Illegal dumping of waste is happening near Market Road,Waste Management
6865,Dead animal left uncollected on Market Road in Porur,Waste Management
6866,Mid day meal quality is poor at Kodambakkam school,Education
6867,Long waiting times reported at Ambattur government hospital,Health
6868,Overcrowded classrooms reported in Egmore government school,Education
6869,Stray dogs are attacking residents in Phase 2,Public Safety
6870,Encroachment on the lake near the main market road is destroying wetlands,Environment
6871,New electricity connection is delayed in the industrial estate,Electricity
6872,Road near Main Road has not been repaired after monsoon,Road Maintenance
6873,"Low water pressure reported near Ring Road, Tambaram",Water Supply
6874,Plastic waste dumped near the water body in Porur,Environment
6875,Noise pollution from construction near Bypass Road at night,Environment
6876,Garbage is overflowing near Church Street in Alwarpet,Waste Management
6877,Illegal parking is causing traffic jams on Church Street,Traffic
6878,Waterlogging occurs on Ring Road during rains,Road Maintenance
6879,Bus service is irregular on the Velachery route,Public Transport
6880,Overhead tank in T Nagar has not been cleaned in months,Water Supply
6881,Abandoned building near Temple Street is unsafe for children,Public Safety
6882,Voltage fluctuation is damaging appliances in near the temple,Electricity
6883,Leaking pipeline is wasting water on Station Road,Water Supply
6884,Borewell in Porur has run dry,Water Supply
6885,Construction debris left on Market Road blocking traffic,Road Maintenance
6886,Newly laid road on North Street is already damaged,Road Maintenance
6887,Segregated waste is being mixed by collection staff in Tambaram,Waste Management
6888,Billing error in electricity charges for Pallavaram residents,Electricity
6889,Road near Main Road has not been repaired after monsoon,Road Maintenance
6890,Dead animal left uncollected on Church Street in Alwarpet,Waste Management
6891,Burning of waste is causing smoke in the government school area,Environment
6892,Streetside electric meter is sparking in the housing board colony,Electricity
6893,Traffic signal timing is too short at Temple Street,Traffic
6894,"Traffic signal is damaged at Bazaar Street junction, Adyar",Traffic
6895,Zebra crossing markings have faded on School Lane,Traffic
6896,Dark stretch on Market Road due to broken street lights,Street Lighting
6897,Live wire lying on North Street poses electrocution risk,Public Safety
6898,Segregated waste is being mixed by collection staff in Nungambakkam,Waste Management
6899,Official at the Vadapalani office is demanding money for a certificate,Corruption
6900,Transformer near Church Street in Chromepet is not working,Electricity
6901,Segregated waste is being mixed by collection staff in the government school area,Waste Management
6902,Construction debris left on Market Road blocking traffic,Road Maintenance
6903,Teacher is absent regularly at the the housing board colony government school,Education
6904,"No signal at the school crossing near Nehru Street, Block C",Traffic
6905,No science teacher appointed at Velachery school for 14 months,Education
6906,Open manhole causing danger on Gandhi Street in the main market road,Public Safety
6907,Street light wiring is exposed and dangerous in Kodambakkam,Street Lighting
6908,Open manhole causing danger on Bazaar Street in Porur,Public Safety
6909,Abandoned building near Gandhi Street is unsafe for children,Public Safety
6910,Dead animal left uncollected on Temple Street in Royapettah,Waste Management
6911,Corruption reported in distribution of government scheme benefits in Guindy,Corruption
6912,Bus service is irregular on the Velachery route,Public Transport
6913,15 street lights have been off for weeks near Main Road,Street Lighting
6914,Segregated waste is being mixed by collection staff in Tambaram,Waste Management
6915,No security personnel at the public park in Kodambakkam,Public Safety
6916,Construction debris left on Bazaar Street blocking traffic,Road Maintenance
6917,Government hospital near Park Avenue lacks basic medicines,Health
6918,Street light flickers continuously on MG Road,Street Lighting
6919,Water supply has been irregular in Velachery for 15 weeks,Water Supply
6920,No water connection provided despite application in Sector 5,Water Supply
6921,"Street lights remain on during daytime in Velachery, wasting power",Street Lighting
6922,A government official asked for extra money to process ration card in Porur,Corruption
6923,There is no drinking water in Pallavaram for the past 5 days,Water Supply
6924,Leaking pipeline is wasting water on Ring Road,Water Supply
6925,Water pipe burst near Church Street in Velachery,Water Supply
6926,Unsafe construction site near MG Road lacks barricades,Public Safety
6927,School in Nungambakkam lacks proper toilet facilities,Education
6928,Dead animal left uncollected on Nehru Street in the old bus stand area,Waste Management
6929,Garbage is overflowing near Church Street in Anna Nagar,Waste Management
6930,Encroachment on the lake near the old bus stand area is destroying wetlands,Environment
6931,"Street lights remain on during daytime in the old bus stand area, wasting power",Street Lighting
6932,Hospital in the government school area has no doctors available,Health
6933,Noise pollution from construction near Main Road at night,Environment
6934,9 street lights have been off for weeks near Gandhi Street,Street Lighting
6935,Plastic waste dumped near the water body in Nungambakkam,Environment
6936,Open manhole causing danger on Church Street in Egmore,Public Safety
6937,Burning of waste is causing smoke in the main market road,Environment
6938,Borewell in Mylapore has run dry,Water Supply
6939,Road divider near Church Street is broken,Road Maintenance
6940,Last bus timing has been cancelled for Perambur,Public Transport
6941,Segregated waste is being mixed by collection staff in Kodambakkam,Waste Management
6942,Overhead tank in Guindy has not been cleaned in months,Water Supply
6943,Traffic signal timing is too short at Bypass Road,Traffic
6944,Bus conductor misbehaved with passengers on Adyar route,Public Transport
6945,Water body near Anna Nagar is being polluted by industrial waste,Environment
6946,Garbage is overflowing near Gandhi Street in Pallavaram,Waste Management
6947,Overcrowded classrooms reported in Ambattur government school,Education
6948,Abandoned building near Bazaar Street is unsafe for children,Public Safety
6949,Water supply has been irregular in the old bus stand area for 7 weeks,Water Supply
6950,Bus conductor misbehaved with passengers on Pallavaram route,Public Transport
6951,Street light wiring is exposed and dangerous in Egmore,Street Lighting
6952,Street lights are not working on Park Avenue in the panchayat office area,Street Lighting
6953,No water connection provided despite application in the housing board colony,Water Supply
6954,A clerk asked for extra money to process ration card in Kodambakkam,Corruption
6955,Stray dogs are attacking residents in Velachery,Public Safety
6956,"New street light pole is needed on Church Street, Egmore",Street Lighting
6957,Bus frequency has reduced drastically on Saidapet route,Public Transport
6958,Traffic signal timing is too short at Temple Street,Traffic
6959,Open manhole causing danger on Church Street in Saidapet,Public Safety
6960,Signboards are missing at the Nehru Street intersection,Traffic
6961,Dumping ground near the main market road is causing bad odor,Waste Management
6962,Hospital in Kodambakkam lacks cleanliness and hygiene,Health
6963,Newly laid road on Park Avenue is already damaged,Road Maintenance
6964,Abandoned building near Bypass Road is unsafe for children,Public Safety
6965,Segregated waste is being mixed by collection staff in Nungambakkam,Waste Management
6966,Broken compound wall near North Street is a safety hazard,Public Safety
6967,Burning of waste is causing smoke in the main market road,Environment
6968,There is no drinking water in near the temple for the past 7 days,Water Supply
6969,Frequent power cuts are occurring in the government school area,Electricity
6970,Ambulance service is delayed in Vadapalani,Health
6971,Traffic signal timing is too short at North Street,Traffic
6972,Noise pollution from construction near South Street at night,Environment
6973,11 street lights have been off for weeks near Market Road,Street Lighting
6974,Hospital in Porur has no doctors available,Health
6975,Corruption reported in distribution of government scheme benefits in Ward 12,Corruption
6976,Huge potholes on MG Road in Phase 2,Road Maintenance
6977,Segregated waste is being mixed by collection staff in Velachery,Waste Management
6978,Bribe was demanded for issuing a building permit in Block C,Corruption
6979,Bus conductor misbehaved with passengers on Vadapalani route,Public Transport
6980,Public dustbin near Park Avenue is broken and overflowing,Waste Management
6981,Leaking pipeline is wasting water on Bypass Road,Water Supply
6982,Air pollution levels are high near the factory in Ambattur,Environment
6983,No bus service available to Saidapet after 8 pm,Public Transport
6984,Borewell in Tambaram has run dry,Water Supply
6985,Open manhole causing danger on Ring Road in Chromepet,Public Safety
6986,Dumping ground near the housing board colony is causing bad odor,Waste Management
6987,Overhead tank in the old bus stand area has not been cleaned in months,Water Supply
6988,Electricity is unavailable in Ambattur for the past 9 days,Electricity
6989,"New street light pole is needed on MG Road, the government school area",Street Lighting
6990,Street lights are not working on North Street in the housing board colony,Street Lighting
6991,Road divider near Church Street is broken,Road Maintenance
6992,Textbooks not distributed on time in Perambur schools,Education
6993,Textbooks not distributed on time in Kolathur schools,Education
6994,Borewell in Kodambakkam has run dry,Water Supply
6995,No specialist doctor visits the Block C health center,Health
6996,"No signal at the school crossing near Bazaar Street, Anna Nagar",Traffic
6997,Hospital in Royapettah has no doctors available,Health
6998,Auto drivers are refusing to use the meter near Market Road,Public Transport
6999,Primary health center in Perambur is understaffed,Health
7000,Huge potholes on South Street in Block C,Road Maintenance
7001,Last bus timing has been cancelled for Alwarpet,Public Transport
7002,Garbage is overflowing near North Street in Ward 12,Waste Management
7003,"No footpath available on Nehru Street, pedestrians face danger",Road Maintenance
7004,Garbage collection truck has not come to Tambaram for 15 days,Waste Management
7005,Solar street lights installed in Kodambakkam are non functional,Street Lighting
7006,Dark stretch on South Street due to broken street lights,Street Lighting
7007,Government hospital near MG Road lacks basic medicines,Health
7008,Teacher is absent regularly at the Adyar government school,Education
7009,Frequent traffic congestion on Park Avenue during peak hours,Traffic
7010,Plastic waste dumped near the water body in Royapettah,Environment
7011,Mid day meal quality is poor at Porur school,Education
7012,Hospital in Velachery has no doctors available,Health
7013,Vaccination camp was cancelled without notice in Chromepet,Health
7014,Government hospital near Church Street lacks basic medicines,Health
7015,Traffic signal timing is too short at School Lane,Traffic
7016,Frequent traffic congestion on School Lane during peak hours,Traffic
7017,Unsafe construction site near North Street lacks barricades,Public Safety
7018,Signboards are missing at the School Lane intersection,Traffic
7019,Water supply has been irregular in Saidapet for 8 weeks,Water Supply
7020,No science teacher appointed at Guindy school for 7 months,Education
7021,Illegal sand mining reported near Porur,Environment
7022,Bus service is irregular on the Adyar route,Public Transport
7023,Garbage collection truck has not come to Nungambakkam for 15 days,Waste Management
7024,"Street lights remain on during daytime in Pallavaram, wasting power",Street Lighting
7025,Abandoned building near School Lane is unsafe for children,Public Safety
7026,Corruption reported in distribution of government scheme benefits in Anna Nagar,Corruption
7027,"No signal at the school crossing near Main Road, Egmore",Traffic
7028,Last bus timing has been cancelled for Pallavaram,Public Transport
7029,Hospital in the main market road lacks cleanliness and hygiene,Health
7030,"Traffic signal is damaged at School Lane junction, the government school area",Traffic
7031,Speed breakers are missing near the school on MG Road,Road Maintenance
7032,Segregated waste is being mixed by collection staff in T Nagar,Waste Management
7033,Encroachment on the lake near the government school area is destroying wetlands,Environment
7034,Overhead tank in the panchayat office area has not been cleaned in months,Water Supply
7035,Hospital in the main market road has no doctors available,Health
7036,Hospital in Alwarpet lacks cleanliness and hygiene,Health
7037,Streetside electric meter is sparking in Ambattur,Electricity
7038,"No footpath available on Temple Street, pedestrians face danger",Road Maintenance
7039,Illegal sand mining reported near Block C,Environment
7040,Overhead tank in Chromepet has not been cleaned in months,Water Supply
7041,Corruption reported in distribution of government scheme benefits in Vadapalani,Corruption
7042,Frequent power cuts are occurring in the panchayat office area,Electricity
7043,Bus frequency has reduced drastically on Saidapet route,Public Transport
7044,Overcrowded buses are running on the Chromepet route,Public Transport
7045,Waterlogging occurs on Station Road during rains,Road Maintenance
7046,Ambulance service is delayed in Royapettah,Health
7047,Dead animal left uncollected on Main Road in the housing board colony,Waste Management
7048,Street light wiring is exposed and dangerous in Block C,Street Lighting
7049,Primary health center in Saidapet is understaffed,Health
7050,Segregated waste is being mixed by collection staff in Egmore,Waste Management
7051,Overhead tank in the industrial estate has not been cleaned in months,Water Supply
7052,Someone demanded a bribe for approval of a document in Mylapore,Corruption
7053,Overcrowded buses are running on the Vadapalani route,Public Transport
7054,School lacks drinking water facility in Porur,Education
7055,Voltage fluctuation is damaging appliances in Sector 5,Electricity
7056,Unsafe construction site near Nehru Street lacks barricades,Public Safety
7057,Garbage collection truck has not come to Vadapalani for 9 days,Waste Management
7058,No security personnel at the public park in the industrial estate,Public Safety
7059,Government hospital near Market Road lacks basic medicines,Health
7060,Water supply has been irregular in near the temple for 13 weeks,Water Supply
7061,Noise pollution from construction near School Lane at night,Environment
7062,Bribe was demanded for issuing a building permit in Nungambakkam,Corruption
7063,Segregated waste is being mixed by collection staff in Block C,Waste Management
7064,Transformer near MG Road in the industrial estate is not working,Electricity
7065,Street light flickers continuously on Market Road,Street Lighting
7066,Road divider near Temple Street is broken,Road Maintenance
7067,Bribe was demanded for issuing a building permit in Adyar,Corruption
7068,Zebra crossing markings have faded on North Street,Traffic
7069,Waterlogging occurs on South Street during rains,Road Maintenance
7070,Overcrowded classrooms reported in near the temple government school,Education
7071,Transformer near South Street in Sector 5 is not working,Electricity
7072,Street light wiring is exposed and dangerous in Phase 2,Street Lighting
7073,Auto drivers are refusing to use the meter near Temple Street,Public Transport
7074,Official at the Velachery office is demanding money for a certificate,Corruption
7075,Illegal tree cutting is happening near Main Road in Porur,Environment
7076,Money was demanded for processing a pension application in Perambur,Corruption
7077,Power supply tripped and not restored for 5 hours in Tambaram,Electricity
7078,Dumping ground near Ambattur is causing bad odor,Waste Management
7079,Broken compound wall near North Street is a safety hazard,Public Safety
7080,Hospital in near the temple has no doctors available,Health
7081,New electricity connection is delayed in near the temple,Electricity
7082,Huge potholes on Park Avenue in Ambattur,Road Maintenance
7083,Borewell in Velachery has run dry,Water Supply
7084,Electricity is unavailable in Pallavaram for the past 14 days,Electricity
7085,Frequent traffic congestion on Church Street during peak hours,Traffic
7086,Garbage collection truck has not come to Phase 2 for 6 days,Waste Management
7087,An officer at the counter asked for extra money to process ration card in T Nagar,Corruption
7088,Plastic waste dumped near the water body in the panchayat office area,Environment
7089,"Low water pressure reported near Bypass Road, Saidapet",Water Supply
7090,New electricity connection is delayed in the old bus stand area,Electricity
7091,Traffic signal timing is too short at Church Street,Traffic
7092,"Traffic signal is damaged at North Street junction, near the temple",Traffic
7093,Hospital in Vadapalani has no doctors available,Health
7094,No water connection provided despite application in the government school area,Water Supply
7095,Road near North Street has not been repaired after monsoon,Road Maintenance
7096,Someone demanded a bribe for approval of a document in the housing board colony,Corruption
7097,12 street lights have been off for weeks near Ring Road,Street Lighting
7098,Open manhole causing danger on MG Road in the railway station road,Public Safety
7099,Last bus timing has been cancelled for Porur,Public Transport
7100,Illegal parking is causing traffic jams on Gandhi Street,Traffic
7101,Waterlogging occurs on Main Road during rains,Road Maintenance
7102,Street light wiring is exposed and dangerous in Egmore,Street Lighting
7103,No specialist doctor visits the Pallavaram health center,Health
7104,Borewell in Sector 5 has run dry,Water Supply
7105,Speed breakers are missing near the school on Bazaar Street,Road Maintenance
7106,Burning of waste is causing smoke in Phase 2,Environment
7107,No bus service available to Adyar after 8 pm,Public Transport
7108,Road divider near Gandhi Street is broken,Road Maintenance
7109,Waterlogging occurs on Main Road during rains,Road Maintenance
7110,"New street light pole is needed on Gandhi Street, the railway station road",Street Lighting
7111,Borewell in Royapettah has run dry,Water Supply
7112,Bus conductor misbehaved with passengers on near the temple route,Public Transport
7113,14 street lights have been off for weeks near Gandhi Street,Street Lighting
7114,Frequent power cuts are occurring in Royapettah,Electricity
7115,Official at the Royapettah office is demanding money for a certificate,Corruption
7116,New electricity connection is delayed in Alwarpet,Electricity
7117,Vaccination camp was cancelled without notice in Sector 5,Health
7118,Air pollution levels are high near the factory in Tambaram,Environment
7119,Overcrowded classrooms reported in Egmore government school,Education
7120,Solar street lights installed in Kodambakkam are non functional,Street Lighting
7121,"Traffic signal is damaged at Gandhi Street junction, Adyar",Traffic
7122,Borewell in the main market road has run dry,Water Supply
7123,Solar street lights installed in Chromepet are non functional,Street Lighting
7124,Hospital in Sector 5 has no doctors available,Health
7125,Illegal dumping of waste is happening near School Lane,Waste Management
7126,Dumping ground near Ward 12 is causing bad odor,Waste Management
7127,Illegal parking is causing traffic jams on MG Road,Traffic
7128,Live wire lying on Gandhi Street poses electrocution risk,Public Safety
7129,Overhead tank in the government school area has not been cleaned in months,Water Supply
7130,Last bus timing has been cancelled for Ward 12,Public Transport
7131,Speed breakers are missing near the school on Market Road,Road Maintenance
7132,Hospital in Porur has no doctors available,Health
7133,Water tanker did not arrive in the old bus stand area as scheduled,Water Supply
7134,No specialist doctor visits the Royapettah health center,Health
7135,Zebra crossing markings have faded on School Lane,Traffic
7136,Deep pit left uncovered near Market Road in Vadapalani,Public Safety
7137,Money was demanded for processing a pension application in the main market road,Corruption
7138,A government official is taking bribes for water connection approvals in near the temple,Corruption
7139,Primary health center in Royapettah is understaffed,Health
7140,Noise pollution from construction near Bazaar Street at night,Environment
7141,Abandoned building near MG Road is unsafe for children,Public Safety
7142,Bus frequency has reduced drastically on the main market road route,Public Transport
7143,Teacher is absent regularly at the the railway station road government school,Education
7144,Bus service is irregular on the Porur route,Public Transport
7145,No water connection provided despite application in the panchayat office area,Water Supply
7146,No security personnel at the public park in the government school area,Public Safety
7147,Overcrowded buses are running on the the industrial estate route,Public Transport
7148,"No footpath available on Nehru Street, pedestrians face danger",Road Maintenance
7149,Waterlogging occurs on Gandhi Street during rains,Road Maintenance
7150,Plastic waste dumped near the water body in Sector 5,Environment
7151,Water tanker did not arrive in the government school area as scheduled,Water Supply
7152,Water body near Sector 5 is being polluted by industrial waste,Environment
7153,Speed breakers are missing near the school on Park Avenue,Road Maintenance
7154,Deep pit left uncovered near School Lane in Perambur,Public Safety
7155,Deep pit left uncovered near North Street in Kolathur,Public Safety
7156,Dark stretch on Station Road due to broken street lights,Street Lighting
7157,Street lights are not working on South Street in Mylapore,Street Lighting
7158,Government hospital near Temple Street lacks basic medicines,Health
7159,Someone demanded a bribe for approval of a document in Tambaram,Corruption
7160,Illegal dumping of waste is happening near Church Street,Waste Management
7161,"Low water pressure reported near Gandhi Street, Mylapore",Water Supply
7162,Dark stretch on School Lane due to broken street lights,Street Lighting
7163,Hospital in Anna Nagar has no doctors available,Health
7164,Huge potholes on Ring Road in Chromepet,Road Maintenance
7165,Air pollution levels are high near the factory in Block C,Environment
7166,Borewell in T Nagar has run dry,Water Supply
7167,Burning of waste is causing smoke in Nungambakkam,Environment
7168,Street light flickers continuously on Church Street,Street Lighting
7169,Garbage collection truck has not come to Vadapalani for 13 days,Waste Management
7170,No specialist doctor visits the the panchayat office area health center,Health
7171,Bribe was demanded for issuing a building permit in Vadapalani,Corruption
7172,Traffic signal timing is too short at Bypass Road,Traffic
7173,No waste collection service provided in the industrial estate colony,Waste Management
7174,Electric pole near Station Road is leaning dangerously,Electricity
7175,No specialist doctor visits the T Nagar health center,Health
7176,Signboards are missing at the Ring Road intersection,Traffic
7177,"No signal at the school crossing near Park Avenue, Pallavaram",Traffic
7178,Road divider near Main Road is broken,Road Maintenance
7179,No security personnel at the public park in the government school area,Public Safety
7180,"Street lights remain on during daytime in near the temple, wasting power",Street Lighting
7181,No security personnel at the public park in Tambaram,Public Safety
7182,Official at the Saidapet office is demanding money for a certificate,Corruption
7183,Electric pole near School Lane is leaning dangerously,Electricity
7184,Plastic waste dumped near the water body in Perambur,Environment
7185,Water tanker did not arrive in Porur as scheduled,Water Supply
7186,No science teacher appointed at Block C school for 2 months,Education
7187,Illegal parking is causing traffic jams on Nehru Street,Traffic
7188,Dark stretch on Ring Road due to broken street lights,Street Lighting
7189,Ambulance service is delayed in the railway station road,Health
7190,Overcrowded buses are running on the Saidapet route,Public Transport
7191,Water body near Mylapore is being polluted by industrial waste,Environment
7192,Someone demanded a bribe for approval of a document in Adyar,Corruption
7193,Hospital in Pallavaram has no doctors available,Health
7194,Corruption reported in distribution of government scheme benefits in Ambattur,Corruption
7195,Air pollution levels are high near the factory in the housing board colony,Environment
7196,Water supply has been irregular in the panchayat office area for 13 weeks,Water Supply
7197,Air pollution levels are high near the factory in the panchayat office area,Environment
7198,Plastic waste dumped near the water body in the main market road,Environment
7199,Voltage fluctuation is damaging appliances in the industrial estate,Electricity
7200,Bribe was demanded for issuing a building permit in Royapettah,Corruption
7201,Water tanker did not arrive in Porur as scheduled,Water Supply
7202,Vaccination camp was cancelled without notice in Royapettah,Health
7203,No traffic police present at busy junction near Market Road,Traffic
7204,"Street lights remain on during daytime in the industrial estate, wasting power",Street Lighting
7205,9 street lights have been off for weeks near Main Road,Street Lighting
7206,Mid day meal quality is poor at the old bus stand area school,Education
7207,New electricity connection is delayed in Ward 12,Electricity
7208,Traffic signal timing is too short at MG Road,Traffic
7209,"No footpath available on Park Avenue, pedestrians face danger",Road Maintenance
7210,School building near Park Avenue needs urgent repair,Education
7211,Abandoned building near Gandhi Street is unsafe for children,Public Safety
7212,No waste collection service provided in the government school area colony,Waste Management
7213,"New street light pole is needed on Ring Road, Vadapalani",Street Lighting
7214,Garbage collection truck has not come to the old bus stand area for 13 days,Waste Management
7215,Contaminated water is being supplied in Alwarpet,Water Supply
7216,No water connection provided despite application in Sector 5,Water Supply
7217,Waterlogging occurs on South Street during rains,Road Maintenance
7218,An officer at the counter asked for extra money to process ration card in Phase 2,Corruption
7219,Textbooks not distributed on time in Porur schools,Education
7220,Borewell in Pallavaram has run dry,Water Supply
7221,Garbage is overflowing near Park Avenue in Saidapet,Waste Management
7222,No security personnel at the public park in Chromepet,Public Safety
7223,Unsafe construction site near Ring Road lacks barricades,Public Safety
7224,Burning of waste is causing smoke in Adyar,Environment
7225,Illegal dumping of waste is happening near Ring Road,Waste Management
7226,Billing error in electricity charges for Kodambakkam residents,Electricity
7227,Segregated waste is being mixed by collection staff in Kolathur,Waste Management
7228,Stray dogs are attacking residents in Vadapalani,Public Safety
7229,Zebra crossing markings have faded on Main Road,Traffic
7230,Dark stretch on Gandhi Street due to broken street lights,Street Lighting
7231,Bus stop shelter near Station Road is damaged,Public Transport
7232,There is no drinking water in the housing board colony for the past 12 days,Water Supply
7233,A clerk asked for extra money to process ration card in the old bus stand area,Corruption
7234,A municipal worker is taking bribes for water connection approvals in Kolathur,Corruption
7235,Live wire lying on School Lane poses electrocution risk,Public Safety
7236,Corruption reported in distribution of government scheme benefits in Egmore,Corruption
7237,Stray dogs are attacking residents in Kolathur,Public Safety
7238,Broken compound wall near Ring Road is a safety hazard,Public Safety
7239,Zebra crossing markings have faded on Gandhi Street,Traffic
7240,Dark stretch on Bazaar Street due to broken street lights,Street Lighting
7241,An officer at the counter is taking bribes for water connection approvals in Pallavaram,Corruption
7242,Long waiting times reported at the panchayat office area government hospital,Health
7243,Illegal sand mining reported near the old bus stand area,Environment
7244,Air pollution levels are high near the factory in Porur,Environment
7245,Burning of waste is causing smoke in Perambur,Environment
7246,Bus stop shelter near North Street is damaged,Public Transport
7247,Speed breakers are missing near the school on North Street,Road Maintenance
7248,Exposed wires near Gandhi Street pose a danger to residents,Electricity
7249,No security personnel at the public park in T Nagar,Public Safety
7250,"Traffic signal is damaged at Bazaar Street junction, Kodambakkam",Traffic
7251,"Street lights remain on during daytime in Ward 12, wasting power",Street Lighting
7252,Ambulance service is delayed in Sector 5,Health
7253,No specialist doctor visits the Porur health center,Health
7254,Vaccination camp was cancelled without notice in Porur,Health
7255,Money was demanded for processing a pension application in near the temple,Corruption
7256,Signboards are missing at the Gandhi Street intersection,Traffic
7257,Noise pollution from construction near Nehru Street at night,Environment
7258,Hospital in Kolathur has no doctors available,Health
7259,2 street lights have been off for weeks near Temple Street,Street Lighting
7260,Street light wiring is exposed and dangerous in Nungambakkam,Street Lighting
7261,No traffic police present at busy junction near Gandhi Street,Traffic
7262,No science teacher appointed at Nungambakkam school for 10 months,Education
7263,Road near Station Road has not been repaired after monsoon,Road Maintenance
7264,Leaking pipeline is wasting water on Main Road,Water Supply
7265,"Street lights remain on during daytime in the housing board colony, wasting power",Street Lighting
7266,Open manhole causing danger on Gandhi Street in Porur,Public Safety
7267,Voltage fluctuation is damaging appliances in Perambur,Electricity
7268,Segregated waste is being mixed by collection staff in T Nagar,Waste Management
7269,Water pipe burst near Gandhi Street in Mylapore,Water Supply
7270,Construction debris left on North Street blocking traffic,Road Maintenance
7271,Solar street lights installed in Guindy are non functional,Street Lighting
7272,Traffic signal timing is too short at Ring Road,Traffic
7273,Abandoned building near North Street is unsafe for children,Public Safety
7274,Overcrowded buses are running on the Sector 5 route,Public Transport
7275,No water connection provided despite application in the railway station road,Water Supply
7276,Signboards are missing at the Bazaar Street intersection,Traffic
7277,Leaking pipeline is wasting water on Bazaar Street,Water Supply
7278,School in Saidapet lacks proper toilet facilities,Education
7279,Encroachment on the lake near the government school area is destroying wetlands,Environment
7280,Power supply tripped and not restored for 15 hours in the government school area,Electricity
7281,Plastic waste dumped near the water body in the railway station road,Environment
7282,Burning of waste is causing smoke in Chromepet,Environment
7283,Primary health center in the industrial estate is understaffed,Health
7284,Overcrowded classrooms reported in Phase 2 government school,Education
7285,Official at the Chromepet office is demanding money for a certificate,Corruption
7286,Frequent power cuts are occurring in Pallavaram,Electricity
7287,5 street lights have been off for weeks near Market Road,Street Lighting
7288,New electricity connection is delayed in Mylapore,Electricity
7289,Electric pole near Ring Road is leaning dangerously,Electricity
7290,Broken compound wall near Market Road is a safety hazard,Public Safety
7291,Waterlogging occurs on Gandhi Street during rains,Road Maintenance
7292,Street lights are not working on Church Street in Egmore,Street Lighting
7293,Signboards are missing at the Church Street intersection,Traffic
7294,Noise pollution from construction near Bypass Road at night,Environment
7295,A municipal worker asked for extra money to process ration card in Chromepet,Corruption
7296,Frequent traffic congestion on School Lane during peak hours,Traffic
7297,Garbage is overflowing near Temple Street in Ambattur,Waste Management
7298,Frequent traffic congestion on South Street during peak hours,Traffic
7299,Bribe was demanded for issuing a building permit in Tambaram,Corruption
7300,Deep pit left uncovered near South Street in Velachery,Public Safety
7301,Encroachment on the lake near the government school area is destroying wetlands,Environment
7302,Exposed wires near Station Road pose a danger to residents,Electricity
7303,Corruption reported in distribution of government scheme benefits in the main market road,Corruption
7304,School lacks drinking water facility in near the temple,Education
7305,Illegal parking is causing traffic jams on North Street,Traffic
7306,"New street light pole is needed on Station Road, the railway station road",Street Lighting
7307,Street light flickers continuously on Temple Street,Street Lighting
7308,Traffic signal timing is too short at Bazaar Street,Traffic
7309,Corruption reported in distribution of government scheme benefits in Phase 2,Corruption
7310,Hospital in Kolathur lacks cleanliness and hygiene,Health
7311,Burning of waste is causing smoke in the panchayat office area,Environment
7312,Long waiting times reported at Saidapet government hospital,Health
7313,Water pipe burst near Nehru Street in the main market road,Water Supply
7314,Construction debris left on MG Road blocking traffic,Road Maintenance
7315,Hospital in the main market road lacks cleanliness and hygiene,Health
7316,School building near Bypass Road needs urgent repair,Education
7317,Overcrowded buses are running on the the government school area route,Public Transport
7318,Textbooks not distributed on time in Sector 5 schools,Education
7319,Garbage collection truck has not come to Ambattur for 6 days,Waste Management
7320,Primary health center in Ambattur is understaffed,Health
7321,No traffic police present at busy junction near Market Road,Traffic
7322,Encroachment on the lake near Anna Nagar is destroying wetlands,Environment
7323,Long waiting times reported at Sector 5 government hospital,Health
7324,Road divider near MG Road is broken,Road Maintenance
7325,Signboards are missing at the Temple Street intersection,Traffic
7326,"Low water pressure reported near Ring Road, Guindy",Water Supply
7327,Transformer near South Street in the housing board colony is not working,Electricity
7328,Overcrowded classrooms reported in Pallavaram government school,Education
7329,Street light flickers continuously on South Street,Street Lighting
7330,Exposed wires near Church Street pose a danger to residents,Electricity
7331,Transformer near Temple Street in Perambur is not working,Electricity
7332,Vaccination camp was cancelled without notice in Alwarpet,Health
7333,School in Porur lacks proper toilet facilities,Education
7334,Voltage fluctuation is damaging appliances in the government school area,Electricity
7335,Solar street lights installed in Block C are non functional,Street Lighting
7336,Electricity is unavailable in Alwarpet for the past 5 days,Electricity
7337,Live wire lying on Bazaar Street poses electrocution risk,Public Safety
7338,Illegal sand mining reported near Royapettah,Environment
7339,Hospital in near the temple lacks cleanliness and hygiene,Health
7340,Someone demanded a bribe for approval of a document in the railway station road,Corruption
7341,Unsafe construction site near Park Avenue lacks barricades,Public Safety
7342,A contractor is taking bribes for water connection approvals in the housing board colony,Corruption
7343,Ambulance service is delayed in Pallavaram,Health
7344,Mid day meal quality is poor at Kodambakkam school,Education
7345,No traffic police present at busy junction near Station Road,Traffic
7346,Street lights are not working on MG Road in Adyar,Street Lighting
7347,Traffic signal timing is too short at School Lane,Traffic
7348,Dumping ground near the government school area is causing bad odor,Waste Management
7349,Corruption reported in distribution of government scheme benefits in Egmore,Corruption
7350,Overcrowded classrooms reported in Phase 2 government school,Education
7351,Power supply tripped and not restored for 5 hours in Guindy,Electricity
7352,Contaminated water is being supplied in Sector 5,Water Supply
7353,Bus frequency has reduced drastically on the main market road route,Public Transport
7354,Government hospital near Gandhi Street lacks basic medicines,Health
7355,Garbage is overflowing near Bazaar Street in Alwarpet,Waste Management
7356,Electric pole near North Street is leaning dangerously,Electricity
7357,Dumping ground near the industrial estate is causing bad odor,Waste Management
7358,Water body near near the temple is being polluted by industrial waste,Environment
7359,Water supply has been irregular in the government school area for 12 weeks,Water Supply
7360,Streetside electric meter is sparking in the panchayat office area,Electricity
7361,"Low water pressure reported near Gandhi Street, Porur",Water Supply
7362,8 street lights have been off for weeks near Gandhi Street,Street Lighting
7363,No bus service available to Anna Nagar after 8 pm,Public Transport
7364,Bribe was demanded for issuing a building permit in Porur,Corruption
7365,A government official is taking bribes for water connection approvals in the industrial estate,Corruption
7366,Bus stop shelter near Temple Street is damaged,Public Transport
7367,Mid day meal quality is poor at Mylapore school,Education
7368,Overcrowded buses are running on the Perambur route,Public Transport
7369,New electricity connection is delayed in Nungambakkam,Electricity
7370,Power supply tripped and not restored for 6 hours in Perambur,Electricity
7371,Dead animal left uncollected on North Street in Anna Nagar,Waste Management
7372,"New street light pole is needed on Bypass Road, Saidapet",Street Lighting
7373,Overhead tank in Guindy has not been cleaned in months,Water Supply
7374,Power supply tripped and not restored for 14 hours in Chromepet,Electricity
7375,Traffic signal timing is too short at North Street,Traffic
7376,Transformer near North Street in Egmore is not working,Electricity
7377,Water supply has been irregular in Pallavaram for 4 weeks,Water Supply
7378,Hospital in the main market road lacks cleanliness and hygiene,Health
7379,Broken compound wall near MG Road is a safety hazard,Public Safety
7380,Corruption reported in distribution of government scheme benefits in Sector 5,Corruption
7381,Contaminated water is being supplied in Perambur,Water Supply
7382,Overcrowded buses are running on the the government school area route,Public Transport
7383,Hospital in Porur has no doctors available,Health
7384,Stray dogs are attacking residents in Nungambakkam,Public Safety
7385,Dark stretch on School Lane due to broken street lights,Street Lighting
7386,Streetside electric meter is sparking in Sector 5,Electricity
7387,Road near Nehru Street has not been repaired after monsoon,Road Maintenance
7388,Illegal tree cutting is happening near Bazaar Street in Egmore,Environment
7389,Zebra crossing markings have faded on South Street,Traffic
7390,Noise pollution from construction near Main Road at night,Environment
7391,"New street light pole is needed on School Lane, Sector 5",Street Lighting
7392,Speed breakers are missing near the school on Market Road,Road Maintenance
7393,Frequent power cuts are occurring in Sector 5,Electricity
7394,Corruption reported in distribution of government scheme benefits in near the temple,Corruption
7395,Money was demanded for processing a pension application in the industrial estate,Corruption
7396,Street lights are not working on North Street in Kodambakkam,Street Lighting
7397,Water body near Porur is being polluted by industrial waste,Environment
7398,Solar street lights installed in Vadapalani are non functional,Street Lighting
7399,Unsafe construction site near Gandhi Street lacks barricades,Public Safety
7400,Broken compound wall near MG Road is a safety hazard,Public Safety
7401,Noise pollution from construction near North Street at night,Environment
7402,Illegal parking is causing traffic jams on Bypass Road,Traffic
7403,Huge potholes on MG Road in Tambaram,Road Maintenance
7404,Construction debris left on Church Street blocking traffic,Road Maintenance
7405,"Traffic signal is damaged at North Street junction, Kodambakkam",Traffic
7406,Unsafe construction site near Bazaar Street lacks barricades,Public Safety
7407,No specialist doctor visits the Ward 12 health center,Health
7408,School lacks drinking water facility in Pallavaram,Education
7409,Overcrowded buses are running on the the government school area route,Public Transport
7410,Illegal dumping of waste is happening near School Lane,Waste Management
7411,Garbage is overflowing near Market Road in Pallavaram,Waste Management
7412,Illegal parking is causing traffic jams on Nehru Street,Traffic
7413,Vaccination camp was cancelled without notice in Perambur,Health
7414,Textbooks not distributed on time in T Nagar schools,Education
7415,No water connection provided despite application in Vadapalani,Water Supply
7416,Air pollution levels are high near the factory in Velachery,Environment
7417,Bus stop shelter near Ring Road is damaged,Public Transport
7418,Textbooks not distributed on time in Mylapore schools,Education
7419,Overcrowded classrooms reported in Sector 5 government school,Education
7420,Dark stretch on Bazaar Street due to broken street lights,Street Lighting
7421,Garbage collection truck has not come to Ambattur for 3 days,Waste Management
7422,Official at the Anna Nagar office is demanding money for a certificate,Corruption
7423,Textbooks not distributed on time in the panchayat office area schools,Education
7424,Bus frequency has reduced drastically on Alwarpet route,Public Transport
7425,Power supply tripped and not restored for 2 hours in Kolathur,Electricity
7426,Frequent traffic congestion on MG Road during peak hours,Traffic
7427,Burning of waste is causing smoke in Alwarpet,Environment
7428,Overcrowded buses are running on the the industrial estate route,Public Transport
7429,No science teacher appointed at Phase 2 school for 2 months,Education
7430,Broken compound wall near Market Road is a safety hazard,Public Safety
7431,Garbage collection truck has not come to the railway station road for 7 days,Waste Management
7432,Billing error in electricity charges for Nungambakkam residents,Electricity
7433,Encroachment on the lake near Ward 12 is destroying wetlands,Environment
7434,Last bus timing has been cancelled for the panchayat office area,Public Transport
7435,Bus conductor misbehaved with passengers on the panchayat office area route,Public Transport
7436,Overcrowded buses are running on the T Nagar route,Public Transport
7437,Open manhole causing danger on Church Street in Adyar,Public Safety
7438,Construction debris left on School Lane blocking traffic,Road Maintenance
7439,Waterlogging occurs on Temple Street during rains,Road Maintenance
7440,Air pollution levels are high near the factory in Adyar,Environment
7441,No waste collection service provided in the main market road colony,Waste Management
7442,Voltage fluctuation is damaging appliances in Velachery,Electricity
7443,"Street lights remain on during daytime in Tambaram, wasting power",Street Lighting
7444,"No footpath available on Nehru Street, pedestrians face danger",Road Maintenance
7445,School lacks drinking water facility in Ward 12,Education
7446,Open manhole causing danger on Station Road in near the temple,Public Safety
7447,Signboards are missing at the MG Road intersection,Traffic
7448,Speed breakers are missing near the school on Gandhi Street,Road Maintenance
7449,Leaking pipeline is wasting water on Market Road,Water Supply
7450,Transformer near Nehru Street in the housing board colony is not working,Electricity
7451,Dark stretch on Church Street due to broken street lights,Street Lighting
7452,Traffic signal timing is too short at Bypass Road,Traffic
7453,Encroachment on the lake near Sector 5 is destroying wetlands,Environment
7454,Deep pit left uncovered near Nehru Street in Mylapore,Public Safety
7455,Hospital in Pallavaram lacks cleanliness and hygiene,Health
7456,Illegal dumping of waste is happening near Church Street,Waste Management
7457,Noise pollution from construction near Gandhi Street at night,Environment
7458,Bus service is irregular on the Ambattur route,Public Transport
7459,No water connection provided despite application in Vadapalani,Water Supply
7460,Bribe was demanded for issuing a building permit in T Nagar,Corruption
7461,Teacher is absent regularly at the Kolathur government school,Education
7462,Electric pole near Gandhi Street is leaning dangerously,Electricity
7463,"Street lights remain on during daytime in Sector 5, wasting power",Street Lighting
7464,No science teacher appointed at Pallavaram school for 2 months,Education
7465,"No footpath available on South Street, pedestrians face danger",Road Maintenance
7466,Overcrowded buses are running on the the panchayat office area route,Public Transport
7467,8 street lights have been off for weeks near MG Road,Street Lighting
7468,Speed breakers are missing near the school on School Lane,Road Maintenance
7469,Corruption reported in distribution of government scheme benefits in Mylapore,Corruption
7470,Dead animal left uncollected on North Street in Kolathur,Waste Management
7471,Streetside electric meter is sparking in Adyar,Electricity
7472,A clerk asked for extra money to process ration card in Perambur,Corruption
7473,Exposed wires near Ring Road pose a danger to residents,Electricity
7474,Money was demanded for processing a pension application in the industrial estate,Corruption
7475,Illegal sand mining reported near Adyar,Environment
7476,No bus service available to Sector 5 after 8 pm,Public Transport
7477,Road near Station Road has not been repaired after monsoon,Road Maintenance
7478,New electricity connection is delayed in Adyar,Electricity
7479,Government hospital near Main Road lacks basic medicines,Health
7480,Solar street lights installed in Ward 12 are non functional,Street Lighting
7481,Abandoned building near Station Road is unsafe for children,Public Safety
7482,Water supply has been irregular in Vadapalani for 12 weeks,Water Supply
7483,Someone demanded a bribe for approval of a document in the main market road,Corruption
7484,Electricity is unavailable in Ambattur for the past 5 days,Electricity
7485,Overcrowded buses are running on the Anna Nagar route,Public Transport
7486,Live wire lying on South Street poses electrocution risk,Public Safety
7487,Auto drivers are refusing to use the meter near Ring Road,Public Transport
7488,Electric pole near Nehru Street is leaning dangerously,Electricity
7489,Construction debris left on Bazaar Street blocking traffic,Road Maintenance
7490,Transformer near Ring Road in Tambaram is not working,Electricity
7491,Illegal sand mining reported near Ambattur,Environment
7492,Plastic waste dumped near the water body in Perambur,Environment
7493,Primary health center in Royapettah is understaffed,Health
7494,Garbage is overflowing near Gandhi Street in Ward 12,Waste Management
7495,Overcrowded classrooms reported in the industrial estate government school,Education
7496,Frequent traffic congestion on Bazaar Street during peak hours,Traffic
7497,"New street light pole is needed on South Street, Anna Nagar",Street Lighting
7498,Mid day meal quality is poor at Alwarpet school,Education
7499,Bus frequency has reduced drastically on near the temple route,Public Transport
7500,Bus stop shelter near Bypass Road is damaged,Public Transport
7501,School lacks drinking water facility in T Nagar,Education
7502,Overhead tank in Nungambakkam has not been cleaned in months,Water Supply
7503,Illegal dumping of waste is happening near Church Street,Waste Management
7504,No security personnel at the public park in Adyar,Public Safety
7505,Burning of waste is causing smoke in Perambur,Environment
7506,Huge potholes on Bypass Road in Sector 5,Road Maintenance
7507,Segregated waste is being mixed by collection staff in Royapettah,Waste Management
7508,No waste collection service provided in Perambur colony,Waste Management
7509,Electric pole near Nehru Street is leaning dangerously,Electricity
7510,Overhead tank in Tambaram has not been cleaned in months,Water Supply
7511,Illegal tree cutting is happening near Park Avenue in Sector 5,Environment
7512,Dark stretch on School Lane due to broken street lights,Street Lighting
7513,Streetside electric meter is sparking in Adyar,Electricity
7514,School lacks drinking water facility in Perambur,Education
7515,Mid day meal quality is poor at Kodambakkam school,Education
7516,Hospital in Kolathur has no doctors available,Health
7517,Noise pollution from construction near Main Road at night,Environment
7518,Zebra crossing markings have faded on Station Road,Traffic
7519,Money was demanded for processing a pension application in Ward 12,Corruption
7520,Billing error in electricity charges for Saidapet residents,Electricity
7521,"Traffic signal is damaged at Nehru Street junction, Ward 12",Traffic
7522,Dumping ground near Sector 5 is causing bad odor,Waste Management
7523,Traffic signal timing is too short at Main Road,Traffic
7524,Waterlogging occurs on School Lane during rains,Road Maintenance
7525,Electric pole near MG Road is leaning dangerously,Electricity
7526,Teacher is absent regularly at the Phase 2 government school,Education
7527,Bus conductor misbehaved with passengers on the railway station road route,Public Transport
7528,Stray dogs are attacking residents in the government school area,Public Safety
7529,Voltage fluctuation is damaging appliances in the housing board colony,Electricity
7530,Long waiting times reported at Chromepet government hospital,Health
7531,Bribe was demanded for issuing a building permit in Egmore,Corruption
7532,Voltage fluctuation is damaging appliances in Ambattur,Electricity
7533,Ambulance service is delayed in Egmore,Health
7534,Huge potholes on Nehru Street in Saidapet,Road Maintenance
7535,Illegal sand mining reported near Block C,Environment
7536,Water supply has been irregular in the panchayat office area for 8 weeks,Water Supply
7537,Bus stop shelter near Market Road is damaged,Public Transport
7538,Hospital in the government school area lacks cleanliness and hygiene,Health
7539,Someone demanded a bribe for approval of a document in T Nagar,Corruption
7540,Traffic signal timing is too short at Nehru Street,Traffic
7541,Traffic signal timing is too short at Gandhi Street,Traffic
7542,Water tanker did not arrive in the panchayat office area as scheduled,Water Supply
7543,Bus service is irregular on the Nungambakkam route,Public Transport
7544,Mid day meal quality is poor at the railway station road school,Education
7545,School in the main market road lacks proper toilet facilities,Education
7546,Bus conductor misbehaved with passengers on T Nagar route,Public Transport
7547,Zebra crossing markings have faded on Park Avenue,Traffic
7548,Noise pollution from construction near Park Avenue at night,Environment
7549,Corruption reported in distribution of government scheme benefits in Tambaram,Corruption
7550,New electricity connection is delayed in T Nagar,Electricity
7551,Garbage is overflowing near Bypass Road in Mylapore,Waste Management
7552,Government hospital near Station Road lacks basic medicines,Health
7553,Teacher is absent regularly at the Vadapalani government school,Education
7554,Last bus timing has been cancelled for the government school area,Public Transport
7555,Textbooks not distributed on time in the panchayat office area schools,Education
7556,Burning of waste is causing smoke in Velachery,Environment
7557,Vaccination camp was cancelled without notice in near the temple,Health
7558,Vaccination camp was cancelled without notice in Velachery,Health
7559,Bribe was demanded for issuing a building permit in Nungambakkam,Corruption
7560,Primary health center in Chromepet is understaffed,Health
7561,Water pipe burst near MG Road in the industrial estate,Water Supply
7562,"New street light pole is needed on South Street, Kolathur",Street Lighting
7563,Live wire lying on MG Road poses electrocution risk,Public Safety
7564,Garbage is overflowing near Church Street in Vadapalani,Waste Management
7565,"No signal at the school crossing near School Lane, Adyar",Traffic
7566,Contaminated water is being supplied in the main market road,Water Supply
7567,"Low water pressure reported near School Lane, Velachery",Water Supply
7568,Bus stop shelter near Church Street is damaged,Public Transport
7569,Road near Temple Street has not been repaired after monsoon,Road Maintenance
7570,There is no drinking water in Kolathur for the past 4 days,Water Supply
7571,Illegal tree cutting is happening near North Street in the main market road,Environment
7572,A contractor is taking bribes for water connection approvals in Egmore,Corruption
7573,Deep pit left uncovered near Ring Road in Guindy,Public Safety
7574,A government official asked for extra money to process ration card in Royapettah,Corruption
7575,Zebra crossing markings have faded on South Street,Traffic
7576,No security personnel at the public park in Velachery,Public Safety
7577,Textbooks not distributed on time in the industrial estate schools,Education
7578,Encroachment on the lake near the housing board colony is destroying wetlands,Environment
7579,"Street lights remain on during daytime in the industrial estate, wasting power",Street Lighting
7580,Dead animal left uncollected on Gandhi Street in the government school area,Waste Management
7581,Water tanker did not arrive in the industrial estate as scheduled,Water Supply
7582,"No footpath available on Church Street, pedestrians face danger",Road Maintenance
7583,No waste collection service provided in Porur colony,Waste Management
7584,Dumping ground near Ambattur is causing bad odor,Waste Management
7585,Voltage fluctuation is damaging appliances in Anna Nagar,Electricity
7586,Long waiting times reported at Egmore government hospital,Health
7587,Huge potholes on Market Road in Egmore,Road Maintenance
7588,9 street lights have been off for weeks near North Street,Street Lighting
7589,Illegal parking is causing traffic jams on South Street,Traffic
7590,Water pipe burst near Park Avenue in the railway station road,Water Supply
7591,Stray dogs are attacking residents in the housing board colony,Public Safety
7592,Electricity is unavailable in the main market road for the past 6 days,Electricity
7593,Illegal parking is causing traffic jams on Temple Street,Traffic
7594,Air pollution levels are high near the factory in the government school area,Environment
7595,Waterlogging occurs on Park Avenue during rains,Road Maintenance
7596,Public dustbin near Church Street is broken and overflowing,Waste Management
7597,Bribe was demanded for issuing a building permit in Porur,Corruption
7598,Borewell in Phase 2 has run dry,Water Supply
7599,Garbage collection truck has not come to Phase 2 for 9 days,Waste Management
7600,Bus service is irregular on the Velachery route,Public Transport
7601,Ambulance service is delayed in Ambattur,Health
7602,No specialist doctor visits the the main market road health center,Health
7603,Dead animal left uncollected on Nehru Street in Nungambakkam,Waste Management
7604,Water tanker did not arrive in Ward 12 as scheduled,Water Supply
7605,Traffic signal timing is too short at Gandhi Street,Traffic
7606,Streetside electric meter is sparking in Mylapore,Electricity
7607,Garbage collection truck has not come to the railway station road for 8 days,Waste Management
7608,Bus service is irregular on the the old bus stand area route,Public Transport
7609,Ambulance service is delayed in Sector 5,Health
7610,There is no drinking water in Velachery for the past 5 days,Water Supply
7611,Someone demanded a bribe for approval of a document in Guindy,Corruption
7612,"Street lights remain on during daytime in the panchayat office area, wasting power",Street Lighting
7613,Speed breakers are missing near the school on South Street,Road Maintenance
7614,Abandoned building near Temple Street is unsafe for children,Public Safety
7615,Frequent traffic congestion on North Street during peak hours,Traffic
7616,Zebra crossing markings have faded on MG Road,Traffic
7617,Official at the Block C office is demanding money for a certificate,Corruption
7618,Bus service is irregular on the Egmore route,Public Transport
7619,Garbage is overflowing near MG Road in Porur,Waste Management
7620,Illegal parking is causing traffic jams on Church Street,Traffic
7621,Illegal tree cutting is happening near Church Street in Ambattur,Environment
7622,No specialist doctor visits the Anna Nagar health center,Health
7623,Abandoned building near Temple Street is unsafe for children,Public Safety
7624,Contaminated water is being supplied in Nungambakkam,Water Supply
7625,"Low water pressure reported near Bazaar Street, Kodambakkam",Water Supply
7626,Huge potholes on Market Road in Adyar,Road Maintenance
7627,"Street lights remain on during daytime in Phase 2, wasting power",Street Lighting
7628,"Traffic signal is damaged at Bypass Road junction, Guindy",Traffic
7629,Noise pollution from construction near Temple Street at night,Environment
7630,No water connection provided despite application in Chromepet,Water Supply
7631,"Street lights remain on during daytime in Phase 2, wasting power",Street Lighting
7632,Someone demanded a bribe for approval of a document in Vadapalani,Corruption
7633,Dead animal left uncollected on Park Avenue in Vadapalani,Waste Management
7634,Teacher is absent regularly at the Royapettah government school,Education
7635,Hospital in Mylapore has no doctors available,Health
7636,Newly laid road on MG Road is already damaged,Road Maintenance
7637,Bus frequency has reduced drastically on Velachery route,Public Transport
7638,School lacks drinking water facility in the industrial estate,Education
7639,Water body near the main market road is being polluted by industrial waste,Environment
7640,Air pollution levels are high near the factory in Sector 5,Environment
7641,Open manhole causing danger on School Lane in Velachery,Public Safety
7642,Solar street lights installed in the government school area are non functional,Street Lighting
7643,Teacher is absent regularly at the Block C government school,Education
7644,Illegal dumping of waste is happening near Church Street,Waste Management
7645,Textbooks not distributed on time in Royapettah schools,Education
7646,Water body near the railway station road is being polluted by industrial waste,Environment
7647,Dumping ground near Pallavaram is causing bad odor,Waste Management
7648,No specialist doctor visits the Chromepet health center,Health
7649,Construction debris left on Temple Street blocking traffic,Road Maintenance
7650,Construction debris left on Main Road blocking traffic,Road Maintenance
7651,Bus frequency has reduced drastically on Chromepet route,Public Transport
7652,Water pipe burst near South Street in Pallavaram,Water Supply
7653,Someone demanded a bribe for approval of a document in Egmore,Corruption
7654,Road near Nehru Street has not been repaired after monsoon,Road Maintenance
7655,No traffic police present at busy junction near Bypass Road,Traffic
7656,Hospital in the housing board colony lacks cleanliness and hygiene,Health
7657,Newly laid road on Nehru Street is already damaged,Road Maintenance
7658,Deep pit left uncovered near Ring Road in Nungambakkam,Public Safety
7659,Newly laid road on Park Avenue is already damaged,Road Maintenance
7660,"No signal at the school crossing near Temple Street, near the temple",Traffic
7661,Overcrowded classrooms reported in the main market road government school,Education
7662,No bus service available to Block C after 8 pm,Public Transport
7663,Mid day meal quality is poor at Sector 5 school,Education
7664,Last bus timing has been cancelled for Porur,Public Transport
7665,Garbage is overflowing near Gandhi Street in Alwarpet,Waste Management
7666,Dark stretch on North Street due to broken street lights,Street Lighting
7667,Bus service is irregular on the Mylapore route,Public Transport
7668,"New street light pole is needed on Main Road, Alwarpet",Street Lighting
7669,Burning of waste is causing smoke in Anna Nagar,Environment
7670,Dark stretch on Ring Road due to broken street lights,Street Lighting
7671,Encroachment on the lake near Velachery is destroying wetlands,Environment
7672,Burning of waste is causing smoke in Vadapalani,Environment
7673,No waste collection service provided in Nungambakkam colony,Waste Management
7674,Construction debris left on School Lane blocking traffic,Road Maintenance
7675,"Street lights remain on during daytime in Kolathur, wasting power",Street Lighting
7676,Bus service is irregular on the Saidapet route,Public Transport
7677,"Street lights remain on during daytime in Perambur, wasting power",Street Lighting
7678,Textbooks not distributed on time in the panchayat office area schools,Education
7679,Bus frequency has reduced drastically on Phase 2 route,Public Transport
7680,Garbage is overflowing near Park Avenue in Kodambakkam,Waste Management
7681,Corruption reported in distribution of government scheme benefits in Block C,Corruption
7682,Bus frequency has reduced drastically on Tambaram route,Public Transport
7683,New electricity connection is delayed in Kolathur,Electricity
7684,Live wire lying on Park Avenue poses electrocution risk,Public Safety
7685,Borewell in Sector 5 has run dry,Water Supply
7686,Burning of waste is causing smoke in Ambattur,Environment
7687,Water body near Adyar is being polluted by industrial waste,Environment
7688,Hospital in the housing board colony has no doctors available,Health
7689,No specialist doctor visits the Alwarpet health center,Health
7690,Traffic signal timing is too short at Market Road,Traffic
7691,New electricity connection is delayed in Velachery,Electricity
7692,Noise pollution from construction near Nehru Street at night,Environment
7693,Garbage is overflowing near South Street in Sector 5,Waste Management
7694,Government hospital near Bazaar Street lacks basic medicines,Health
7695,Huge potholes on Bazaar Street in Perambur,Road Maintenance
7696,Water body near Velachery is being polluted by industrial waste,Environment
7697,Ambulance service is delayed in Porur,Health
7698,Overcrowded buses are running on the Tambaram route,Public Transport
7699,Mid day meal quality is poor at Chromepet school,Education
7700,Corruption reported in distribution of government scheme benefits in Royapettah,Corruption
7701,Construction debris left on North Street blocking traffic,Road Maintenance
7702,Live wire lying on Bypass Road poses electrocution risk,Public Safety
7703,Road divider near Nehru Street is broken,Road Maintenance
7704,A municipal worker is taking bribes for water connection approvals in the panchayat office area,Corruption
7705,Borewell in Ambattur has run dry,Water Supply
7706,Bus service is irregular on the the railway station road route,Public Transport
7707,Teacher is absent regularly at the Sector 5 government school,Education
7708,Traffic signal timing is too short at Nehru Street,Traffic
7709,Zebra crossing markings have faded on Ring Road,Traffic
7710,Newly laid road on Bypass Road is already damaged,Road Maintenance
7711,Contaminated water is being supplied in Nungambakkam,Water Supply
7712,Bus conductor misbehaved with passengers on Mylapore route,Public Transport
7713,No security personnel at the public park in the panchayat office area,Public Safety
7714,Voltage fluctuation is damaging appliances in Vadapalani,Electricity
7715,No bus service available to Kolathur after 8 pm,Public Transport
7716,Bribe was demanded for issuing a building permit in Saidapet,Corruption
7717,No security personnel at the public park in the housing board colony,Public Safety
7718,Noise pollution from construction near Station Road at night,Environment
7719,Primary health center in Sector 5 is understaffed,Health
7720,Road divider near Market Road is broken,Road Maintenance
7721,Bus service is irregular on the Sector 5 route,Public Transport
7722,Dark stretch on Bazaar Street due to broken street lights,Street Lighting
7723,Last bus timing has been cancelled for Nungambakkam,Public Transport
7724,Official at the Egmore office is demanding money for a certificate,Corruption
7725,"New street light pole is needed on Nehru Street, Perambur",Street Lighting
7726,Air pollution levels are high near the factory in T Nagar,Environment
7727,Burning of waste is causing smoke in Velachery,Environment
7728,Bus stop shelter near Station Road is damaged,Public Transport
7729,Water body near Tambaram is being polluted by industrial waste,Environment
7730,Waterlogging occurs on MG Road during rains,Road Maintenance
7731,Encroachment on the lake near Ward 12 is destroying wetlands,Environment
7732,School building near Ring Road needs urgent repair,Education
7733,Bus service is irregular on the Ambattur route,Public Transport
7734,Open manhole causing danger on South Street in Anna Nagar,Public Safety
7735,Abandoned building near Main Road is unsafe for children,Public Safety
7736,Street light flickers continuously on Gandhi Street,Street Lighting
7737,Overcrowded classrooms reported in T Nagar government school,Education
7738,Last bus timing has been cancelled for the industrial estate,Public Transport
7739,A municipal worker is taking bribes for water connection approvals in near the temple,Corruption
7740,No specialist doctor visits the Nungambakkam health center,Health
7741,Water pipe burst near School Lane in Nungambakkam,Water Supply
7742,Speed breakers are missing near the school on School Lane,Road Maintenance
7743,Overhead tank in Egmore has not been cleaned in months,Water Supply
7744,Garbage collection truck has not come to Alwarpet for 2 days,Waste Management
7745,Primary health center in Kodambakkam is understaffed,Health
7746,Traffic signal timing is too short at Nehru Street,Traffic
7747,Plastic waste dumped near the water body in Royapettah,Environment
7748,No science teacher appointed at Ward 12 school for 11 months,Education
7749,Hospital in near the temple lacks cleanliness and hygiene,Health
7750,Newly laid road on Bazaar Street is already damaged,Road Maintenance
7751,A contractor is taking bribes for water connection approvals in Alwarpet,Corruption
7752,7 street lights have been off for weeks near Ring Road,Street Lighting
7753,Air pollution levels are high near the factory in Ward 12,Environment
7754,Primary health center in the industrial estate is understaffed,Health
7755,Electric pole near South Street is leaning dangerously,Electricity
7756,Illegal dumping of waste is happening near Ring Road,Waste Management
7757,Street lights are not working on Nehru Street in Velachery,Street Lighting
7758,Speed breakers are missing near the school on South Street,Road Maintenance
7759,"New street light pole is needed on School Lane, the old bus stand area",Street Lighting
7760,Road near Ring Road has not been repaired after monsoon,Road Maintenance
7761,Primary health center in Guindy is understaffed,Health
7762,No science teacher appointed at Ward 12 school for 12 months,Education
7763,Overhead tank in Sector 5 has not been cleaned in months,Water Supply
7764,Streetside electric meter is sparking in Alwarpet,Electricity
7765,No waste collection service provided in Perambur colony,Waste Management
7766,Public dustbin near South Street is broken and overflowing,Waste Management
7767,Road divider near Park Avenue is broken,Road Maintenance
7768,Someone demanded a bribe for approval of a document in Chromepet,Corruption
7769,Noise pollution from construction near Bypass Road at night,Environment
7770,Dark stretch on School Lane due to broken street lights,Street Lighting
7771,"New street light pole is needed on South Street, Egmore",Street Lighting
7772,Power supply tripped and not restored for 15 hours in the panchayat office area,Electricity
7773,Auto drivers are refusing to use the meter near Bazaar Street,Public Transport
7774,Illegal dumping of waste is happening near Bypass Road,Waste Management
7775,Live wire lying on South Street poses electrocution risk,Public Safety
7776,No bus service available to Kolathur after 8 pm,Public Transport
7777,Official at the Ambattur office is demanding money for a certificate,Corruption
7778,Garbage collection truck has not come to Velachery for 8 days,Waste Management
7779,Vaccination camp was cancelled without notice in Kolathur,Health
7780,Illegal parking is causing traffic jams on South Street,Traffic
7781,Illegal tree cutting is happening near MG Road in the government school area,Environment
7782,Deep pit left uncovered near Church Street in Saidapet,Public Safety
7783,A contractor asked for extra money to process ration card in Pallavaram,Corruption
7784,No traffic police present at busy junction near School Lane,Traffic
7785,Burning of waste is causing smoke in Adyar,Environment
7786,Contaminated water is being supplied in Mylapore,Water Supply
7787,Public dustbin near School Lane is broken and overflowing,Waste Management
7788,Corruption reported in distribution of government scheme benefits in Chromepet,Corruption
7789,"Traffic signal is damaged at Market Road junction, the railway station road",Traffic
7790,Plastic waste dumped near the water body in Anna Nagar,Environment
7791,"No footpath available on Market Road, pedestrians face danger",Road Maintenance
7792,Water tanker did not arrive in Guindy as scheduled,Water Supply
7793,Primary health center in Saidapet is understaffed,Health
7794,Leaking pipeline is wasting water on MG Road,Water Supply
7795,Ambulance service is delayed in Nungambakkam,Health
7796,Money was demanded for processing a pension application in Royapettah,Corruption
7797,"Street lights remain on during daytime in Ward 12, wasting power",Street Lighting
7798,School lacks drinking water facility in Vadapalani,Education
7799,Textbooks not distributed on time in Pallavaram schools,Education
7800,Speed breakers are missing near the school on MG Road,Road Maintenance
7801,Someone demanded a bribe for approval of a document in Sector 5,Corruption
7802,Water supply has been irregular in the industrial estate for 10 weeks,Water Supply
7803,School in the railway station road lacks proper toilet facilities,Education
7804,A local shopkeeper is taking bribes for water connection approvals in Adyar,Corruption
7805,Solar street lights installed in the main market road are non functional,Street Lighting
7806,Electric pole near Main Road is leaning dangerously,Electricity
7807,An officer at the counter is taking bribes for water connection approvals in near the temple,Corruption
7808,Frequent traffic congestion on Park Avenue during peak hours,Traffic
7809,No specialist doctor visits the Kolathur health center,Health
7810,Broken compound wall near Station Road is a safety hazard,Public Safety
7811,Dark stretch on School Lane due to broken street lights,Street Lighting
7812,Electricity is unavailable in Royapettah for the past 8 days,Electricity
7813,"No footpath available on South Street, pedestrians face danger",Road Maintenance
7814,Illegal sand mining reported near Phase 2,Environment
7815,Stray dogs are attacking residents in Royapettah,Public Safety
7816,Bus conductor misbehaved with passengers on the railway station road route,Public Transport
7817,Street light flickers continuously on North Street,Street Lighting
7818,No security personnel at the public park in T Nagar,Public Safety
7819,Dead animal left uncollected on Bazaar Street in Kodambakkam,Waste Management
7820,Live wire lying on Nehru Street poses electrocution risk,Public Safety
7821,School in Phase 2 lacks proper toilet facilities,Education
7822,Street light flickers continuously on Church Street,Street Lighting
7823,Transformer near Main Road in the housing board colony is not working,Electricity
7824,Textbooks not distributed on time in Phase 2 schools,Education
7825,A municipal worker asked for extra money to process ration card in Block C,Corruption
7826,Textbooks not distributed on time in the old bus stand area schools,Education
7827,Overcrowded buses are running on the Vadapalani route,Public Transport
7828,Overcrowded buses are running on the Chromepet route,Public Transport
7829,Official at the Chromepet office is demanding money for a certificate,Corruption
7830,Exposed wires near MG Road pose a danger to residents,Electricity
7831,Abandoned building near Park Avenue is unsafe for children,Public Safety
7832,Vaccination camp was cancelled without notice in near the temple,Health
7833,Street light wiring is exposed and dangerous in Adyar,Street Lighting
7834,"Street lights remain on during daytime in Phase 2, wasting power",Street Lighting
7835,Corruption reported in distribution of government scheme benefits in Guindy,Corruption
7836,No science teacher appointed at the panchayat office area school for 7 months,Education
7837,Waterlogging occurs on Main Road during rains,Road Maintenance
7838,Open manhole causing danger on Market Road in T Nagar,Public Safety
7839,Borewell in the housing board colony has run dry,Water Supply
7840,Dark stretch on North Street due to broken street lights,Street Lighting
7841,School in Chromepet lacks proper toilet facilities,Education
7842,Official at the Alwarpet office is demanding money for a certificate,Corruption
7843,Stray dogs are attacking residents in Kodambakkam,Public Safety
7844,No traffic police present at busy junction near Station Road,Traffic
7845,"No footpath available on North Street, pedestrians face danger",Road Maintenance
7846,A clerk asked for extra money to process ration card in Porur,Corruption
7847,An officer at the counter is taking bribes for water connection approvals in near the temple,Corruption
7848,No bus service available to Nungambakkam after 8 pm,Public Transport
7849,Borewell in the government school area has run dry,Water Supply
7850,No specialist doctor visits the Kolathur health center,Health
7851,Garbage collection truck has not come to Sector 5 for 7 days,Waste Management
7852,Long waiting times reported at Tambaram government hospital,Health
7853,New electricity connection is delayed in Nungambakkam,Electricity
7854,Textbooks not distributed on time in T Nagar schools,Education
7855,"New street light pole is needed on Ring Road, Sector 5",Street Lighting
7856,Plastic waste dumped near the water body in T Nagar,Environment
7857,Teacher is absent regularly at the the old bus stand area government school,Education
7858,Ambulance service is delayed in Alwarpet,Health
7859,Noise pollution from construction near Gandhi Street at night,Environment
7860,Noise pollution from construction near Market Road at night,Environment
7861,Teacher is absent regularly at the Pallavaram government school,Education
7862,Hospital in the old bus stand area has no doctors available,Health
7863,Overcrowded buses are running on the Guindy route,Public Transport
7864,Encroachment on the lake near Pallavaram is destroying wetlands,Environment
7865,Zebra crossing markings have faded on Market Road,Traffic
7866,Overhead tank in the housing board colony has not been cleaned in months,Water Supply
7867,Water tanker did not arrive in Vadapalani as scheduled,Water Supply
7868,No water connection provided despite application in Ward 12,Water Supply
7869,Dark stretch on Gandhi Street due to broken street lights,Street Lighting
7870,Speed breakers are missing near the school on Market Road,Road Maintenance
7871,School lacks drinking water facility in Perambur,Education
7872,Illegal tree cutting is happening near Main Road in Adyar,Environment
7873,Garbage collection truck has not come to Nungambakkam for 6 days,Waste Management
7874,Bribe was demanded for issuing a building permit in Pallavaram,Corruption
7875,Illegal parking is causing traffic jams on Ring Road,Traffic
7876,Huge potholes on Temple Street in Tambaram,Road Maintenance
7877,Dead animal left uncollected on Nehru Street in Phase 2,Waste Management
7878,Solar street lights installed in Porur are non functional,Street Lighting
7879,Broken compound wall near North Street is a safety hazard,Public Safety
7880,Bribe was demanded for issuing a building permit in Nungambakkam,Corruption
7881,Streetside electric meter is sparking in Ambattur,Electricity
7882,Construction debris left on Ring Road blocking traffic,Road Maintenance
7883,"Low water pressure reported near Bazaar Street, Alwarpet",Water Supply
7884,Overcrowded buses are running on the Tambaram route,Public Transport
7885,Teacher is absent regularly at the the panchayat office area government school,Education
7886,A government official asked for extra money to process ration card in Anna Nagar,Corruption
7887,Traffic signal timing is too short at Main Road,Traffic
7888,Encroachment on the lake near Guindy is destroying wetlands,Environment
7889,Last bus timing has been cancelled for Egmore,Public Transport
7890,Water pipe burst near Church Street in Anna Nagar,Water Supply
7891,Money was demanded for processing a pension application in Porur,Corruption
7892,Solar street lights installed in Velachery are non functional,Street Lighting
7893,Traffic signal timing is too short at MG Road,Traffic
7894,Street lights are not working on MG Road in the housing board colony,Street Lighting
7895,Abandoned building near Station Road is unsafe for children,Public Safety
7896,Billing error in electricity charges for Mylapore residents,Electricity
7897,Bus stop shelter near Main Road is damaged,Public Transport
7898,New electricity connection is delayed in Tambaram,Electricity
7899,Illegal tree cutting is happening near Ring Road in Sector 5,Environment
7900,Burning of waste is causing smoke in Alwarpet,Environment
7901,Overcrowded classrooms reported in Anna Nagar government school,Education
7902,Bus frequency has reduced drastically on Sector 5 route,Public Transport
7903,Open manhole causing danger on Market Road in Sector 5,Public Safety
7904,Electric pole near Nehru Street is leaning dangerously,Electricity
7905,Dumping ground near near the temple is causing bad odor,Waste Management
7906,Water body near Ambattur is being polluted by industrial waste,Environment
7907,Newly laid road on Station Road is already damaged,Road Maintenance
7908,Contaminated water is being supplied in the main market road,Water Supply
7909,Textbooks not distributed on time in Pallavaram schools,Education
7910,An officer at the counter asked for extra money to process ration card in Sector 5,Corruption
7911,Dead animal left uncollected on Bypass Road in near the temple,Waste Management
7912,Open manhole causing danger on Market Road in the main market road,Public Safety
7913,Illegal tree cutting is happening near School Lane in Pallavaram,Environment
7914,There is no drinking water in Anna Nagar for the past 7 days,Water Supply
7915,Deep pit left uncovered near Main Road in the main market road,Public Safety
7916,Bus service is irregular on the the housing board colony route,Public Transport
7917,Power supply tripped and not restored for 3 hours in the railway station road,Electricity
7918,Overcrowded classrooms reported in Kodambakkam government school,Education
7919,Leaking pipeline is wasting water on Temple Street,Water Supply
7920,Broken compound wall near Main Road is a safety hazard,Public Safety
7921,Frequent power cuts are occurring in Alwarpet,Electricity
7922,Borewell in the main market road has run dry,Water Supply
7923,No science teacher appointed at Ward 12 school for 8 months,Education
7924,Hospital in Tambaram lacks cleanliness and hygiene,Health
7925,Waterlogging occurs on South Street during rains,Road Maintenance
7926,Garbage is overflowing near Park Avenue in Block C,Waste Management
7927,Signboards are missing at the Church Street intersection,Traffic
7928,Live wire lying on Park Avenue poses electrocution risk,Public Safety
7929,Bus conductor misbehaved with passengers on near the temple route,Public Transport
7930,Deep pit left uncovered near Church Street in T Nagar,Public Safety
7931,Burning of waste is causing smoke in the housing board colony,Environment
7932,Teacher is absent regularly at the Anna Nagar government school,Education
7933,Deep pit left uncovered near Temple Street in Saidapet,Public Safety
7934,Public dustbin near Park Avenue is broken and overflowing,Waste Management
7935,Frequent traffic congestion on Ring Road during peak hours,Traffic
7936,Segregated waste is being mixed by collection staff in the old bus stand area,Waste Management
7937,"No footpath available on Ring Road, pedestrians face danger",Road Maintenance
7938,Overcrowded buses are running on the Anna Nagar route,Public Transport
7939,Borewell in T Nagar has run dry,Water Supply
7940,Noise pollution from construction near Gandhi Street at night,Environment
7941,Teacher is absent regularly at the the main market road government school,Education
7942,No traffic police present at busy junction near Main Road,Traffic
7943,Contaminated water is being supplied in the panchayat office area,Water Supply
7944,Plastic waste dumped near the water body in Egmore,Environment
7945,Deep pit left uncovered near Bazaar Street in Nungambakkam,Public Safety
7946,School lacks drinking water facility in Phase 2,Education
7947,Overcrowded classrooms reported in Ambattur government school,Education
7948,Money was demanded for processing a pension application in Phase 2,Corruption
7949,Waterlogging occurs on School Lane during rains,Road Maintenance
7950,Long waiting times reported at Kodambakkam government hospital,Health
7951,Air pollution levels are high near the factory in Porur,Environment
7952,Illegal tree cutting is happening near Bazaar Street in Tambaram,Environment
7953,Newly laid road on Ring Road is already damaged,Road Maintenance
7954,Solar street lights installed in Alwarpet are non functional,Street Lighting
7955,Illegal sand mining reported near Sector 5,Environment
7956,Overcrowded buses are running on the Nungambakkam route,Public Transport
7957,Textbooks not distributed on time in T Nagar schools,Education
7958,Air pollution levels are high near the factory in the panchayat office area,Environment
7959,3 street lights have been off for weeks near Bypass Road,Street Lighting
7960,Newly laid road on Bazaar Street is already damaged,Road Maintenance
7961,"No footpath available on Park Avenue, pedestrians face danger",Road Maintenance
7962,Illegal tree cutting is happening near Main Road in Sector 5,Environment
7963,Air pollution levels are high near the factory in Pallavaram,Environment
7964,No science teacher appointed at the housing board colony school for 15 months,Education
7965,Abandoned building near Church Street is unsafe for children,Public Safety
7966,Public dustbin near Bazaar Street is broken and overflowing,Waste Management
7967,Road near Nehru Street has not been repaired after monsoon,Road Maintenance
7968,Hospital in Ambattur has no doctors available,Health
7969,Bus service is irregular on the Perambur route,Public Transport
7970,Encroachment on the lake near T Nagar is destroying wetlands,Environment
7971,Streetside electric meter is sparking in Perambur,Electricity
7972,Frequent power cuts are occurring in the old bus stand area,Electricity
7973,Dark stretch on South Street due to broken street lights,Street Lighting
7974,Long waiting times reported at Kolathur government hospital,Health
7975,Billing error in electricity charges for Vadapalani residents,Electricity
7976,Street light wiring is exposed and dangerous in Pallavaram,Street Lighting
7977,Someone demanded a bribe for approval of a document in Tambaram,Corruption
7978,Water pipe burst near Ring Road in Kolathur,Water Supply
7979,Electric pole near Temple Street is leaning dangerously,Electricity
7980,Air pollution levels are high near the factory in Porur,Environment
7981,School building near MG Road needs urgent repair,Education
7982,Illegal dumping of waste is happening near Church Street,Waste Management
7983,Electricity is unavailable in Egmore for the past 7 days,Electricity
7984,Illegal sand mining reported near Porur,Environment
7985,Huge potholes on Main Road in Kodambakkam,Road Maintenance
7986,Overhead tank in the industrial estate has not been cleaned in months,Water Supply
7987,"Street lights remain on during daytime in the government school area, wasting power",Street Lighting
7988,Mid day meal quality is poor at Velachery school,Education
7989,Illegal parking is causing traffic jams on Bazaar Street,Traffic
7990,Bribe was demanded for issuing a building permit in Ward 12,Corruption
7991,Unsafe construction site near School Lane lacks barricades,Public Safety
7992,Segregated waste is being mixed by collection staff in Sector 5,Waste Management
7993,Transformer near South Street in Royapettah is not working,Electricity
7994,Hospital in Mylapore lacks cleanliness and hygiene,Health
7995,Long waiting times reported at Porur government hospital,Health
7996,Open manhole causing danger on Park Avenue in Royapettah,Public Safety
7997,Traffic signal timing is too short at Bypass Road,Traffic
7998,Burning of waste is causing smoke in Vadapalani,Environment
7999,No science teacher appointed at the railway station road school for 9 months,Education
8000,Overcrowded classrooms reported in the old bus stand area government school,Education
8001,Live wire lying on Temple Street poses electrocution risk,Public Safety
8002,Overcrowded buses are running on the Perambur route,Public Transport
8003,No traffic police present at busy junction near School Lane,Traffic
8004,Mid day meal quality is poor at Sector 5 school,Education
8005,Water body near Saidapet is being polluted by industrial waste,Environment
8006,Road divider near Temple Street is broken,Road Maintenance
8007,Unsafe construction site near Church Street lacks barricades,Public Safety
8008,No waste collection service provided in the housing board colony colony,Waste Management
8009,New electricity connection is delayed in T Nagar,Electricity
8010,No waste collection service provided in the industrial estate colony,Waste Management
8011,New electricity connection is delayed in Block C,Electricity
8012,No waste collection service provided in Alwarpet colony,Waste Management
8013,Hospital in Porur has no doctors available,Health
8014,Bus stop shelter near Ring Road is damaged,Public Transport
8015,Abandoned building near School Lane is unsafe for children,Public Safety
8016,Last bus timing has been cancelled for the railway station road,Public Transport
8017,Open manhole causing danger on North Street in Guindy,Public Safety
8018,No science teacher appointed at Vadapalani school for 5 months,Education
8019,School lacks drinking water facility in the government school area,Education
8020,Illegal tree cutting is happening near Nehru Street in Sector 5,Environment
8021,Illegal tree cutting is happening near Nehru Street in the railway station road,Environment
8022,Bus conductor misbehaved with passengers on the main market road route,Public Transport
8023,Overcrowded buses are running on the Block C route,Public Transport
8024,School lacks drinking water facility in Alwarpet,Education
8025,Construction debris left on Gandhi Street blocking traffic,Road Maintenance
8026,No specialist doctor visits the Guindy health center,Health
8027,Electric pole near Bazaar Street is leaning dangerously,Electricity
8028,Frequent power cuts are occurring in Perambur,Electricity
8029,Billing error in electricity charges for Saidapet residents,Electricity
8030,No waste collection service provided in the government school area colony,Waste Management
8031,Road near Temple Street has not been repaired after monsoon,Road Maintenance
8032,Unsafe construction site near Bypass Road lacks barricades,Public Safety
8033,Newly laid road on Church Street is already damaged,Road Maintenance
8034,Dumping ground near Egmore is causing bad odor,Waste Management
8035,There is no drinking water in Velachery for the past 15 days,Water Supply
8036,Signboards are missing at the Ring Road intersection,Traffic
8037,Unsafe construction site near South Street lacks barricades,Public Safety
8038,Someone demanded a bribe for approval of a document in Saidapet,Corruption
8039,Borewell in Saidapet has run dry,Water Supply
8040,Street light wiring is exposed and dangerous in Mylapore,Street Lighting
8041,Road divider near Market Road is broken,Road Maintenance
8042,Broken compound wall near MG Road is a safety hazard,Public Safety
8043,Someone demanded a bribe for approval of a document in Block C,Corruption
8044,School lacks drinking water facility in near the temple,Education
8045,Money was demanded for processing a pension application in Tambaram,Corruption
8046,New electricity connection is delayed in near the temple,Electricity
8047,Plastic waste dumped near the water body in Tambaram,Environment
8048,Electric pole near School Lane is leaning dangerously,Electricity
8049,Deep pit left uncovered near Nehru Street in the old bus stand area,Public Safety
8050,"Street lights remain on during daytime in Kodambakkam, wasting power",Street Lighting
8051,Transformer near Market Road in the main market road is not working,Electricity
8052,Water supply has been irregular in Chromepet for 13 weeks,Water Supply
8053,Official at the Egmore office is demanding money for a certificate,Corruption
8054,Ambulance service is delayed in the old bus stand area,Health
8055,Live wire lying on Station Road poses electrocution risk,Public Safety
8056,Construction debris left on Ring Road blocking traffic,Road Maintenance
8057,Dumping ground near the industrial estate is causing bad odor,Waste Management
8058,Someone demanded a bribe for approval of a document in Pallavaram,Corruption
8059,Water tanker did not arrive in Porur as scheduled,Water Supply
8060,Road near MG Road has not been repaired after monsoon,Road Maintenance
8061,No waste collection service provided in the main market road colony,Waste Management
8062,Plastic waste dumped near the water body in the housing board colony,Environment
8063,Hospital in Perambur lacks cleanliness and hygiene,Health
8064,No traffic police present at busy junction near Ring Road,Traffic
8065,Illegal tree cutting is happening near Church Street in Mylapore,Environment
8066,Noise pollution from construction near Nehru Street at night,Environment
8067,Hospital in the panchayat office area has no doctors available,Health
8068,Power supply tripped and not restored for 14 hours in the industrial estate,Electricity
8069,No bus service available to Kolathur after 8 pm,Public Transport
8070,Broken compound wall near Church Street is a safety hazard,Public Safety
8071,Overhead tank in Anna Nagar has not been cleaned in months,Water Supply
8072,Official at the the railway station road office is demanding money for a certificate,Corruption
8073,Bus conductor misbehaved with passengers on Alwarpet route,Public Transport
8074,Street lights are not working on Main Road in Alwarpet,Street Lighting
8075,Frequent power cuts are occurring in Guindy,Electricity
8076,Street light flickers continuously on Church Street,Street Lighting
8077,Billing error in electricity charges for Porur residents,Electricity
8078,Public dustbin near Temple Street is broken and overflowing,Waste Management
8079,Street light wiring is exposed and dangerous in the housing board colony,Street Lighting
8080,Speed breakers are missing near the school on Park Avenue,Road Maintenance
8081,Primary health center in Velachery is understaffed,Health
8082,Abandoned building near Nehru Street is unsafe for children,Public Safety
8083,No water connection provided despite application in Kolathur,Water Supply
8084,Public dustbin near Church Street is broken and overflowing,Waste Management
8085,Traffic signal timing is too short at Church Street,Traffic
8086,Dead animal left uncollected on Ring Road in Phase 2,Waste Management
8087,Solar street lights installed in Sector 5 are non functional,Street Lighting
8088,Huge potholes on Bazaar Street in the industrial estate,Road Maintenance
8089,Primary health center in the housing board colony is understaffed,Health
8090,New electricity connection is delayed in Block C,Electricity
8091,Garbage is overflowing near Church Street in Phase 2,Waste Management
8092,Bus service is irregular on the Adyar route,Public Transport
8093,5 street lights have been off for weeks near Bypass Road,Street Lighting
8094,Money was demanded for processing a pension application in Egmore,Corruption
8095,Primary health center in Block C is understaffed,Health
8096,Money was demanded for processing a pension application in Chromepet,Corruption
8097,Hospital in Adyar lacks cleanliness and hygiene,Health
8098,Speed breakers are missing near the school on Church Street,Road Maintenance
8099,Garbage is overflowing near School Lane in Block C,Waste Management
8100,Official at the Tambaram office is demanding money for a certificate,Corruption
8101,Hospital in Ward 12 lacks cleanliness and hygiene,Health
8102,Mid day meal quality is poor at Sector 5 school,Education
8103,No science teacher appointed at Anna Nagar school for 6 months,Education
8104,"Low water pressure reported near Park Avenue, Tambaram",Water Supply
8105,Leaking pipeline is wasting water on Church Street,Water Supply
8106,Auto drivers are refusing to use the meter near Bazaar Street,Public Transport
8107,School building near Main Road needs urgent repair,Education
8108,Illegal parking is causing traffic jams on School Lane,Traffic
8109,"Low water pressure reported near Gandhi Street, the government school area",Water Supply
8110,Illegal parking is causing traffic jams on South Street,Traffic
8111,Water tanker did not arrive in the old bus stand area as scheduled,Water Supply
8112,Dumping ground near Kolathur is causing bad odor,Waste Management
8113,Zebra crossing markings have faded on Ring Road,Traffic
8114,No security personnel at the public park in Guindy,Public Safety
8115,Last bus timing has been cancelled for Chromepet,Public Transport
8116,Signboards are missing at the Main Road intersection,Traffic
8117,Power supply tripped and not restored for 12 hours in Royapettah,Electricity
8118,Hospital in Ambattur lacks cleanliness and hygiene,Health
8119,Illegal dumping of waste is happening near Bazaar Street,Waste Management
8120,An officer at the counter is taking bribes for water connection approvals in Pallavaram,Corruption
8121,"Street lights remain on during daytime in Adyar, wasting power",Street Lighting
8122,Vaccination camp was cancelled without notice in Egmore,Health
8123,Live wire lying on Nehru Street poses electrocution risk,Public Safety
8124,Newly laid road on Bazaar Street is already damaged,Road Maintenance
8125,Illegal dumping of waste is happening near Nehru Street,Waste Management
8126,Corruption reported in distribution of government scheme benefits in Phase 2,Corruption
8127,Illegal parking is causing traffic jams on Temple Street,Traffic
8128,Vaccination camp was cancelled without notice in Porur,Health
8129,Traffic signal timing is too short at School Lane,Traffic
8130,Electricity is unavailable in Anna Nagar for the past 4 days,Electricity
8131,Huge potholes on Main Road in Alwarpet,Road Maintenance
8132,Bus service is irregular on the Sector 5 route,Public Transport
8133,Water supply has been irregular in Sector 5 for 9 weeks,Water Supply
8134,"No footpath available on Main Road, pedestrians face danger",Road Maintenance
8135,No water connection provided despite application in Alwarpet,Water Supply
8136,Corruption reported in distribution of government scheme benefits in Ambattur,Corruption
8137,Power supply tripped and not restored for 8 hours in the railway station road,Electricity
8138,Electric pole near Market Road is leaning dangerously,Electricity
8139,Voltage fluctuation is damaging appliances in Mylapore,Electricity
8140,Bribe was demanded for issuing a building permit in Mylapore,Corruption
8141,No traffic police present at busy junction near MG Road,Traffic
8142,Overcrowded classrooms reported in Guindy government school,Education
8143,Water pipe burst near Station Road in Guindy,Water Supply
8144,Air pollution levels are high near the factory in the housing board colony,Environment
8145,Overhead tank in Mylapore has not been cleaned in months,Water Supply
8146,Garbage is overflowing near Main Road in near the temple,Waste Management
8147,Power supply tripped and not restored for 9 hours in near the temple,Electricity
8148,Bribe was demanded for issuing a building permit in the government school area,Corruption
8149,Street light wiring is exposed and dangerous in Egmore,Street Lighting
8150,Noise pollution from construction near Park Avenue at night,Environment
8151,Textbooks not distributed on time in the old bus stand area schools,Education
8152,Garbage collection truck has not come to the railway station road for 7 days,Waste Management
8153,Dead animal left uncollected on Station Road in the government school area,Waste Management
8154,Hospital in the government school area lacks cleanliness and hygiene,Health
8155,Electricity is unavailable in Mylapore for the past 7 days,Electricity
8156,"New street light pole is needed on Church Street, Royapettah",Street Lighting
8157,Vaccination camp was cancelled without notice in Anna Nagar,Health
8158,Corruption reported in distribution of government scheme benefits in Royapettah,Corruption
8159,A local shopkeeper is taking bribes for water connection approvals in T Nagar,Corruption
8160,Contaminated water is being supplied in the old bus stand area,Water Supply
8161,"Street lights remain on during daytime in Egmore, wasting power",Street Lighting
8162,Zebra crossing markings have faded on Gandhi Street,Traffic
8163,Live wire lying on MG Road poses electrocution risk,Public Safety
8164,Bribe was demanded for issuing a building permit in Anna Nagar,Corruption
8165,Garbage collection truck has not come to the main market road for 14 days,Waste Management
8166,Corruption reported in distribution of government scheme benefits in Guindy,Corruption
8167,A middleman is taking bribes for water connection approvals in Nungambakkam,Corruption
8168,Electricity is unavailable in Pallavaram for the past 3 days,Electricity
8169,Illegal tree cutting is happening near Ring Road in Kodambakkam,Environment
8170,Voltage fluctuation is damaging appliances in Royapettah,Electricity
8171,Speed breakers are missing near the school on Station Road,Road Maintenance
8172,Illegal sand mining reported near the industrial estate,Environment
8173,Textbooks not distributed on time in the government school area schools,Education
8174,Contaminated water is being supplied in near the temple,Water Supply
8175,Power supply tripped and not restored for 4 hours in Porur,Electricity
8176,Public dustbin near Station Road is broken and overflowing,Waste Management
8177,Solar street lights installed in the government school area are non functional,Street Lighting
8178,Encroachment on the lake near Kolathur is destroying wetlands,Environment
8179,Burning of waste is causing smoke in Velachery,Environment
8180,Money was demanded for processing a pension application in Adyar,Corruption
8181,Exposed wires near Gandhi Street pose a danger to residents,Electricity
8182,Last bus timing has been cancelled for Ambattur,Public Transport
8183,A clerk is taking bribes for water connection approvals in Alwarpet,Corruption
8184,School building near Nehru Street needs urgent repair,Education
8185,Water supply has been irregular in Nungambakkam for 12 weeks,Water Supply
8186,Overhead tank in Anna Nagar has not been cleaned in months,Water Supply
8187,Dumping ground near Sector 5 is causing bad odor,Waste Management
8188,Someone demanded a bribe for approval of a document in Porur,Corruption
8189,Water pipe burst near Main Road in Kodambakkam,Water Supply
8190,"Low water pressure reported near Bypass Road, Perambur",Water Supply
8191,New electricity connection is delayed in Nungambakkam,Electricity
8192,No water connection provided despite application in Pallavaram,Water Supply
8193,Illegal parking is causing traffic jams on Church Street,Traffic
8194,No security personnel at the public park in Anna Nagar,Public Safety
8195,Mid day meal quality is poor at the railway station road school,Education
8196,Hospital in Adyar lacks cleanliness and hygiene,Health
8197,Street light flickers continuously on School Lane,Street Lighting
8198,Construction debris left on Bazaar Street blocking traffic,Road Maintenance
8199,Speed breakers are missing near the school on Temple Street,Road Maintenance
8200,Dumping ground near the old bus stand area is causing bad odor,Waste Management
8201,No traffic police present at busy junction near Ring Road,Traffic
8202,Water pipe burst near Nehru Street in Porur,Water Supply
8203,Illegal tree cutting is happening near Station Road in Kolathur,Environment
8204,Vaccination camp was cancelled without notice in Vadapalani,Health
8205,"No footpath available on Bypass Road, pedestrians face danger",Road Maintenance
8206,Electricity is unavailable in Chromepet for the past 13 days,Electricity
8207,Power supply tripped and not restored for 12 hours in Sector 5,Electricity
8208,Solar street lights installed in the old bus stand area are non functional,Street Lighting
8209,School building near Station Road needs urgent repair,Education
8210,Dark stretch on Bypass Road due to broken street lights,Street Lighting
8211,Segregated waste is being mixed by collection staff in Royapettah,Waste Management
8212,Streetside electric meter is sparking in the government school area,Electricity
8213,Overhead tank in the housing board colony has not been cleaned in months,Water Supply
8214,No security personnel at the public park in Royapettah,Public Safety
8215,Burning of waste is causing smoke in Sector 5,Environment
8216,Water pipe burst near MG Road in the industrial estate,Water Supply
8217,Water tanker did not arrive in Porur as scheduled,Water Supply
8218,Government hospital near Park Avenue lacks basic medicines,Health
8219,Encroachment on the lake near Saidapet is destroying wetlands,Environment
8220,Road divider near MG Road is broken,Road Maintenance
8221,Someone demanded a bribe for approval of a document in Mylapore,Corruption
8222,Official at the Perambur office is demanding money for a certificate,Corruption
8223,Water tanker did not arrive in Mylapore as scheduled,Water Supply
8224,Vaccination camp was cancelled without notice in Tambaram,Health
8225,Official at the Phase 2 office is demanding money for a certificate,Corruption
8226,Overcrowded buses are running on the Tambaram route,Public Transport
8227,Plastic waste dumped near the water body in Saidapet,Environment
8228,Construction debris left on School Lane blocking traffic,Road Maintenance
8229,Overcrowded classrooms reported in the old bus stand area government school,Education
8230,Ambulance service is delayed in the panchayat office area,Health
8231,"No footpath available on Market Road, pedestrians face danger",Road Maintenance
8232,Textbooks not distributed on time in Vadapalani schools,Education
8233,"No signal at the school crossing near Ring Road, Porur",Traffic
8234,Illegal dumping of waste is happening near School Lane,Waste Management
8235,Plastic waste dumped near the water body in Kodambakkam,Environment
8236,Electricity is unavailable in Chromepet for the past 13 days,Electricity
8237,Transformer near Market Road in the old bus stand area is not working,Electricity
8238,School building near Gandhi Street needs urgent repair,Education
8239,Illegal parking is causing traffic jams on Bazaar Street,Traffic
8240,Government hospital near Church Street lacks basic medicines,Health
8241,Auto drivers are refusing to use the meter near Bypass Road,Public Transport
8242,Live wire lying on School Lane poses electrocution risk,Public Safety
8243,Voltage fluctuation is damaging appliances in Kolathur,Electricity
8244,"No footpath available on Station Road, pedestrians face danger",Road Maintenance
8245,"No signal at the school crossing near Temple Street, Perambur",Traffic
8246,Vaccination camp was cancelled without notice in Porur,Health
8247,Air pollution levels are high near the factory in Kodambakkam,Environment
8248,"No signal at the school crossing near Park Avenue, T Nagar",Traffic
8249,Road divider near Main Road is broken,Road Maintenance
8250,"No signal at the school crossing near MG Road, the railway station road",Traffic
8251,Street light flickers continuously on Main Road,Street Lighting
8252,"Low water pressure reported near Nehru Street, Kodambakkam",Water Supply
8253,Zebra crossing markings have faded on Ring Road,Traffic
8254,Auto drivers are refusing to use the meter near Church Street,Public Transport
8255,Illegal dumping of waste is happening near Ring Road,Waste Management
8256,No science teacher appointed at Vadapalani school for 9 months,Education
8257,Corruption reported in distribution of government scheme benefits in Tambaram,Corruption
8258,Broken compound wall near Church Street is a safety hazard,Public Safety
8259,Road divider near Station Road is broken,Road Maintenance
8260,"Street lights remain on during daytime in Phase 2, wasting power",Street Lighting
8261,Dumping ground near Adyar is causing bad odor,Waste Management
8262,Bus frequency has reduced drastically on Saidapet route,Public Transport
8263,Street lights are not working on Main Road in Tambaram,Street Lighting
8264,Road near School Lane has not been repaired after monsoon,Road Maintenance
8265,Burning of waste is causing smoke in Vadapalani,Environment
8266,Public dustbin near Temple Street is broken and overflowing,Waste Management
8267,Waterlogging occurs on Market Road during rains,Road Maintenance
8268,Abandoned building near South Street is unsafe for children,Public Safety
8269,No waste collection service provided in Block C colony,Waste Management
8270,Official at the Chromepet office is demanding money for a certificate,Corruption
8271,Bus frequency has reduced drastically on the government school area route,Public Transport
8272,Unsafe construction site near Station Road lacks barricades,Public Safety
8273,Plastic waste dumped near the water body in Mylapore,Environment
8274,Someone demanded a bribe for approval of a document in Block C,Corruption
8275,Dumping ground near Vadapalani is causing bad odor,Waste Management
8276,Borewell in Chromepet has run dry,Water Supply
8277,Encroachment on the lake near Block C is destroying wetlands,Environment
8278,"Low water pressure reported near Gandhi Street, the old bus stand area",Water Supply
8279,Vaccination camp was cancelled without notice in Perambur,Health
8280,Illegal dumping of waste is happening near Station Road,Waste Management
8281,Ambulance service is delayed in the old bus stand area,Health
8282,Abandoned building near Bypass Road is unsafe for children,Public Safety
8283,Billing error in electricity charges for Block C residents,Electricity
8284,Water tanker did not arrive in Saidapet as scheduled,Water Supply
8285,Garbage is overflowing near Market Road in Vadapalani,Waste Management
8286,Water pipe burst near Main Road in Alwarpet,Water Supply
8287,Abandoned building near Temple Street is unsafe for children,Public Safety
8288,Borewell in Anna Nagar has run dry,Water Supply
8289,No waste collection service provided in Kodambakkam colony,Waste Management
8290,No traffic police present at busy junction near Church Street,Traffic
8291,Exposed wires near School Lane pose a danger to residents,Electricity
8292,Teacher is absent regularly at the Adyar government school,Education
8293,Exposed wires near Market Road pose a danger to residents,Electricity
8294,No waste collection service provided in Kodambakkam colony,Waste Management
8295,Illegal tree cutting is happening near Station Road in the government school area,Environment
8296,Road divider near Station Road is broken,Road Maintenance
8297,School lacks drinking water facility in the industrial estate,Education
8298,Water tanker did not arrive in near the temple as scheduled,Water Supply
8299,Traffic signal timing is too short at Nehru Street,Traffic
8300,10 street lights have been off for weeks near South Street,Street Lighting
8301,Garbage collection truck has not come to Velachery for 3 days,Waste Management
8302,Hospital in Chromepet lacks cleanliness and hygiene,Health
8303,Billing error in electricity charges for the main market road residents,Electricity
8304,No science teacher appointed at Anna Nagar school for 14 months,Education
8305,Huge potholes on Ring Road in the main market road,Road Maintenance
8306,"Low water pressure reported near Park Avenue, near the temple",Water Supply
8307,Ambulance service is delayed in Porur,Health
8308,Overcrowded classrooms reported in Alwarpet government school,Education
8309,Primary health center in the housing board colony is understaffed,Health
8310,Textbooks not distributed on time in Block C schools,Education
8311,Segregated waste is being mixed by collection staff in Chromepet,Waste Management
8312,Corruption reported in distribution of government scheme benefits in Guindy,Corruption
8313,Plastic waste dumped near the water body in Porur,Environment
8314,Official at the Block C office is demanding money for a certificate,Corruption
8315,Exposed wires near Main Road pose a danger to residents,Electricity
8316,Street light flickers continuously on Church Street,Street Lighting
8317,Bribe was demanded for issuing a building permit in Alwarpet,Corruption
8318,Borewell in T Nagar has run dry,Water Supply
8319,Burning of waste is causing smoke in Egmore,Environment
8320,Air pollution levels are high near the factory in T Nagar,Environment
8321,Bus stop shelter near Ring Road is damaged,Public Transport
8322,Exposed wires near Station Road pose a danger to residents,Electricity
8323,Contaminated water is being supplied in the railway station road,Water Supply
8324,Illegal parking is causing traffic jams on Gandhi Street,Traffic
8325,Exposed wires near MG Road pose a danger to residents,Electricity
8326,Power supply tripped and not restored for 5 hours in Guindy,Electricity
8327,A clerk asked for extra money to process ration card in the panchayat office area,Corruption
8328,School lacks drinking water facility in Chromepet,Education
8329,Leaking pipeline is wasting water on Nehru Street,Water Supply
8330,Overcrowded buses are running on the Ward 12 route,Public Transport
8331,Bribe was demanded for issuing a building permit in Egmore,Corruption
8332,Voltage fluctuation is damaging appliances in Alwarpet,Electricity
8333,School building near Station Road needs urgent repair,Education
8334,Street lights are not working on Nehru Street in the railway station road,Street Lighting
8335,Money was demanded for processing a pension application in Phase 2,Corruption
8336,Stray dogs are attacking residents in near the temple,Public Safety
8337,Street light flickers continuously on North Street,Street Lighting
8338,"New street light pole is needed on Church Street, near the temple",Street Lighting
8339,Illegal tree cutting is happening near Market Road in Chromepet,Environment
8340,Last bus timing has been cancelled for Perambur,Public Transport
8341,"New street light pole is needed on Bypass Road, near the temple",Street Lighting
8342,Illegal dumping of waste is happening near Main Road,Waste Management
8343,No science teacher appointed at the old bus stand area school for 2 months,Education
8344,Broken compound wall near Church Street is a safety hazard,Public Safety
8345,Overhead tank in Block C has not been cleaned in months,Water Supply
8346,Vaccination camp was cancelled without notice in Mylapore,Health
8347,Signboards are missing at the Market Road intersection,Traffic
8348,Electricity is unavailable in Pallavaram for the past 12 days,Electricity
8349,Bribe was demanded for issuing a building permit in Kolathur,Corruption
8350,Hospital in Perambur lacks cleanliness and hygiene,Health
8351,Official at the Block C office is demanding money for a certificate,Corruption
8352,Stray dogs are attacking residents in Porur,Public Safety
8353,Textbooks not distributed on time in Pallavaram schools,Education
8354,Noise pollution from construction near Market Road at night,Environment
8355,Official at the Alwarpet office is demanding money for a certificate,Corruption
8356,Textbooks not distributed on time in Vadapalani schools,Education
8357,Hospital in Sector 5 has no doctors available,Health
8358,Contaminated water is being supplied in Saidapet,Water Supply
8359,Bribe was demanded for issuing a building permit in Sector 5,Corruption
8360,Bus conductor misbehaved with passengers on Adyar route,Public Transport
8361,Exposed wires near North Street pose a danger to residents,Electricity
8362,Frequent traffic congestion on MG Road during peak hours,Traffic
8363,"No footpath available on Church Street, pedestrians face danger",Road Maintenance
8364,Someone demanded a bribe for approval of a document in Kolathur,Corruption
8365,Government hospital near Bypass Road lacks basic medicines,Health
8366,Transformer near Ring Road in Royapettah is not working,Electricity
8367,Broken compound wall near Bypass Road is a safety hazard,Public Safety
8368,"No footpath available on Bypass Road, pedestrians face danger",Road Maintenance
8369,Traffic signal timing is too short at South Street,Traffic
8370,Auto drivers are refusing to use the meter near Church Street,Public Transport
8371,7 street lights have been off for weeks near Bazaar Street,Street Lighting
8372,Stray dogs are attacking residents in Ward 12,Public Safety
8373,Dead animal left uncollected on Bypass Road in Chromepet,Waste Management
8374,No security personnel at the public park in Alwarpet,Public Safety
8375,Burning of waste is causing smoke in Tambaram,Environment
8376,Waterlogging occurs on Station Road during rains,Road Maintenance
8377,Solar street lights installed in the government school area are non functional,Street Lighting
8378,Exposed wires near Church Street pose a danger to residents,Electricity
8379,Stray dogs are attacking residents in Sector 5,Public Safety
8380,Official at the Phase 2 office is demanding money for a certificate,Corruption
8381,"No footpath available on Ring Road, pedestrians face danger",Road Maintenance
8382,Segregated waste is being mixed by collection staff in Velachery,Waste Management
8383,Water pipe burst near Temple Street in Tambaram,Water Supply
8384,"Traffic signal is damaged at Park Avenue junction, Kolathur",Traffic
8385,Ambulance service is delayed in Royapettah,Health
8386,Hospital in T Nagar lacks cleanliness and hygiene,Health
8387,Street lights are not working on Nehru Street in Royapettah,Street Lighting
8388,Deep pit left uncovered near School Lane in Nungambakkam,Public Safety
8389,Transformer near Market Road in Royapettah is not working,Electricity
8390,No bus service available to the housing board colony after 8 pm,Public Transport
8391,14 street lights have been off for weeks near South Street,Street Lighting
8392,Dumping ground near Mylapore is causing bad odor,Waste Management
8393,No waste collection service provided in T Nagar colony,Waste Management
8394,Speed breakers are missing near the school on Market Road,Road Maintenance
8395,Road divider near Ring Road is broken,Road Maintenance
8396,Water tanker did not arrive in Perambur as scheduled,Water Supply
8397,"No signal at the school crossing near South Street, the industrial estate",Traffic
8398,Speed breakers are missing near the school on Gandhi Street,Road Maintenance
8399,Last bus timing has been cancelled for Kolathur,Public Transport
8400,Borewell in near the temple has run dry,Water Supply
8401,Teacher is absent regularly at the Sector 5 government school,Education
8402,Encroachment on the lake near Vadapalani is destroying wetlands,Environment
8403,Abandoned building near Station Road is unsafe for children,Public Safety
8404,Huge potholes on North Street in Block C,Road Maintenance
8405,Solar street lights installed in the old bus stand area are non functional,Street Lighting
8406,No specialist doctor visits the Velachery health center,Health
8407,Electricity is unavailable in T Nagar for the past 8 days,Electricity
8408,Garbage is overflowing near Bazaar Street in Ambattur,Waste Management
8409,Water pipe burst near Main Road in Block C,Water Supply
8410,Garbage collection truck has not come to the industrial estate for 3 days,Waste Management
8411,Road near South Street has not been repaired after monsoon,Road Maintenance
8412,Air pollution levels are high near the factory in Phase 2,Environment
8413,School building near Station Road needs urgent repair,Education
8414,No science teacher appointed at Egmore school for 6 months,Education
8415,Hospital in Nungambakkam lacks cleanliness and hygiene,Health
8416,Newly laid road on School Lane is already damaged,Road Maintenance
8417,Bus stop shelter near MG Road is damaged,Public Transport
8418,Overhead tank in Kodambakkam has not been cleaned in months,Water Supply
8419,Corruption reported in distribution of government scheme benefits in the government school area,Corruption
8420,Live wire lying on South Street poses electrocution risk,Public Safety
8421,Open manhole causing danger on Ring Road in near the temple,Public Safety
8422,No specialist doctor visits the Ambattur health center,Health
8423,No waste collection service provided in Perambur colony,Waste Management
8424,Illegal sand mining reported near Adyar,Environment
8425,Bus stop shelter near Station Road is damaged,Public Transport
8426,Illegal sand mining reported near Guindy,Environment
8427,Mid day meal quality is poor at Pallavaram school,Education
8428,Garbage collection truck has not come to Guindy for 10 days,Waste Management
8429,Exposed wires near Station Road pose a danger to residents,Electricity
8430,Official at the Vadapalani office is demanding money for a certificate,Corruption
8431,Frequent traffic congestion on North Street during peak hours,Traffic
8432,"Traffic signal is damaged at Temple Street junction, Velachery",Traffic
8433,Street light flickers continuously on Nehru Street,Street Lighting
8434,Illegal parking is causing traffic jams on Bazaar Street,Traffic
8435,Teacher is absent regularly at the Block C government school,Education
8436,School building near Ring Road needs urgent repair,Education
8437,Official at the Ambattur office is demanding money for a certificate,Corruption
8438,Bribe was demanded for issuing a building permit in Chromepet,Corruption
8439,Official at the Saidapet office is demanding money for a certificate,Corruption
8440,A middleman is taking bribes for water connection approvals in Porur,Corruption
8441,Burning of waste is causing smoke in Block C,Environment
8442,Money was demanded for processing a pension application in Saidapet,Corruption
8443,Overcrowded classrooms reported in the panchayat office area government school,Education
8444,"Traffic signal is damaged at Church Street junction, Saidapet",Traffic
8445,No science teacher appointed at T Nagar school for 14 months,Education
8446,Mid day meal quality is poor at Kodambakkam school,Education
8447,School lacks drinking water facility in the panchayat office area,Education
8448,No science teacher appointed at near the temple school for 2 months,Education
8449,10 street lights have been off for weeks near South Street,Street Lighting
8450,Textbooks not distributed on time in the railway station road schools,Education
8451,Garbage collection truck has not come to the industrial estate for 7 days,Waste Management
8452,"No footpath available on Church Street, pedestrians face danger",Road Maintenance
8453,Road divider near Main Road is broken,Road Maintenance
8454,A government official asked for extra money to process ration card in Kolathur,Corruption
8455,An officer at the counter asked for extra money to process ration card in the old bus stand area,Corruption
8456,Illegal tree cutting is happening near Park Avenue in the panchayat office area,Environment
8457,Vaccination camp was cancelled without notice in Royapettah,Health
8458,"Street lights remain on during daytime in near the temple, wasting power",Street Lighting
8459,Unsafe construction site near Gandhi Street lacks barricades,Public Safety
8460,"Street lights remain on during daytime in Mylapore, wasting power",Street Lighting
8461,Plastic waste dumped near the water body in Ward 12,Environment
8462,Road near Gandhi Street has not been repaired after monsoon,Road Maintenance
8463,Open manhole causing danger on Ring Road in Egmore,Public Safety
8464,Borewell in Perambur has run dry,Water Supply
8465,Bus frequency has reduced drastically on Ambattur route,Public Transport
8466,Road divider near North Street is broken,Road Maintenance
8467,Dumping ground near T Nagar is causing bad odor,Waste Management
8468,Government hospital near Market Road lacks basic medicines,Health
8469,Official at the Block C office is demanding money for a certificate,Corruption
8470,Electricity is unavailable in Phase 2 for the past 12 days,Electricity
8471,Air pollution levels are high near the factory in Chromepet,Environment
8472,No waste collection service provided in Royapettah colony,Waste Management
8473,Textbooks not distributed on time in Velachery schools,Education
8474,Leaking pipeline is wasting water on Gandhi Street,Water Supply
8475,Dead animal left uncollected on Bazaar Street in Tambaram,Waste Management
8476,Signboards are missing at the Main Road intersection,Traffic
8477,A local shopkeeper asked for extra money to process ration card in the industrial estate,Corruption
8478,Voltage fluctuation is damaging appliances in the old bus stand area,Electricity
8479,Water body near Guindy is being polluted by industrial waste,Environment
8480,Hospital in the industrial estate has no doctors available,Health
8481,Vaccination camp was cancelled without notice in the panchayat office area,Health
8482,Water tanker did not arrive in Egmore as scheduled,Water Supply
8483,Overcrowded buses are running on the Saidapet route,Public Transport
8484,Encroachment on the lake near Phase 2 is destroying wetlands,Environment
8485,Street light flickers continuously on Temple Street,Street Lighting
8486,Hospital in Vadapalani lacks cleanliness and hygiene,Health
8487,"Street lights remain on during daytime in Pallavaram, wasting power",Street Lighting
8488,Traffic signal timing is too short at School Lane,Traffic
8489,Last bus timing has been cancelled for Guindy,Public Transport
8490,Water tanker did not arrive in Royapettah as scheduled,Water Supply
8491,Billing error in electricity charges for Royapettah residents,Electricity
8492,Overcrowded buses are running on the Kodambakkam route,Public Transport
8493,Live wire lying on Park Avenue poses electrocution risk,Public Safety
8494,A middleman is taking bribes for water connection approvals in Chromepet,Corruption
8495,Traffic signal timing is too short at Bazaar Street,Traffic
8496,Road divider near School Lane is broken,Road Maintenance
8497,Electric pole near Ring Road is leaning dangerously,Electricity
8498,Street light wiring is exposed and dangerous in Mylapore,Street Lighting
8499,School lacks drinking water facility in Alwarpet,Education
8500,Solar street lights installed in Pallavaram are non functional,Street Lighting
8501,Illegal dumping of waste is happening near North Street,Waste Management
8502,Corruption reported in distribution of government scheme benefits in Adyar,Corruption
8503,Ambulance service is delayed in Porur,Health
8504,Bus service is irregular on the Nungambakkam route,Public Transport
8505,Auto drivers are refusing to use the meter near Bazaar Street,Public Transport
8506,Money was demanded for processing a pension application in Ambattur,Corruption
8507,Garbage collection truck has not come to Tambaram for 11 days,Waste Management
8508,"Traffic signal is damaged at Park Avenue junction, T Nagar",Traffic
8509,No waste collection service provided in Vadapalani colony,Waste Management
8510,Bus stop shelter near Church Street is damaged,Public Transport
8511,Money was demanded for processing a pension application in the panchayat office area,Corruption
8512,Street lights are not working on Temple Street in Ward 12,Street Lighting
8513,Textbooks not distributed on time in the industrial estate schools,Education
8514,Illegal dumping of waste is happening near Station Road,Waste Management
8515,Leaking pipeline is wasting water on Gandhi Street,Water Supply
8516,Signboards are missing at the Temple Street intersection,Traffic
8517,Traffic signal timing is too short at Park Avenue,Traffic
8518,No science teacher appointed at Phase 2 school for 12 months,Education
8519,Bus conductor misbehaved with passengers on Mylapore route,Public Transport
8520,A local shopkeeper asked for extra money to process ration card in Egmore,Corruption
8521,"No signal at the school crossing near North Street, Vadapalani",Traffic
8522,Illegal tree cutting is happening near MG Road in Ambattur,Environment
8523,Live wire lying on Park Avenue poses electrocution risk,Public Safety
8524,Stray dogs are attacking residents in Nungambakkam,Public Safety
8525,Illegal tree cutting is happening near MG Road in Sector 5,Environment
8526,Public dustbin near School Lane is broken and overflowing,Waste Management
8527,Auto drivers are refusing to use the meter near North Street,Public Transport
8528,Money was demanded for processing a pension application in Tambaram,Corruption
8529,Bus frequency has reduced drastically on Guindy route,Public Transport
8530,Vaccination camp was cancelled without notice in Saidapet,Health
8531,"No footpath available on North Street, pedestrians face danger",Road Maintenance
8532,Mid day meal quality is poor at the housing board colony school,Education
8533,Illegal dumping of waste is happening near Station Road,Waste Management
8534,Dead animal left uncollected on Park Avenue in near the temple,Waste Management
8535,"Low water pressure reported near Bazaar Street, the main market road",Water Supply
8536,Broken compound wall near South Street is a safety hazard,Public Safety
8537,Teacher is absent regularly at the the government school area government school,Education
8538,Air pollution levels are high near the factory in Kolathur,Environment
8539,A local shopkeeper asked for extra money to process ration card in Royapettah,Corruption
8540,Live wire lying on Nehru Street poses electrocution risk,Public Safety
8541,There is no drinking water in Guindy for the past 9 days,Water Supply
8542,Water body near Block C is being polluted by industrial waste,Environment
8543,Road near South Street has not been repaired after monsoon,Road Maintenance
8544,Street light wiring is exposed and dangerous in Vadapalani,Street Lighting
8545,Power supply tripped and not restored for 10 hours in Kodambakkam,Electricity
8546,Frequent traffic congestion on North Street during peak hours,Traffic
8547,No specialist doctor visits the the old bus stand area health center,Health
8548,"No signal at the school crossing near Bazaar Street, Anna Nagar",Traffic
8549,Teacher is absent regularly at the Mylapore government school,Education
8550,Street light wiring is exposed and dangerous in Tambaram,Street Lighting
8551,Air pollution levels are high near the factory in Block C,Environment
8552,Bus service is irregular on the Phase 2 route,Public Transport
8553,No traffic police present at busy junction near Park Avenue,Traffic
8554,Zebra crossing markings have faded on Ring Road,Traffic
8555,Deep pit left uncovered near Station Road in Chromepet,Public Safety
8556,Segregated waste is being mixed by collection staff in the old bus stand area,Waste Management
8557,Long waiting times reported at Sector 5 government hospital,Health
8558,Dark stretch on Gandhi Street due to broken street lights,Street Lighting
8559,Traffic signal timing is too short at Temple Street,Traffic
8560,Frequent traffic congestion on Bazaar Street during peak hours,Traffic
8561,Borewell in the government school area has run dry,Water Supply
8562,Bus stop shelter near Church Street is damaged,Public Transport
8563,School lacks drinking water facility in the old bus stand area,Education
8564,Voltage fluctuation is damaging appliances in Kolathur,Electricity
8565,Textbooks not distributed on time in Porur schools,Education
8566,A municipal worker is taking bribes for water connection approvals in Royapettah,Corruption
8567,Illegal parking is causing traffic jams on School Lane,Traffic
8568,Power supply tripped and not restored for 11 hours in Sector 5,Electricity
8569,Hospital in Tambaram has no doctors available,Health
8570,Illegal dumping of waste is happening near Church Street,Waste Management
8571,No traffic police present at busy junction near Station Road,Traffic
8572,Contaminated water is being supplied in Ambattur,Water Supply
8573,Overcrowded classrooms reported in Kodambakkam government school,Education
8574,Deep pit left uncovered near Gandhi Street in Anna Nagar,Public Safety
8575,Noise pollution from construction near Station Road at night,Environment
8576,Bus stop shelter near MG Road is damaged,Public Transport
8577,Frequent power cuts are occurring in Anna Nagar,Electricity
8578,Road near Park Avenue has not been repaired after monsoon,Road Maintenance
8579,Road divider near Park Avenue is broken,Road Maintenance
8580,Noise pollution from construction near Station Road at night,Environment
8581,Abandoned building near Nehru Street is unsafe for children,Public Safety
8582,No science teacher appointed at Sector 5 school for 2 months,Education
8583,Encroachment on the lake near Ambattur is destroying wetlands,Environment
8584,Electric pole near Station Road is leaning dangerously,Electricity
8585,Official at the Chromepet office is demanding money for a certificate,Corruption
8586,No specialist doctor visits the Kodambakkam health center,Health
8587,Illegal parking is causing traffic jams on MG Road,Traffic
8588,Noise pollution from construction near Church Street at night,Environment
8589,Bus stop shelter near Main Road is damaged,Public Transport
8590,Air pollution levels are high near the factory in T Nagar,Environment
8591,Last bus timing has been cancelled for Kodambakkam,Public Transport
8592,No waste collection service provided in the main market road colony,Waste Management
8593,Segregated waste is being mixed by collection staff in Pallavaram,Waste Management
8594,Bribe was demanded for issuing a building permit in Sector 5,Corruption
8595,School lacks drinking water facility in Kodambakkam,Education
8596,Air pollution levels are high near the factory in Guindy,Environment
8597,Long waiting times reported at Ward 12 government hospital,Health
8598,Open manhole causing danger on Main Road in Adyar,Public Safety
8599,Street light wiring is exposed and dangerous in Guindy,Street Lighting
8600,Street light wiring is exposed and dangerous in Chromepet,Street Lighting
8601,School lacks drinking water facility in the panchayat office area,Education
8602,Speed breakers are missing near the school on North Street,Road Maintenance
8603,Bus conductor misbehaved with passengers on the government school area route,Public Transport
8604,Garbage collection truck has not come to Tambaram for 11 days,Waste Management
8605,3 street lights have been off for weeks near School Lane,Street Lighting
8606,Speed breakers are missing near the school on MG Road,Road Maintenance
8607,School in the railway station road lacks proper toilet facilities,Education
8608,Ambulance service is delayed in the industrial estate,Health
8609,Illegal dumping of waste is happening near Bypass Road,Waste Management
8610,Hospital in the railway station road has no doctors available,Health
8611,Textbooks not distributed on time in the housing board colony schools,Education
8612,Frequent traffic congestion on Temple Street during peak hours,Traffic
8613,Auto drivers are refusing to use the meter near Nehru Street,Public Transport
8614,"No footpath available on Bypass Road, pedestrians face danger",Road Maintenance
8615,Primary health center in Mylapore is understaffed,Health
8616,Billing error in electricity charges for T Nagar residents,Electricity
8617,Billing error in electricity charges for Royapettah residents,Electricity
8618,Bribe was demanded for issuing a building permit in Velachery,Corruption
8619,Frequent power cuts are occurring in the industrial estate,Electricity
8620,Public dustbin near Park Avenue is broken and overflowing,Waste Management
8621,14 street lights have been off for weeks near North Street,Street Lighting
8622,Stray dogs are attacking residents in Phase 2,Public Safety
8623,Zebra crossing markings have faded on Ring Road,Traffic
8624,Road near North Street has not been repaired after monsoon,Road Maintenance
8625,Water pipe burst near Bazaar Street in Kolathur,Water Supply
8626,Huge potholes on North Street in Velachery,Road Maintenance
8627,Street light flickers continuously on Temple Street,Street Lighting
8628,No specialist doctor visits the Block C health center,Health
8629,Long waiting times reported at Vadapalani government hospital,Health
8630,"New street light pole is needed on Main Road, the government school area",Street Lighting
8631,Noise pollution from construction near Station Road at night,Environment
8632,Water tanker did not arrive in Chromepet as scheduled,Water Supply
8633,Open manhole causing danger on Ring Road in Chromepet,Public Safety
8634,Billing error in electricity charges for Porur residents,Electricity
8635,"No footpath available on Church Street, pedestrians face danger",Road Maintenance
8636,Mid day meal quality is poor at Adyar school,Education
8637,Official at the Ward 12 office is demanding money for a certificate,Corruption
8638,Electric pole near Ring Road is leaning dangerously,Electricity
8639,Overcrowded classrooms reported in Guindy government school,Education
8640,Street lights are not working on Temple Street in Ward 12,Street Lighting
8641,Hospital in Egmore has no doctors available,Health
8642,Overhead tank in Ward 12 has not been cleaned in months,Water Supply
8643,Zebra crossing markings have faded on Ring Road,Traffic
8644,6 street lights have been off for weeks near Church Street,Street Lighting
8645,Auto drivers are refusing to use the meter near Nehru Street,Public Transport
8646,Garbage collection truck has not come to Alwarpet for 11 days,Waste Management
8647,Illegal sand mining reported near Ambattur,Environment
8648,Teacher is absent regularly at the Saidapet government school,Education
8649,Signboards are missing at the Bazaar Street intersection,Traffic
8650,There is no drinking water in Porur for the past 8 days,Water Supply
8651,"No footpath available on MG Road, pedestrians face danger",Road Maintenance
8652,Vaccination camp was cancelled without notice in Anna Nagar,Health
8653,Frequent traffic congestion on North Street during peak hours,Traffic
8654,Contaminated water is being supplied in Vadapalani,Water Supply
8655,There is no drinking water in the industrial estate for the past 5 days,Water Supply
8656,Stray dogs are attacking residents in T Nagar,Public Safety
8657,Newly laid road on Main Road is already damaged,Road Maintenance
8658,Long waiting times reported at the panchayat office area government hospital,Health
8659,Long waiting times reported at T Nagar government hospital,Health
8660,Frequent traffic congestion on MG Road during peak hours,Traffic
8661,Zebra crossing markings have faded on Nehru Street,Traffic
8662,No waste collection service provided in Ward 12 colony,Waste Management
8663,"No signal at the school crossing near Church Street, Kodambakkam",Traffic
8664,Electric pole near Nehru Street is leaning dangerously,Electricity
8665,Auto drivers are refusing to use the meter near Park Avenue,Public Transport
8666,Newly laid road on Bypass Road is already damaged,Road Maintenance
8667,An officer at the counter asked for extra money to process ration card in Perambur,Corruption
8668,A middleman is taking bribes for water connection approvals in Sector 5,Corruption
8669,Borewell in the housing board colony has run dry,Water Supply
8670,Water body near Egmore is being polluted by industrial waste,Environment
8671,Voltage fluctuation is damaging appliances in Porur,Electricity
8672,Stray dogs are attacking residents in Anna Nagar,Public Safety
8673,Money was demanded for processing a pension application in Royapettah,Corruption
8674,Long waiting times reported at Chromepet government hospital,Health
8675,No traffic police present at busy junction near Main Road,Traffic
8676,Dumping ground near Perambur is causing bad odor,Waste Management
8677,Street lights are not working on North Street in Sector 5,Street Lighting
8678,Illegal sand mining reported near near the temple,Environment
8679,Signboards are missing at the Station Road intersection,Traffic
8680,Hospital in the panchayat office area has no doctors available,Health
8681,Live wire lying on School Lane poses electrocution risk,Public Safety
8682,Huge potholes on MG Road in the panchayat office area,Road Maintenance
8683,Hospital in near the temple has no doctors available,Health
8684,Construction debris left on Nehru Street blocking traffic,Road Maintenance
8685,Water tanker did not arrive in the panchayat office area as scheduled,Water Supply
8686,Plastic waste dumped near the water body in Nungambakkam,Environment
8687,Bus stop shelter near Bypass Road is damaged,Public Transport
8688,Textbooks not distributed on time in Guindy schools,Education
8689,Overcrowded buses are running on the Guindy route,Public Transport
8690,Road near Church Street has not been repaired after monsoon,Road Maintenance
8691,Bus conductor misbehaved with passengers on Nungambakkam route,Public Transport
8692,Someone demanded a bribe for approval of a document in Saidapet,Corruption
8693,Hospital in Nungambakkam lacks cleanliness and hygiene,Health
8694,Leaking pipeline is wasting water on Nehru Street,Water Supply
8695,Government hospital near Park Avenue lacks basic medicines,Health
8696,Water supply has been irregular in Kolathur for 14 weeks,Water Supply
8697,Burning of waste is causing smoke in Royapettah,Environment
8698,No security personnel at the public park in Mylapore,Public Safety
8699,Solar street lights installed in Kodambakkam are non functional,Street Lighting
8700,Water supply has been irregular in Sector 5 for 10 weeks,Water Supply
8701,Signboards are missing at the Temple Street intersection,Traffic
8702,Auto drivers are refusing to use the meter near South Street,Public Transport
8703,Bus conductor misbehaved with passengers on the housing board colony route,Public Transport
8704,Water pipe burst near Temple Street in Egmore,Water Supply
8705,There is no drinking water in Kolathur for the past 6 days,Water Supply
8706,Water supply has been irregular in Pallavaram for 15 weeks,Water Supply
8707,Long waiting times reported at Sector 5 government hospital,Health
8708,Open manhole causing danger on Temple Street in Kolathur,Public Safety
8709,Traffic signal timing is too short at MG Road,Traffic
8710,Contaminated water is being supplied in near the temple,Water Supply
8711,No traffic police present at busy junction near School Lane,Traffic
8712,"No footpath available on Market Road, pedestrians face danger",Road Maintenance
8713,Exposed wires near Church Street pose a danger to residents,Electricity
8714,No science teacher appointed at the housing board colony school for 11 months,Education
8715,Government hospital near Gandhi Street lacks basic medicines,Health
8716,No specialist doctor visits the the government school area health center,Health
8717,Overcrowded buses are running on the Royapettah route,Public Transport
8718,Exposed wires near South Street pose a danger to residents,Electricity
8719,Street lights are not working on Market Road in Anna Nagar,Street Lighting
8720,School lacks drinking water facility in near the temple,Education
8721,12 street lights have been off for weeks near Main Road,Street Lighting
8722,Money was demanded for processing a pension application in Velachery,Corruption
8723,No water connection provided despite application in Alwarpet,Water Supply
8724,Vaccination camp was cancelled without notice in the housing board colony,Health
8725,Long waiting times reported at Saidapet government hospital,Health
8726,Street lights are not working on School Lane in Ward 12,Street Lighting
8727,Official at the Anna Nagar office is demanding money for a certificate,Corruption
8728,No traffic police present at busy junction near Bazaar Street,Traffic
8729,Water body near near the temple is being polluted by industrial waste,Environment
8730,Electricity is unavailable in the old bus stand area for the past 12 days,Electricity
8731,Hospital in Ambattur has no doctors available,Health
8732,Streetside electric meter is sparking in near the temple,Electricity
8733,Unsafe construction site near Main Road lacks barricades,Public Safety
8734,Contaminated water is being supplied in Porur,Water Supply
8735,Street lights are not working on Market Road in Egmore,Street Lighting
8736,Signboards are missing at the Gandhi Street intersection,Traffic
8737,Public dustbin near MG Road is broken and overflowing,Waste Management
8738,"Low water pressure reported near Station Road, Nungambakkam",Water Supply
8739,Corruption reported in distribution of government scheme benefits in the old bus stand area,Corruption
8740,Water supply has been irregular in the housing board colony for 3 weeks,Water Supply
8741,Street lights are not working on Gandhi Street in Anna Nagar,Street Lighting
8742,Burning of waste is causing smoke in Ambattur,Environment
8743,Vaccination camp was cancelled without notice in Phase 2,Health
8744,"Traffic signal is damaged at Main Road junction, Ward 12",Traffic
8745,Encroachment on the lake near Adyar is destroying wetlands,Environment
8746,Unsafe construction site near Main Road lacks barricades,Public Safety
8747,Last bus timing has been cancelled for the housing board colony,Public Transport
8748,Construction debris left on Market Road blocking traffic,Road Maintenance
8749,"New street light pole is needed on Gandhi Street, Egmore",Street Lighting
8750,Textbooks not distributed on time in Velachery schools,Education
8751,Deep pit left uncovered near Bypass Road in Sector 5,Public Safety
8752,Bus service is irregular on the the railway station road route,Public Transport
8753,Someone demanded a bribe for approval of a document in the housing board colony,Corruption
8754,Contaminated water is being supplied in Egmore,Water Supply
8755,Unsafe construction site near Station Road lacks barricades,Public Safety
8756,Illegal sand mining reported near Adyar,Environment
8757,Money was demanded for processing a pension application in the industrial estate,Corruption
8758,Bus stop shelter near Bazaar Street is damaged,Public Transport
8759,Garbage collection truck has not come to Kolathur for 15 days,Waste Management
8760,Overhead tank in Vadapalani has not been cleaned in months,Water Supply
8761,Frequent traffic congestion on Nehru Street during peak hours,Traffic
8762,Live wire lying on Nehru Street poses electrocution risk,Public Safety
8763,Bus frequency has reduced drastically on the railway station road route,Public Transport
8764,Unsafe construction site near Gandhi Street lacks barricades,Public Safety
8765,Illegal tree cutting is happening near Market Road in Velachery,Environment
8766,Mid day meal quality is poor at the industrial estate school,Education
8767,Bus frequency has reduced drastically on Guindy route,Public Transport
8768,Water tanker did not arrive in Chromepet as scheduled,Water Supply
8769,Exposed wires near Bazaar Street pose a danger to residents,Electricity
8770,Open manhole causing danger on School Lane in Pallavaram,Public Safety
8771,Bus stop shelter near Bazaar Street is damaged,Public Transport
8772,Speed breakers are missing near the school on Park Avenue,Road Maintenance
8773,No science teacher appointed at Ambattur school for 11 months,Education
8774,Auto drivers are refusing to use the meter near Ring Road,Public Transport
8775,Bus conductor misbehaved with passengers on the industrial estate route,Public Transport
8776,Long waiting times reported at Pallavaram government hospital,Health
8777,Illegal sand mining reported near Porur,Environment
8778,No security personnel at the public park in the old bus stand area,Public Safety
8779,Vaccination camp was cancelled without notice in Guindy,Health
8780,Water pipe burst near Station Road in the old bus stand area,Water Supply
8781,School lacks drinking water facility in Saidapet,Education
8782,Unsafe construction site near Station Road lacks barricades,Public Safety
8783,Mid day meal quality is poor at Pallavaram school,Education
8784,Hospital in Tambaram has no doctors available,Health
8785,Abandoned building near Nehru Street is unsafe for children,Public Safety
8786,Segregated waste is being mixed by collection staff in Alwarpet,Waste Management
8787,Public dustbin near MG Road is broken and overflowing,Waste Management
8788,No science teacher appointed at Royapettah school for 8 months,Education
8789,School lacks drinking water facility in the railway station road,Education
8790,Dark stretch on North Street due to broken street lights,Street Lighting
8791,Someone demanded a bribe for approval of a document in Guindy,Corruption
8792,Teacher is absent regularly at the Pallavaram government school,Education
8793,"No footpath available on Bypass Road, pedestrians face danger",Road Maintenance
8794,Noise pollution from construction near Ring Road at night,Environment
8795,Zebra crossing markings have faded on North Street,Traffic
8796,School building near South Street needs urgent repair,Education
8797,Open manhole causing danger on Bypass Road in Saidapet,Public Safety
8798,Huge potholes on Bypass Road in Ward 12,Road Maintenance
8799,Bribe was demanded for issuing a building permit in the housing board colony,Corruption
8800,Hospital in Royapettah lacks cleanliness and hygiene,Health
8801,A municipal worker asked for extra money to process ration card in Velachery,Corruption
8802,Borewell in Sector 5 has run dry,Water Supply
8803,No waste collection service provided in the government school area colony,Waste Management
8804,School lacks drinking water facility in Guindy,Education
8805,Contaminated water is being supplied in Pallavaram,Water Supply
8806,Deep pit left uncovered near Bazaar Street in the housing board colony,Public Safety
8807,Plastic waste dumped near the water body in Saidapet,Environment
8808,"Street lights remain on during daytime in Ambattur, wasting power",Street Lighting
8809,Illegal tree cutting is happening near Church Street in near the temple,Environment
8810,Speed breakers are missing near the school on South Street,Road Maintenance
8811,Streetside electric meter is sparking in Porur,Electricity
8812,Overcrowded buses are running on the Anna Nagar route,Public Transport
8813,Public dustbin near MG Road is broken and overflowing,Waste Management
8814,Illegal parking is causing traffic jams on School Lane,Traffic
8815,"New street light pole is needed on MG Road, Vadapalani",Street Lighting
8816,No waste collection service provided in Guindy colony,Waste Management
8817,No science teacher appointed at Alwarpet school for 5 months,Education
8818,Huge potholes on Bazaar Street in T Nagar,Road Maintenance
8819,Auto drivers are refusing to use the meter near Ring Road,Public Transport
8820,Bribe was demanded for issuing a building permit in Adyar,Corruption
8821,Burning of waste is causing smoke in Phase 2,Environment
8822,Garbage collection truck has not come to Perambur for 13 days,Waste Management
8823,Contaminated water is being supplied in Block C,Water Supply
8824,School building near Bypass Road needs urgent repair,Education
8825,Road divider near Main Road is broken,Road Maintenance
8826,No specialist doctor visits the Vadapalani health center,Health
8827,Bus service is irregular on the Nungambakkam route,Public Transport
8828,Street light flickers continuously on North Street,Street Lighting
8829,A local shopkeeper asked for extra money to process ration card in the old bus stand area,Corruption
8830,Abandoned building near Main Road is unsafe for children,Public Safety
8831,Streetside electric meter is sparking in Block C,Electricity
8832,Segregated waste is being mixed by collection staff in Adyar,Waste Management
8833,School building near Ring Road needs urgent repair,Education
8834,No science teacher appointed at Anna Nagar school for 14 months,Education
8835,Deep pit left uncovered near South Street in T Nagar,Public Safety
8836,Water pipe burst near South Street in the main market road,Water Supply
8837,Dead animal left uncollected on School Lane in Perambur,Waste Management
8838,Streetside electric meter is sparking in Guindy,Electricity
8839,Overcrowded buses are running on the the housing board colony route,Public Transport
8840,No water connection provided despite application in Mylapore,Water Supply
8841,Overcrowded classrooms reported in the main market road government school,Education
8842,Overhead tank in Anna Nagar has not been cleaned in months,Water Supply
8843,Government hospital near Main Road lacks basic medicines,Health
8844,Broken compound wall near North Street is a safety hazard,Public Safety
8845,A contractor is taking bribes for water connection approvals in Egmore,Corruption
8846,Overcrowded classrooms reported in Sector 5 government school,Education
8847,"New street light pole is needed on South Street, the panchayat office area",Street Lighting
8848,Air pollution levels are high near the factory in Royapettah,Environment
8849,Bus frequency has reduced drastically on Kolathur route,Public Transport
8850,Ambulance service is delayed in Adyar,Health
8851,Public dustbin near South Street is broken and overflowing,Waste Management
8852,Open manhole causing danger on School Lane in Anna Nagar,Public Safety
8853,Overhead tank in Vadapalani has not been cleaned in months,Water Supply
8854,Illegal dumping of waste is happening near Nehru Street,Waste Management
8855,Bus conductor misbehaved with passengers on the main market road route,Public Transport
8856,Last bus timing has been cancelled for T Nagar,Public Transport
8857,Illegal tree cutting is happening near Ring Road in the industrial estate,Environment
8858,Water supply has been irregular in T Nagar for 5 weeks,Water Supply
8859,"No signal at the school crossing near Gandhi Street, the housing board colony",Traffic
8860,Illegal tree cutting is happening near Ring Road in Adyar,Environment
8861,Illegal sand mining reported near Royapettah,Environment
8862,Contaminated water is being supplied in Tambaram,Water Supply
8863,Encroachment on the lake near Phase 2 is destroying wetlands,Environment
8864,Exposed wires near MG Road pose a danger to residents,Electricity
8865,Last bus timing has been cancelled for Adyar,Public Transport
8866,Frequent traffic congestion on Ring Road during peak hours,Traffic
8867,Money was demanded for processing a pension application in Pallavaram,Corruption
8868,Mid day meal quality is poor at the government school area school,Education
8869,Public dustbin near Station Road is broken and overflowing,Waste Management
8870,A contractor is taking bribes for water connection approvals in Perambur,Corruption
8871,Teacher is absent regularly at the Kolathur government school,Education
8872,Illegal sand mining reported near Egmore,Environment
8873,Streetside electric meter is sparking in Perambur,Electricity
8874,Dark stretch on Main Road due to broken street lights,Street Lighting
8875,Illegal tree cutting is happening near Nehru Street in near the temple,Environment
8876,School in Adyar lacks proper toilet facilities,Education
8877,Bus service is irregular on the Tambaram route,Public Transport
8878,No security personnel at the public park in Vadapalani,Public Safety
8879,"No signal at the school crossing near Church Street, Pallavaram",Traffic
8880,Auto drivers are refusing to use the meter near Market Road,Public Transport
8881,Water tanker did not arrive in the housing board colony as scheduled,Water Supply
8882,Road divider near South Street is broken,Road Maintenance
8883,Government hospital near Station Road lacks basic medicines,Health
8884,"Traffic signal is damaged at Park Avenue junction, Tambaram",Traffic
8885,Bus stop shelter near Bypass Road is damaged,Public Transport
8886,Dead animal left uncollected on Park Avenue in Royapettah,Waste Management
8887,Deep pit left uncovered near MG Road in Kodambakkam,Public Safety
8888,School lacks drinking water facility in the housing board colony,Education
8889,Live wire lying on School Lane poses electrocution risk,Public Safety
8890,Bus stop shelter near Station Road is damaged,Public Transport
8891,Hospital in Pallavaram lacks cleanliness and hygiene,Health
8892,Street light flickers continuously on Church Street,Street Lighting
8893,Dead animal left uncollected on Bypass Road in Chromepet,Waste Management
8894,Newly laid road on South Street is already damaged,Road Maintenance
8895,Teacher is absent regularly at the Pallavaram government school,Education
8896,No water connection provided despite application in the government school area,Water Supply
8897,Power supply tripped and not restored for 14 hours in Mylapore,Electricity
8898,Water pipe burst near Nehru Street in the railway station road,Water Supply
8899,Garbage collection truck has not come to near the temple for 8 days,Waste Management
8900,Hospital in Ward 12 has no doctors available,Health
8901,"Street lights remain on during daytime in Kodambakkam, wasting power",Street Lighting
8902,School building near Park Avenue needs urgent repair,Education
8903,"Low water pressure reported near Temple Street, Porur",Water Supply
8904,Primary health center in the old bus stand area is understaffed,Health
8905,Signboards are missing at the Church Street intersection,Traffic
8906,Illegal parking is causing traffic jams on Park Avenue,Traffic
8907,Power supply tripped and not restored for 7 hours in Adyar,Electricity
8908,No security personnel at the public park in the industrial estate,Public Safety
8909,No bus service available to Tambaram after 8 pm,Public Transport
8910,Abandoned building near Main Road is unsafe for children,Public Safety
8911,Illegal tree cutting is happening near Station Road in Egmore,Environment
8912,Air pollution levels are high near the factory in the main market road,Environment
8913,A clerk is taking bribes for water connection approvals in Phase 2,Corruption
8914,Water pipe burst near North Street in Sector 5,Water Supply
8915,No science teacher appointed at Kolathur school for 6 months,Education
8916,Hospital in the old bus stand area lacks cleanliness and hygiene,Health
8917,Textbooks not distributed on time in Phase 2 schools,Education
8918,Stray dogs are attacking residents in the industrial estate,Public Safety
8919,Official at the Alwarpet office is demanding money for a certificate,Corruption
8920,Waterlogging occurs on School Lane during rains,Road Maintenance
8921,Teacher is absent regularly at the Ambattur government school,Education
8922,No security personnel at the public park in Ward 12,Public Safety
8923,Borewell in Tambaram has run dry,Water Supply
8924,Road near North Street has not been repaired after monsoon,Road Maintenance
8925,Overcrowded classrooms reported in Guindy government school,Education
8926,Encroachment on the lake near Adyar is destroying wetlands,Environment
8927,Illegal dumping of waste is happening near MG Road,Waste Management
8928,Noise pollution from construction near Market Road at night,Environment
8929,Street lights are not working on South Street in the main market road,Street Lighting
8930,Plastic waste dumped near the water body in the main market road,Environment
8931,No security personnel at the public park in the railway station road,Public Safety
8932,Bus service is irregular on the T Nagar route,Public Transport
8933,Plastic waste dumped near the water body in the housing board colony,Environment
8934,Noise pollution from construction near Ring Road at night,Environment
8935,Open manhole causing danger on Main Road in Saidapet,Public Safety
8936,Contaminated water is being supplied in Porur,Water Supply
8937,Primary health center in the government school area is understaffed,Health
8938,"Street lights remain on during daytime in Mylapore, wasting power",Street Lighting
8939,Garbage collection truck has not come to Adyar for 2 days,Waste Management
8940,Encroachment on the lake near Royapettah is destroying wetlands,Environment
8941,No waste collection service provided in Porur colony,Waste Management
8942,Vaccination camp was cancelled without notice in Adyar,Health
8943,Borewell in Guindy has run dry,Water Supply
8944,Someone demanded a bribe for approval of a document in Phase 2,Corruption
8945,Last bus timing has been cancelled for near the temple,Public Transport
8946,Noise pollution from construction near Market Road at night,Environment
8947,Ambulance service is delayed in Ward 12,Health
8948,No waste collection service provided in the main market road colony,Waste Management
8949,No specialist doctor visits the Porur health center,Health
8950,Dumping ground near Saidapet is causing bad odor,Waste Management
8951,Waterlogging occurs on South Street during rains,Road Maintenance
8952,No bus service available to Sector 5 after 8 pm,Public Transport
8953,Government hospital near Station Road lacks basic medicines,Health
8954,Voltage fluctuation is damaging appliances in Velachery,Electricity
8955,"No footpath available on Station Road, pedestrians face danger",Road Maintenance
8956,Speed breakers are missing near the school on Nehru Street,Road Maintenance
8957,Dead animal left uncollected on Ring Road in the main market road,Waste Management
8958,Street light flickers continuously on South Street,Street Lighting
8959,"New street light pole is needed on Church Street, Kodambakkam",Street Lighting
8960,Illegal tree cutting is happening near Ring Road in the industrial estate,Environment
8961,Street lights are not working on North Street in Porur,Street Lighting
8962,No science teacher appointed at near the temple school for 3 months,Education
8963,Zebra crossing markings have faded on Bypass Road,Traffic
8964,Dead animal left uncollected on South Street in the old bus stand area,Waste Management
8965,Zebra crossing markings have faded on Ring Road,Traffic
8966,Broken compound wall near Station Road is a safety hazard,Public Safety
8967,No security personnel at the public park in Egmore,Public Safety
8968,Voltage fluctuation is damaging appliances in Perambur,Electricity
8969,Last bus timing has been cancelled for the industrial estate,Public Transport
8970,There is no drinking water in Saidapet for the past 15 days,Water Supply
8971,Signboards are missing at the Station Road intersection,Traffic
8972,Primary health center in near the temple is understaffed,Health
8973,Bus frequency has reduced drastically on Sector 5 route,Public Transport
8974,Primary health center in Ward 12 is understaffed,Health
8975,Speed breakers are missing near the school on Church Street,Road Maintenance
8976,No science teacher appointed at Anna Nagar school for 9 months,Education
8977,"Street lights remain on during daytime in Porur, wasting power",Street Lighting
8978,Bus stop shelter near School Lane is damaged,Public Transport
8979,Traffic signal timing is too short at Church Street,Traffic
8980,Bus stop shelter near Ring Road is damaged,Public Transport
8981,Overhead tank in Egmore has not been cleaned in months,Water Supply
8982,Overcrowded buses are running on the Adyar route,Public Transport
8983,Transformer near Bypass Road in the government school area is not working,Electricity
8984,There is no drinking water in Guindy for the past 12 days,Water Supply
8985,Water tanker did not arrive in Phase 2 as scheduled,Water Supply
8986,No waste collection service provided in Kodambakkam colony,Waste Management
8987,Street lights are not working on North Street in the main market road,Street Lighting
8988,"No footpath available on School Lane, pedestrians face danger",Road Maintenance
8989,Bribe was demanded for issuing a building permit in Royapettah,Corruption
8990,Illegal sand mining reported near the panchayat office area,Environment
8991,No specialist doctor visits the Tambaram health center,Health
8992,Auto drivers are refusing to use the meter near Bazaar Street,Public Transport
8993,Illegal sand mining reported near the railway station road,Environment
8994,Someone demanded a bribe for approval of a document in T Nagar,Corruption
8995,Bribe was demanded for issuing a building permit in Alwarpet,Corruption
8996,Voltage fluctuation is damaging appliances in Tambaram,Electricity
8997,New electricity connection is delayed in the government school area,Electricity
8998,Government hospital near Temple Street lacks basic medicines,Health
8999,Hospital in Kodambakkam lacks cleanliness and hygiene,Health
9000,No science teacher appointed at Tambaram school for 14 months,Education
9001,School in Saidapet lacks proper toilet facilities,Education
9002,Someone demanded a bribe for approval of a document in Adyar,Corruption
9003,Traffic signal timing is too short at Ring Road,Traffic
9004,Noise pollution from construction near Park Avenue at night,Environment
9005,Huge potholes on Station Road in Egmore,Road Maintenance
9006,Street lights are not working on Market Road in Sector 5,Street Lighting
9007,A local shopkeeper is taking bribes for water connection approvals in Pallavaram,Corruption
9008,Garbage is overflowing near Main Road in Guindy,Waste Management
9009,School in the panchayat office area lacks proper toilet facilities,Education
9010,Newly laid road on Park Avenue is already damaged,Road Maintenance
9011,Illegal parking is causing traffic jams on South Street,Traffic
9012,Plastic waste dumped near the water body in the panchayat office area,Environment
9013,Illegal tree cutting is happening near Church Street in Velachery,Environment
9014,Plastic waste dumped near the water body in Chromepet,Environment
9015,Speed breakers are missing near the school on Park Avenue,Road Maintenance
9016,Illegal sand mining reported near Egmore,Environment
9017,Bus stop shelter near MG Road is damaged,Public Transport
9018,Illegal dumping of waste is happening near Bazaar Street,Waste Management
9019,Deep pit left uncovered near Park Avenue in Adyar,Public Safety
9020,Road near School Lane has not been repaired after monsoon,Road Maintenance
9021,No science teacher appointed at the old bus stand area school for 2 months,Education
9022,Power supply tripped and not restored for 6 hours in Adyar,Electricity
9023,Primary health center in the railway station road is understaffed,Health
9024,"No signal at the school crossing near Nehru Street, near the temple",Traffic
9025,Signboards are missing at the Main Road intersection,Traffic
9026,Huge potholes on MG Road in Tambaram,Road Maintenance
9027,No security personnel at the public park in Vadapalani,Public Safety
9028,"New street light pole is needed on Ring Road, the government school area",Street Lighting
9029,Open manhole causing danger on Gandhi Street in Phase 2,Public Safety
9030,"New street light pole is needed on Market Road, Mylapore",Street Lighting
9031,Teacher is absent regularly at the Nungambakkam government school,Education
9032,Primary health center in Ambattur is understaffed,Health
9033,Bus frequency has reduced drastically on the old bus stand area route,Public Transport
9034,Air pollution levels are high near the factory in Anna Nagar,Environment
9035,Frequent traffic congestion on Bypass Road during peak hours,Traffic
9036,School lacks drinking water facility in Velachery,Education
9037,Official at the Kodambakkam office is demanding money for a certificate,Corruption
9038,Overcrowded buses are running on the T Nagar route,Public Transport
9039,Open manhole causing danger on Park Avenue in Phase 2,Public Safety
9040,A government official asked for extra money to process ration card in Ambattur,Corruption
9041,Mid day meal quality is poor at Royapettah school,Education
9042,Speed breakers are missing near the school on Bazaar Street,Road Maintenance
9043,No specialist doctor visits the Sector 5 health center,Health
9044,Overcrowded classrooms reported in the government school area government school,Education
9045,Vaccination camp was cancelled without notice in Egmore,Health
9046,Speed breakers are missing near the school on Bazaar Street,Road Maintenance
9047,Water body near Guindy is being polluted by industrial waste,Environment
9048,Traffic signal timing is too short at Bazaar Street,Traffic
9049,Teacher is absent regularly at the the panchayat office area government school,Education
9050,Billing error in electricity charges for Anna Nagar residents,Electricity
9051,"New street light pole is needed on Station Road, Guindy",Street Lighting
9052,Bus service is irregular on the Phase 2 route,Public Transport
9053,Money was demanded for processing a pension application in the old bus stand area,Corruption
9054,No security personnel at the public park in the panchayat office area,Public Safety
9055,Ambulance service is delayed in Egmore,Health
9056,Mid day meal quality is poor at Vadapalani school,Education
9057,Construction debris left on Station Road blocking traffic,Road Maintenance
9058,School building near Main Road needs urgent repair,Education
9059,Burning of waste is causing smoke in Kolathur,Environment
9060,Last bus timing has been cancelled for the panchayat office area,Public Transport
9061,Signboards are missing at the Ring Road intersection,Traffic
9062,Streetside electric meter is sparking in Alwarpet,Electricity
9063,Illegal dumping of waste is happening near Main Road,Waste Management
9064,Textbooks not distributed on time in Ambattur schools,Education
9065,Illegal tree cutting is happening near Station Road in Alwarpet,Environment
9066,"Low water pressure reported near Market Road, the main market road",Water Supply
9067,School lacks drinking water facility in the government school area,Education
9068,Street light wiring is exposed and dangerous in Phase 2,Street Lighting
9069,Illegal tree cutting is happening near Market Road in Egmore,Environment
9070,Newly laid road on Bazaar Street is already damaged,Road Maintenance
9071,There is no drinking water in Sector 5 for the past 2 days,Water Supply
9072,Bus conductor misbehaved with passengers on the railway station road route,Public Transport
9073,Water supply has been irregular in the industrial estate for 2 weeks,Water Supply
9074,Illegal parking is causing traffic jams on Park Avenue,Traffic
9075,Dark stretch on South Street due to broken street lights,Street Lighting
9076,Segregated waste is being mixed by collection staff in the industrial estate,Waste Management
9077,Deep pit left uncovered near Ring Road in the panchayat office area,Public Safety
9078,Leaking pipeline is wasting water on Temple Street,Water Supply
9079,Overcrowded buses are running on the Ward 12 route,Public Transport
9080,No traffic police present at busy junction near Gandhi Street,Traffic
9081,Road near Market Road has not been repaired after monsoon,Road Maintenance
9082,Illegal tree cutting is happening near Church Street in the railway station road,Environment
9083,A municipal worker asked for extra money to process ration card in Vadapalani,Corruption
9084,Huge potholes on School Lane in Sector 5,Road Maintenance
9085,Signboards are missing at the Temple Street intersection,Traffic
9086,Plastic waste dumped near the water body in Royapettah,Environment
9087,"No footpath available on Bypass Road, pedestrians face danger",Road Maintenance
9088,Segregated waste is being mixed by collection staff in Kodambakkam,Waste Management
9089,"Low water pressure reported near MG Road, Perambur",Water Supply
9090,Bus service is irregular on the Royapettah route,Public Transport
9091,Electric pole near Park Avenue is leaning dangerously,Electricity
9092,2 street lights have been off for weeks near Park Avenue,Street Lighting
9093,Burning of waste is causing smoke in Guindy,Environment
9094,No security personnel at the public park in Kodambakkam,Public Safety
9095,School building near North Street needs urgent repair,Education
9096,Garbage collection truck has not come to Alwarpet for 7 days,Waste Management
9097,Street lights are not working on Nehru Street in Porur,Street Lighting
9098,Plastic waste dumped near the water body in Tambaram,Environment
9099,Dead animal left uncollected on Park Avenue in Sector 5,Waste Management
9100,Speed breakers are missing near the school on South Street,Road Maintenance
9101,School in the industrial estate lacks proper toilet facilities,Education
9102,Illegal parking is causing traffic jams on Market Road,Traffic
9103,Teacher is absent regularly at the the railway station road government school,Education
9104,Textbooks not distributed on time in the government school area schools,Education
9105,Unsafe construction site near Bypass Road lacks barricades,Public Safety
9106,"No footpath available on Temple Street, pedestrians face danger",Road Maintenance
9107,Deep pit left uncovered near Temple Street in T Nagar,Public Safety
9108,Road divider near Station Road is broken,Road Maintenance
9109,Auto drivers are refusing to use the meter near Station Road,Public Transport
9110,Government hospital near North Street lacks basic medicines,Health
9111,Traffic signal timing is too short at Nehru Street,Traffic
9112,Hospital in Block C lacks cleanliness and hygiene,Health
9113,Deep pit left uncovered near MG Road in Saidapet,Public Safety
9114,Long waiting times reported at Kodambakkam government hospital,Health
9115,Mid day meal quality is poor at Kodambakkam school,Education
9116,A government official is taking bribes for water connection approvals in Tambaram,Corruption
9117,Official at the the old bus stand area office is demanding money for a certificate,Corruption
9118,School lacks drinking water facility in Guindy,Education
9119,Abandoned building near Temple Street is unsafe for children,Public Safety
9120,Power supply tripped and not restored for 12 hours in Chromepet,Electricity
9121,Teacher is absent regularly at the Perambur government school,Education
9122,Air pollution levels are high near the factory in Chromepet,Environment
9123,"No footpath available on Station Road, pedestrians face danger",Road Maintenance
9124,Illegal parking is causing traffic jams on Park Avenue,Traffic
9125,Noise pollution from construction near South Street at night,Environment
9126,Air pollution levels are high near the factory in Royapettah,Environment
9127,Teacher is absent regularly at the the old bus stand area government school,Education
9128,Money was demanded for processing a pension application in the old bus stand area,Corruption
9129,Borewell in near the temple has run dry,Water Supply
9130,7 street lights have been off for weeks near School Lane,Street Lighting
9131,Abandoned building near Gandhi Street is unsafe for children,Public Safety
9132,Money was demanded for processing a pension application in Nungambakkam,Corruption
9133,Last bus timing has been cancelled for Ward 12,Public Transport
9134,Leaking pipeline is wasting water on Gandhi Street,Water Supply
9135,Street light flickers continuously on Church Street,Street Lighting
9136,Official at the Velachery office is demanding money for a certificate,Corruption
9137,Bus frequency has reduced drastically on the industrial estate route,Public Transport
9138,Water supply has been irregular in Tambaram for 14 weeks,Water Supply
9139,Overcrowded buses are running on the Tambaram route,Public Transport
9140,Stray dogs are attacking residents in the main market road,Public Safety
9141,Hospital in Tambaram has no doctors available,Health
9142,Bus frequency has reduced drastically on Pallavaram route,Public Transport
9143,Burning of waste is causing smoke in the main market road,Environment
9144,Money was demanded for processing a pension application in Kodambakkam,Corruption
9145,Water pipe burst near Nehru Street in Chromepet,Water Supply
9146,Official at the Ambattur office is demanding money for a certificate,Corruption
9147,Live wire lying on Main Road poses electrocution risk,Public Safety
9148,No water connection provided despite application in Block C,Water Supply
9149,Overcrowded buses are running on the the old bus stand area route,Public Transport
9150,Bribe was demanded for issuing a building permit in the old bus stand area,Corruption
9151,"Street lights remain on during daytime in T Nagar, wasting power",Street Lighting
9152,Water tanker did not arrive in Phase 2 as scheduled,Water Supply
9153,Street light wiring is exposed and dangerous in the panchayat office area,Street Lighting
9154,Stray dogs are attacking residents in Perambur,Public Safety
9155,A middleman asked for extra money to process ration card in Block C,Corruption
9156,6 street lights have been off for weeks near North Street,Street Lighting
9157,School lacks drinking water facility in Sector 5,Education
9158,No water connection provided despite application in Chromepet,Water Supply
9159,Overcrowded buses are running on the Pallavaram route,Public Transport
9160,No specialist doctor visits the the panchayat office area health center,Health
9161,Frequent traffic congestion on Park Avenue during peak hours,Traffic
9162,School lacks drinking water facility in T Nagar,Education
9163,Illegal parking is causing traffic jams on Temple Street,Traffic
9164,Water body near the government school area is being polluted by industrial waste,Environment
9165,Overcrowded buses are running on the Tambaram route,Public Transport
9166,Deep pit left uncovered near Main Road in near the temple,Public Safety
9167,School in Royapettah lacks proper toilet facilities,Education
9168,Broken compound wall near Main Road is a safety hazard,Public Safety
9169,Water body near Pallavaram is being polluted by industrial waste,Environment
9170,"No signal at the school crossing near Temple Street, Ward 12",Traffic
9171,Textbooks not distributed on time in Velachery schools,Education
9172,Bus service is irregular on the the old bus stand area route,Public Transport
9173,Garbage collection truck has not come to Phase 2 for 13 days,Waste Management
9174,Long waiting times reported at the government school area government hospital,Health
9175,Street lights are not working on Bazaar Street in Chromepet,Street Lighting
9176,Burning of waste is causing smoke in Nungambakkam,Environment
9177,Bribe was demanded for issuing a building permit in Guindy,Corruption
9178,Overcrowded classrooms reported in near the temple government school,Education
9179,Official at the the old bus stand area office is demanding money for a certificate,Corruption
9180,"New street light pole is needed on Park Avenue, Anna Nagar",Street Lighting
9181,Long waiting times reported at Phase 2 government hospital,Health
9182,Waterlogging occurs on Church Street during rains,Road Maintenance
9183,Road divider near Church Street is broken,Road Maintenance
9184,Dumping ground near Royapettah is causing bad odor,Waste Management
9185,Corruption reported in distribution of government scheme benefits in the industrial estate,Corruption
9186,Solar street lights installed in the old bus stand area are non functional,Street Lighting
9187,"New street light pole is needed on North Street, near the temple",Street Lighting
9188,Water pipe burst near Bypass Road in the old bus stand area,Water Supply
9189,No waste collection service provided in Kolathur colony,Waste Management
9190,School lacks drinking water facility in Ambattur,Education
9191,There is no drinking water in Ward 12 for the past 3 days,Water Supply
9192,Illegal sand mining reported near T Nagar,Environment
9193,Someone demanded a bribe for approval of a document in Phase 2,Corruption
9194,Last bus timing has been cancelled for Adyar,Public Transport
9195,Someone demanded a bribe for approval of a document in Kolathur,Corruption
9196,Abandoned building near Bazaar Street is unsafe for children,Public Safety
9197,Vaccination camp was cancelled without notice in Mylapore,Health
9198,Vaccination camp was cancelled without notice in the industrial estate,Health
9199,Construction debris left on Temple Street blocking traffic,Road Maintenance
9200,Garbage is overflowing near Gandhi Street in the housing board colony,Waste Management
9201,Dead animal left uncollected on School Lane in Porur,Waste Management
9202,Corruption reported in distribution of government scheme benefits in Perambur,Corruption
9203,Bus stop shelter near Station Road is damaged,Public Transport
9204,Primary health center in Perambur is understaffed,Health
9205,No science teacher appointed at Phase 2 school for 12 months,Education
9206,Water body near the industrial estate is being polluted by industrial waste,Environment
9207,New electricity connection is delayed in Guindy,Electricity
9208,School in the government school area lacks proper toilet facilities,Education
9209,Auto drivers are refusing to use the meter near Bazaar Street,Public Transport
9210,Billing error in electricity charges for Sector 5 residents,Electricity
9211,Government hospital near Temple Street lacks basic medicines,Health
9212,Segregated waste is being mixed by collection staff in Block C,Waste Management
9213,"No signal at the school crossing near School Lane, Alwarpet",Traffic
9214,An officer at the counter is taking bribes for water connection approvals in near the temple,Corruption
9215,Transformer near Station Road in Anna Nagar is not working,Electricity
9216,Street light wiring is exposed and dangerous in Sector 5,Street Lighting
9217,Power supply tripped and not restored for 10 hours in Nungambakkam,Electricity
9218,Burning of waste is causing smoke in Egmore,Environment
9219,Illegal sand mining reported near Block C,Environment
9220,Primary health center in the industrial estate is understaffed,Health
9221,Frequent power cuts are occurring in Perambur,Electricity
9222,"Traffic signal is damaged at Bypass Road junction, near the temple",Traffic
9223,A clerk asked for extra money to process ration card in Alwarpet,Corruption
9224,Corruption reported in distribution of government scheme benefits in near the temple,Corruption
9225,Open manhole causing danger on Station Road in the old bus stand area,Public Safety
9226,Unsafe construction site near Station Road lacks barricades,Public Safety
9227,New electricity connection is delayed in Chromepet,Electricity
9228,Illegal dumping of waste is happening near MG Road,Waste Management
9229,No water connection provided despite application in T Nagar,Water Supply
9230,Overcrowded classrooms reported in Guindy government school,Education
9231,"No signal at the school crossing near Bazaar Street, the industrial estate",Traffic
9232,Noise pollution from construction near North Street at night,Environment
9233,Garbage collection truck has not come to the industrial estate for 13 days,Waste Management
9234,Abandoned building near MG Road is unsafe for children,Public Safety
9235,Government hospital near Bazaar Street lacks basic medicines,Health
9236,"New street light pole is needed on School Lane, Ambattur",Street Lighting
9237,Road divider near Main Road is broken,Road Maintenance
9238,"Street lights remain on during daytime in Nungambakkam, wasting power",Street Lighting
9239,Road divider near Park Avenue is broken,Road Maintenance
9240,Construction debris left on Park Avenue blocking traffic,Road Maintenance
9241,Street lights are not working on South Street in Nungambakkam,Street Lighting
9242,Overhead tank in Royapettah has not been cleaned in months,Water Supply
9243,Contaminated water is being supplied in Perambur,Water Supply
9244,Water body near the main market road is being polluted by industrial waste,Environment
9245,Illegal dumping of waste is happening near South Street,Waste Management
9246,Bribe was demanded for issuing a building permit in Ambattur,Corruption
9247,Zebra crossing markings have faded on Market Road,Traffic
9248,Last bus timing has been cancelled for the government school area,Public Transport
9249,Power supply tripped and not restored for 6 hours in Ward 12,Electricity
9250,Ambulance service is delayed in the panchayat office area,Health
9251,Garbage collection truck has not come to Royapettah for 11 days,Waste Management
9252,Exposed wires near Church Street pose a danger to residents,Electricity
9253,Deep pit left uncovered near Nehru Street in Royapettah,Public Safety
9254,"Low water pressure reported near Temple Street, Nungambakkam",Water Supply
9255,Money was demanded for processing a pension application in Mylapore,Corruption
9256,Signboards are missing at the South Street intersection,Traffic
9257,Long waiting times reported at Anna Nagar government hospital,Health
9258,Last bus timing has been cancelled for Chromepet,Public Transport
9259,New electricity connection is delayed in Anna Nagar,Electricity
9260,Plastic waste dumped near the water body in Royapettah,Environment
9261,Illegal tree cutting is happening near Bypass Road in Guindy,Environment
9262,Textbooks not distributed on time in Anna Nagar schools,Education
9263,Hospital in the government school area lacks cleanliness and hygiene,Health
9264,Live wire lying on Temple Street poses electrocution risk,Public Safety
9265,Bus stop shelter near MG Road is damaged,Public Transport
9266,Garbage is overflowing near Main Road in Anna Nagar,Waste Management
9267,Encroachment on the lake near Kolathur is destroying wetlands,Environment
9268,Illegal dumping of waste is happening near Temple Street,Waste Management
9269,Primary health center in Ambattur is understaffed,Health
9270,School building near Main Road needs urgent repair,Education
9271,Road divider near Market Road is broken,Road Maintenance
9272,Burning of waste is causing smoke in Anna Nagar,Environment
9273,Public dustbin near South Street is broken and overflowing,Waste Management
9274,Hospital in Porur lacks cleanliness and hygiene,Health
9275,Newly laid road on Bypass Road is already damaged,Road Maintenance
9276,Exposed wires near Market Road pose a danger to residents,Electricity
9277,Open manhole causing danger on Market Road in the housing board colony,Public Safety
9278,Air pollution levels are high near the factory in Egmore,Environment
9279,"No signal at the school crossing near Park Avenue, the railway station road",Traffic
9280,Electric pole near Market Road is leaning dangerously,Electricity
9281,Encroachment on the lake near Kodambakkam is destroying wetlands,Environment
9282,Bribe was demanded for issuing a building permit in Perambur,Corruption
9283,Teacher is absent regularly at the Nungambakkam government school,Education
9284,Voltage fluctuation is damaging appliances in Alwarpet,Electricity
9285,Traffic signal timing is too short at Gandhi Street,Traffic
9286,Ambulance service is delayed in Guindy,Health
9287,Electric pole near South Street is leaning dangerously,Electricity
9288,Long waiting times reported at Tambaram government hospital,Health
9289,Frequent power cuts are occurring in the old bus stand area,Electricity
9290,Street lights are not working on Bypass Road in Chromepet,Street Lighting
9291,Street light flickers continuously on MG Road,Street Lighting
9292,Unsafe construction site near Temple Street lacks barricades,Public Safety
9293,Illegal dumping of waste is happening near Main Road,Waste Management
9294,Long waiting times reported at Chromepet government hospital,Health
9295,Voltage fluctuation is damaging appliances in Ward 12,Electricity
9296,Leaking pipeline is wasting water on South Street,Water Supply
9297,Huge potholes on Ring Road in Porur,Road Maintenance
9298,Primary health center in Tambaram is understaffed,Health
9299,Primary health center in Egmore is understaffed,Health
9300,Bus conductor misbehaved with passengers on Velachery route,Public Transport
9301,Power supply tripped and not restored for 15 hours in Egmore,Electricity
9302,Bus conductor misbehaved with passengers on Egmore route,Public Transport
9303,"Low water pressure reported near Main Road, Perambur",Water Supply
9304,"No footpath available on Bypass Road, pedestrians face danger",Road Maintenance
9305,Traffic signal timing is too short at Ring Road,Traffic
9306,Illegal parking is causing traffic jams on Nehru Street,Traffic
9307,Ambulance service is delayed in T Nagar,Health
9308,Last bus timing has been cancelled for the industrial estate,Public Transport
9309,School building near Main Road needs urgent repair,Education
9310,No waste collection service provided in Mylapore colony,Waste Management
9311,Hospital in Egmore has no doctors available,Health
9312,Solar street lights installed in Mylapore are non functional,Street Lighting
9313,Waterlogging occurs on Ring Road during rains,Road Maintenance
9314,No specialist doctor visits the T Nagar health center,Health
9315,Speed breakers are missing near the school on School Lane,Road Maintenance
9316,"No signal at the school crossing near Ring Road, Anna Nagar",Traffic
9317,Voltage fluctuation is damaging appliances in Anna Nagar,Electricity
9318,Long waiting times reported at Chromepet government hospital,Health
9319,Dead animal left uncollected on Gandhi Street in near the temple,Waste Management
9320,Streetside electric meter is sparking in Anna Nagar,Electricity
9321,Teacher is absent regularly at the Mylapore government school,Education
9322,Traffic signal timing is too short at Bypass Road,Traffic
9323,Ambulance service is delayed in Anna Nagar,Health
9324,Noise pollution from construction near Gandhi Street at night,Environment
9325,Traffic signal timing is too short at MG Road,Traffic
9326,"No footpath available on Station Road, pedestrians face danger",Road Maintenance
9327,Money was demanded for processing a pension application in Phase 2,Corruption
9328,Segregated waste is being mixed by collection staff in Velachery,Waste Management
9329,Noise pollution from construction near Temple Street at night,Environment
9330,New electricity connection is delayed in T Nagar,Electricity
9331,Streetside electric meter is sparking in Anna Nagar,Electricity
9332,Open manhole causing danger on Main Road in Ward 12,Public Safety
9333,No security personnel at the public park in Guindy,Public Safety
9334,Water tanker did not arrive in Vadapalani as scheduled,Water Supply
9335,Bus frequency has reduced drastically on Velachery route,Public Transport
9336,Waterlogging occurs on Ring Road during rains,Road Maintenance
9337,Illegal sand mining reported near T Nagar,Environment
9338,Hospital in near the temple lacks cleanliness and hygiene,Health
9339,School building near Church Street needs urgent repair,Education
9340,Abandoned building near Park Avenue is unsafe for children,Public Safety
9341,Bus conductor misbehaved with passengers on Pallavaram route,Public Transport
9342,Ambulance service is delayed in Porur,Health
9343,Street light wiring is exposed and dangerous in Alwarpet,Street Lighting
9344,Primary health center in Perambur is understaffed,Health
9345,Long waiting times reported at Anna Nagar government hospital,Health
9346,Segregated waste is being mixed by collection staff in the industrial estate,Waste Management
9347,Bus stop shelter near North Street is damaged,Public Transport
9348,Garbage is overflowing near MG Road in Porur,Waste Management
9349,Road near South Street has not been repaired after monsoon,Road Maintenance
9350,Borewell in Vadapalani has run dry,Water Supply
9351,Construction debris left on MG Road blocking traffic,Road Maintenance
9352,Illegal sand mining reported near Velachery,Environment
9353,School in Perambur lacks proper toilet facilities,Education
9354,No specialist doctor visits the Kolathur health center,Health
9355,Hospital in Porur has no doctors available,Health
9356,"No footpath available on School Lane, pedestrians face danger",Road Maintenance
9357,Deep pit left uncovered near Ring Road in near the temple,Public Safety
9358,No waste collection service provided in Adyar colony,Waste Management
9359,Street lights are not working on Station Road in Tambaram,Street Lighting
9360,Noise pollution from construction near School Lane at night,Environment
9361,Electric pole near Nehru Street is leaning dangerously,Electricity
9362,Solar street lights installed in T Nagar are non functional,Street Lighting
9363,Noise pollution from construction near North Street at night,Environment
9364,Signboards are missing at the North Street intersection,Traffic
9365,Encroachment on the lake near Guindy is destroying wetlands,Environment
9366,Overcrowded classrooms reported in the old bus stand area government school,Education
9367,Ambulance service is delayed in Tambaram,Health
9368,Government hospital near Temple Street lacks basic medicines,Health
9369,"No signal at the school crossing near South Street, Ward 12",Traffic
9370,Plastic waste dumped near the water body in the panchayat office area,Environment
9371,Leaking pipeline is wasting water on Park Avenue,Water Supply
9372,Billing error in electricity charges for the panchayat office area residents,Electricity
9373,School in Guindy lacks proper toilet facilities,Education
9374,Water pipe burst near Park Avenue in the old bus stand area,Water Supply
9375,Bribe was demanded for issuing a building permit in Phase 2,Corruption
9376,Segregated waste is being mixed by collection staff in the old bus stand area,Waste Management
9377,Frequent power cuts are occurring in the old bus stand area,Electricity
9378,Air pollution levels are high near the factory in Kolathur,Environment
9379,Unsafe construction site near Ring Road lacks barricades,Public Safety
9380,Overhead tank in Tambaram has not been cleaned in months,Water Supply
9381,Traffic signal timing is too short at North Street,Traffic
9382,Billing error in electricity charges for Anna Nagar residents,Electricity
9383,No science teacher appointed at T Nagar school for 7 months,Education
9384,Signboards are missing at the MG Road intersection,Traffic
9385,Contaminated water is being supplied in T Nagar,Water Supply
9386,Electricity is unavailable in Egmore for the past 5 days,Electricity
9387,Road divider near Church Street is broken,Road Maintenance
9388,There is no drinking water in near the temple for the past 9 days,Water Supply
9389,Auto drivers are refusing to use the meter near Temple Street,Public Transport
9390,Live wire lying on MG Road poses electrocution risk,Public Safety
9391,Official at the Block C office is demanding money for a certificate,Corruption
9392,Auto drivers are refusing to use the meter near Park Avenue,Public Transport
9393,Hospital in Adyar has no doctors available,Health
9394,Street light flickers continuously on Park Avenue,Street Lighting
9395,Waterlogging occurs on Park Avenue during rains,Road Maintenance
9396,Road divider near MG Road is broken,Road Maintenance
9397,School lacks drinking water facility in Kodambakkam,Education
9398,Stray dogs are attacking residents in Tambaram,Public Safety
9399,Burning of waste is causing smoke in Sector 5,Environment
9400,Teacher is absent regularly at the Egmore government school,Education
9401,Government hospital near Park Avenue lacks basic medicines,Health
9402,Illegal tree cutting is happening near Bazaar Street in Saidapet,Environment
9403,School building near MG Road needs urgent repair,Education
9404,Huge potholes on Bypass Road in Adyar,Road Maintenance
9405,Bus conductor misbehaved with passengers on the government school area route,Public Transport
9406,Newly laid road on South Street is already damaged,Road Maintenance
9407,Road near South Street has not been repaired after monsoon,Road Maintenance
9408,Illegal parking is causing traffic jams on Main Road,Traffic
9409,Construction debris left on Station Road blocking traffic,Road Maintenance
9410,Dead animal left uncollected on Bazaar Street in Royapettah,Waste Management
9411,Electricity is unavailable in Block C for the past 9 days,Electricity
9412,Bus conductor misbehaved with passengers on Sector 5 route,Public Transport
9413,Dead animal left uncollected on Nehru Street in Block C,Waste Management
9414,No security personnel at the public park in the main market road,Public Safety
9415,Street lights are not working on Nehru Street in Sector 5,Street Lighting
9416,School in Pallavaram lacks proper toilet facilities,Education
9417,Street lights are not working on School Lane in Porur,Street Lighting
9418,Overcrowded buses are running on the Porur route,Public Transport
9419,Leaking pipeline is wasting water on MG Road,Water Supply
9420,Garbage is overflowing near Station Road in the government school area,Waste Management
9421,Money was demanded for processing a pension application in T Nagar,Corruption
9422,Signboards are missing at the Gandhi Street intersection,Traffic
9423,"Street lights remain on during daytime in Saidapet, wasting power",Street Lighting
9424,Overcrowded buses are running on the Velachery route,Public Transport
9425,Textbooks not distributed on time in Ambattur schools,Education
9426,Long waiting times reported at Royapettah government hospital,Health
9427,"Traffic signal is damaged at Park Avenue junction, Porur",Traffic
9428,Encroachment on the lake near Egmore is destroying wetlands,Environment
9429,Dead animal left uncollected on North Street in Saidapet,Waste Management
9430,No waste collection service provided in Royapettah colony,Waste Management
9431,Signboards are missing at the North Street intersection,Traffic
9432,Dumping ground near the panchayat office area is causing bad odor,Waste Management
9433,Water body near Guindy is being polluted by industrial waste,Environment
9434,Official at the Pallavaram office is demanding money for a certificate,Corruption
9435,Stray dogs are attacking residents in near the temple,Public Safety
9436,"Traffic signal is damaged at Station Road junction, Porur",Traffic
9437,Abandoned building near Temple Street is unsafe for children,Public Safety
9438,Overhead tank in Vadapalani has not been cleaned in months,Water Supply
9439,Money was demanded for processing a pension application in the main market road,Corruption
9440,Water tanker did not arrive in Ward 12 as scheduled,Water Supply
9441,Power supply tripped and not restored for 12 hours in Sector 5,Electricity
9442,School lacks drinking water facility in Royapettah,Education
9443,Hospital in the panchayat office area lacks cleanliness and hygiene,Health
9444,Unsafe construction site near Bypass Road lacks barricades,Public Safety
9445,Water supply has been irregular in the panchayat office area for 10 weeks,Water Supply
9446,Speed breakers are missing near the school on Park Avenue,Road Maintenance
9447,Solar street lights installed in Chromepet are non functional,Street Lighting
9448,Bus conductor misbehaved with passengers on Porur route,Public Transport
9449,Bus conductor misbehaved with passengers on Kolathur route,Public Transport
9450,Illegal sand mining reported near the railway station road,Environment
9451,Overcrowded buses are running on the the government school area route,Public Transport
9452,Power supply tripped and not restored for 15 hours in Pallavaram,Electricity
9453,Bus frequency has reduced drastically on Kodambakkam route,Public Transport
9454,Dead animal left uncollected on Temple Street in Egmore,Waste Management
9455,No specialist doctor visits the Chromepet health center,Health
9456,Transformer near North Street in Ward 12 is not working,Electricity
9457,School building near South Street needs urgent repair,Education
9458,School in Vadapalani lacks proper toilet facilities,Education
9459,Burning of waste is causing smoke in Sector 5,Environment
9460,Public dustbin near Station Road is broken and overflowing,Waste Management
9461,No traffic police present at busy junction near Market Road,Traffic
9462,Exposed wires near Gandhi Street pose a danger to residents,Electricity
9463,No security personnel at the public park in Perambur,Public Safety
9464,Overhead tank in Perambur has not been cleaned in months,Water Supply
9465,"Street lights remain on during daytime in the railway station road, wasting power",Street Lighting
9466,Someone demanded a bribe for approval of a document in Guindy,Corruption
9467,"Low water pressure reported near Market Road, Egmore",Water Supply
9468,Water pipe burst near Temple Street in Block C,Water Supply
9469,"New street light pole is needed on Gandhi Street, Kodambakkam",Street Lighting
9470,Dumping ground near the old bus stand area is causing bad odor,Waste Management
9471,Corruption reported in distribution of government scheme benefits in Royapettah,Corruption
9472,Encroachment on the lake near the main market road is destroying wetlands,Environment
9473,Electricity is unavailable in Ambattur for the past 15 days,Electricity
9474,Live wire lying on Bazaar Street poses electrocution risk,Public Safety
9475,Illegal tree cutting is happening near Station Road in T Nagar,Environment
9476,Encroachment on the lake near the industrial estate is destroying wetlands,Environment
9477,Deep pit left uncovered near Gandhi Street in Phase 2,Public Safety
9478,Traffic signal timing is too short at Main Road,Traffic
9479,Last bus timing has been cancelled for near the temple,Public Transport
9480,Primary health center in Alwarpet is understaffed,Health
9481,Illegal tree cutting is happening near MG Road in Kodambakkam,Environment
9482,Public dustbin near South Street is broken and overflowing,Waste Management
9483,Primary health center in Anna Nagar is understaffed,Health
9484,Solar street lights installed in Phase 2 are non functional,Street Lighting
9485,Teacher is absent regularly at the Adyar government school,Education
9486,Unsafe construction site near Ring Road lacks barricades,Public Safety
9487,Illegal tree cutting is happening near School Lane in T Nagar,Environment
9488,Water body near Perambur is being polluted by industrial waste,Environment
9489,Huge potholes on Main Road in Ambattur,Road Maintenance
9490,Illegal tree cutting is happening near Gandhi Street in Ward 12,Environment
9491,"No signal at the school crossing near Main Road, Nungambakkam",Traffic
9492,Abandoned building near South Street is unsafe for children,Public Safety
9493,New electricity connection is delayed in Velachery,Electricity
9494,No bus service available to Kodambakkam after 8 pm,Public Transport
9495,Waterlogging occurs on Bypass Road during rains,Road Maintenance
9496,Garbage is overflowing near Gandhi Street in the housing board colony,Waste Management
9497,Textbooks not distributed on time in Egmore schools,Education
9498,Bus service is irregular on the Kolathur route,Public Transport
9499,Stray dogs are attacking residents in the government school area,Public Safety
9500,Abandoned building near Main Road is unsafe for children,Public Safety
9501,Electric pole near Station Road is leaning dangerously,Electricity
9502,Street light wiring is exposed and dangerous in Chromepet,Street Lighting
9503,Bus service is irregular on the Anna Nagar route,Public Transport
9504,Frequent traffic congestion on Station Road during peak hours,Traffic
9505,Bus service is irregular on the Royapettah route,Public Transport
9506,Abandoned building near Park Avenue is unsafe for children,Public Safety
9507,Construction debris left on MG Road blocking traffic,Road Maintenance
9508,Voltage fluctuation is damaging appliances in Kodambakkam,Electricity
9509,Mid day meal quality is poor at Mylapore school,Education
9510,Newly laid road on Main Road is already damaged,Road Maintenance
9511,Textbooks not distributed on time in near the temple schools,Education
9512,Official at the Velachery office is demanding money for a certificate,Corruption
9513,Live wire lying on School Lane poses electrocution risk,Public Safety
9514,An officer at the counter asked for extra money to process ration card in the panchayat office area,Corruption
9515,Voltage fluctuation is damaging appliances in Kodambakkam,Electricity
9516,Money was demanded for processing a pension application in Anna Nagar,Corruption
9517,Overcrowded classrooms reported in near the temple government school,Education
9518,School in Velachery lacks proper toilet facilities,Education
9519,Overcrowded classrooms reported in Phase 2 government school,Education
9520,Traffic signal timing is too short at North Street,Traffic
9521,Air pollution levels are high near the factory in the main market road,Environment
9522,Teacher is absent regularly at the Alwarpet government school,Education
9523,New electricity connection is delayed in Ambattur,Electricity
9524,Overcrowded classrooms reported in Ambattur government school,Education
9525,Overcrowded buses are running on the Mylapore route,Public Transport
9526,Bus frequency has reduced drastically on Nungambakkam route,Public Transport
9527,"Street lights remain on during daytime in Royapettah, wasting power",Street Lighting
9528,Power supply tripped and not restored for 12 hours in Chromepet,Electricity
9529,Solar street lights installed in Kodambakkam are non functional,Street Lighting
9530,Road divider near Gandhi Street is broken,Road Maintenance
9531,No bus service available to Velachery after 8 pm,Public Transport
9532,Money was demanded for processing a pension application in Sector 5,Corruption
9533,No waste collection service provided in Perambur colony,Waste Management
9534,Road near School Lane has not been repaired after monsoon,Road Maintenance
9535,Broken compound wall near School Lane is a safety hazard,Public Safety
9536,Hospital in Kodambakkam has no doctors available,Health
9537,Electricity is unavailable in Phase 2 for the past 5 days,Electricity
9538,Plastic waste dumped near the water body in Anna Nagar,Environment
9539,School building near Church Street needs urgent repair,Education
9540,Bus service is irregular on the Nungambakkam route,Public Transport
9541,Plastic waste dumped near the water body in Porur,Environment
9542,Hospital in the industrial estate has no doctors available,Health
9543,Huge potholes on Gandhi Street in Ambattur,Road Maintenance
9544,Unsafe construction site near Temple Street lacks barricades,Public Safety
9545,Overcrowded buses are running on the Sector 5 route,Public Transport
9546,Water body near Ambattur is being polluted by industrial waste,Environment
9547,Zebra crossing markings have faded on Nehru Street,Traffic
9548,Overhead tank in T Nagar has not been cleaned in months,Water Supply
9549,No waste collection service provided in Egmore colony,Waste Management
9550,Frequent traffic congestion on School Lane during peak hours,Traffic
9551,Water body near Perambur is being polluted by industrial waste,Environment
9552,Corruption reported in distribution of government scheme benefits in Kolathur,Corruption
9553,Burning of waste is causing smoke in Mylapore,Environment
9554,Someone demanded a bribe for approval of a document in the panchayat office area,Corruption
9555,Ambulance service is delayed in Phase 2,Health
9556,Unsafe construction site near Market Road lacks barricades,Public Safety
9557,Speed breakers are missing near the school on Church Street,Road Maintenance
9558,Money was demanded for processing a pension application in Nungambakkam,Corruption
9559,Segregated waste is being mixed by collection staff in Porur,Waste Management
9560,Ambulance service is delayed in Phase 2,Health
9561,Huge potholes on Station Road in Pallavaram,Road Maintenance
9562,No water connection provided despite application in the main market road,Water Supply
9563,Overcrowded classrooms reported in Kolathur government school,Education
9564,Overcrowded buses are running on the Ambattur route,Public Transport
9565,Money was demanded for processing a pension application in Phase 2,Corruption
9566,Illegal parking is causing traffic jams on Bazaar Street,Traffic
9567,Voltage fluctuation is damaging appliances in Perambur,Electricity
9568,New electricity connection is delayed in Adyar,Electricity
9569,Garbage collection truck has not come to Ward 12 for 11 days,Waste Management
9570,No bus service available to Phase 2 after 8 pm,Public Transport
9571,Corruption reported in distribution of government scheme benefits in Tambaram,Corruption
9572,Money was demanded for processing a pension application in the railway station road,Corruption
9573,2 street lights have been off for weeks near North Street,Street Lighting
9574,Illegal dumping of waste is happening near School Lane,Waste Management
9575,Water tanker did not arrive in Sector 5 as scheduled,Water Supply
9576,Unsafe construction site near Main Road lacks barricades,Public Safety
9577,School lacks drinking water facility in Anna Nagar,Education
9578,Government hospital near Nehru Street lacks basic medicines,Health
9579,Road near Temple Street has not been repaired after monsoon,Road Maintenance
9580,School lacks drinking water facility in Guindy,Education
9581,School in Adyar lacks proper toilet facilities,Education
9582,Segregated waste is being mixed by collection staff in Anna Nagar,Waste Management
9583,Overcrowded classrooms reported in Block C government school,Education
9584,Encroachment on the lake near T Nagar is destroying wetlands,Environment
9585,Deep pit left uncovered near School Lane in Pallavaram,Public Safety
9586,Ambulance service is delayed in Adyar,Health
9587,Street lights are not working on Temple Street in the industrial estate,Street Lighting
9588,Signboards are missing at the Bazaar Street intersection,Traffic
9589,14 street lights have been off for weeks near MG Road,Street Lighting
9590,"New street light pole is needed on Bypass Road, Ward 12",Street Lighting
9591,Construction debris left on Station Road blocking traffic,Road Maintenance
9592,Construction debris left on Bazaar Street blocking traffic,Road Maintenance
9593,Overcrowded buses are running on the Saidapet route,Public Transport
9594,"Street lights remain on during daytime in Tambaram, wasting power",Street Lighting
9595,Street light flickers continuously on Station Road,Street Lighting
9596,Signboards are missing at the MG Road intersection,Traffic
9597,Garbage is overflowing near Ring Road in Nungambakkam,Waste Management
9598,Speed breakers are missing near the school on Station Road,Road Maintenance
9599,No bus service available to Anna Nagar after 8 pm,Public Transport
9600,Water body near the housing board colony is being polluted by industrial waste,Environment
9601,Illegal sand mining reported near Pallavaram,Environment
9602,Textbooks not distributed on time in the industrial estate schools,Education
9603,An officer at the counter asked for extra money to process ration card in Ward 12,Corruption
9604,Voltage fluctuation is damaging appliances in Nungambakkam,Electricity
9605,Contaminated water is being supplied in Ward 12,Water Supply
9606,Ambulance service is delayed in near the temple,Health
9607,Dumping ground near Egmore is causing bad odor,Waste Management
9608,Corruption reported in distribution of government scheme benefits in the panchayat office area,Corruption
9609,Water body near the industrial estate is being polluted by industrial waste,Environment
9610,Waterlogging occurs on Temple Street during rains,Road Maintenance
9611,Construction debris left on School Lane blocking traffic,Road Maintenance
9612,Official at the Pallavaram office is demanding money for a certificate,Corruption
9613,Huge potholes on MG Road in the government school area,Road Maintenance
9614,An officer at the counter asked for extra money to process ration card in the main market road,Corruption
9615,No water connection provided despite application in the panchayat office area,Water Supply
9616,Zebra crossing markings have faded on Bypass Road,Traffic
9617,Billing error in electricity charges for Velachery residents,Electricity
9618,Power supply tripped and not restored for 3 hours in Sector 5,Electricity
9619,Streetside electric meter is sparking in the industrial estate,Electricity
9620,Transformer near Bypass Road in Mylapore is not working,Electricity
9621,Unsafe construction site near South Street lacks barricades,Public Safety
9622,Plastic waste dumped near the water body in Nungambakkam,Environment
9623,Plastic waste dumped near the water body in Adyar,Environment
9624,Traffic signal timing is too short at Ring Road,Traffic
9625,Water body near T Nagar is being polluted by industrial waste,Environment
9626,Stray dogs are attacking residents in Block C,Public Safety
9627,No science teacher appointed at Block C school for 10 months,Education
9628,"Low water pressure reported near Bazaar Street, Guindy",Water Supply
9629,Live wire lying on Bypass Road poses electrocution risk,Public Safety
9630,Noise pollution from construction near South Street at night,Environment
9631,School lacks drinking water facility in Block C,Education
9632,School building near Market Road needs urgent repair,Education
9633,Corruption reported in distribution of government scheme benefits in the industrial estate,Corruption
9634,Street light flickers continuously on Bazaar Street,Street Lighting
9635,Newly laid road on Nehru Street is already damaged,Road Maintenance
9636,Illegal dumping of waste is happening near Main Road,Waste Management
9637,Huge potholes on Station Road in the panchayat office area,Road Maintenance
9638,Borewell in Nungambakkam has run dry,Water Supply
9639,Frequent power cuts are occurring in Guindy,Electricity
9640,Newly laid road on South Street is already damaged,Road Maintenance
9641,Illegal parking is causing traffic jams on Bazaar Street,Traffic
9642,Frequent power cuts are occurring in the railway station road,Electricity
9643,No traffic police present at busy junction near North Street,Traffic
9644,Road near Bazaar Street has not been repaired after monsoon,Road Maintenance
9645,Long waiting times reported at Adyar government hospital,Health
9646,Speed breakers are missing near the school on Gandhi Street,Road Maintenance
9647,Textbooks not distributed on time in Kodambakkam schools,Education
9648,No security personnel at the public park in Kodambakkam,Public Safety
9649,No traffic police present at busy junction near Park Avenue,Traffic
9650,Broken compound wall near Bazaar Street is a safety hazard,Public Safety
9651,Primary health center in T Nagar is understaffed,Health
9652,Dark stretch on Bazaar Street due to broken street lights,Street Lighting
9653,Live wire lying on School Lane poses electrocution risk,Public Safety
9654,Ambulance service is delayed in Alwarpet,Health
9655,No traffic police present at busy junction near Nehru Street,Traffic
9656,No security personnel at the public park in Vadapalani,Public Safety
9657,Street light wiring is exposed and dangerous in Phase 2,Street Lighting
9658,Overcrowded classrooms reported in Nungambakkam government school,Education
9659,"Low water pressure reported near Ring Road, the railway station road",Water Supply
9660,Streetside electric meter is sparking in Sector 5,Electricity
9661,Air pollution levels are high near the factory in T Nagar,Environment
9662,Teacher is absent regularly at the T Nagar government school,Education
9663,Billing error in electricity charges for Nungambakkam residents,Electricity
9664,Contaminated water is being supplied in Porur,Water Supply
9665,Official at the the old bus stand area office is demanding money for a certificate,Corruption
9666,Street light flickers continuously on Gandhi Street,Street Lighting
9667,Segregated waste is being mixed by collection staff in near the temple,Waste Management
9668,No water connection provided despite application in the industrial estate,Water Supply
9669,No security personnel at the public park in Vadapalani,Public Safety
9670,Encroachment on the lake near Mylapore is destroying wetlands,Environment
9671,Bus stop shelter near Bazaar Street is damaged,Public Transport
9672,Overcrowded buses are running on the Block C route,Public Transport
9673,Road near Bypass Road has not been repaired after monsoon,Road Maintenance
9674,Official at the Ambattur office is demanding money for a certificate,Corruption
9675,Dark stretch on Park Avenue due to broken street lights,Street Lighting
9676,Huge potholes on North Street in Phase 2,Road Maintenance
9677,Construction debris left on Temple Street blocking traffic,Road Maintenance
9678,Auto drivers are refusing to use the meter near Temple Street,Public Transport
9679,Encroachment on the lake near Egmore is destroying wetlands,Environment
9680,Garbage collection truck has not come to Phase 2 for 15 days,Waste Management
9681,Billing error in electricity charges for Ambattur residents,Electricity
9682,No security personnel at the public park in Ambattur,Public Safety
9683,Official at the Royapettah office is demanding money for a certificate,Corruption
9684,No science teacher appointed at the government school area school for 3 months,Education
9685,Waterlogging occurs on Nehru Street during rains,Road Maintenance
9686,"New street light pole is needed on School Lane, Chromepet",Street Lighting
9687,Dumping ground near near the temple is causing bad odor,Waste Management
9688,Overcrowded classrooms reported in Vadapalani government school,Education
9689,Plastic waste dumped near the water body in Nungambakkam,Environment
9690,Solar street lights installed in the housing board colony are non functional,Street Lighting
9691,No science teacher appointed at Mylapore school for 9 months,Education
9692,Hospital in Phase 2 lacks cleanliness and hygiene,Health
9693,Dumping ground near the old bus stand area is causing bad odor,Waste Management
9694,Segregated waste is being mixed by collection staff in Ambattur,Waste Management
9695,Long waiting times reported at the housing board colony government hospital,Health
9696,Primary health center in Mylapore is understaffed,Health
9697,Hospital in Guindy has no doctors available,Health
9698,No science teacher appointed at the main market road school for 9 months,Education
9699,There is no drinking water in Egmore for the past 7 days,Water Supply
9700,Public dustbin near MG Road is broken and overflowing,Waste Management
9701,Stray dogs are attacking residents in Perambur,Public Safety
9702,"New street light pole is needed on Park Avenue, Vadapalani",Street Lighting
9703,Corruption reported in distribution of government scheme benefits in Kolathur,Corruption
9704,Bribe was demanded for issuing a building permit in the housing board colony,Corruption
9705,Stray dogs are attacking residents in the main market road,Public Safety
9706,Bus service is irregular on the Vadapalani route,Public Transport
9707,Corruption reported in distribution of government scheme benefits in Adyar,Corruption
9708,Live wire lying on Main Road poses electrocution risk,Public Safety
9709,Plastic waste dumped near the water body in Velachery,Environment
9710,"Street lights remain on during daytime in Mylapore, wasting power",Street Lighting
9711,Traffic signal timing is too short at Bypass Road,Traffic
9712,"No signal at the school crossing near MG Road, the railway station road",Traffic
9713,Ambulance service is delayed in Vadapalani,Health
9714,Construction debris left on South Street blocking traffic,Road Maintenance
9715,Official at the the panchayat office area office is demanding money for a certificate,Corruption
9716,Contaminated water is being supplied in Velachery,Water Supply
9717,Bus conductor misbehaved with passengers on Block C route,Public Transport
9718,"No footpath available on Nehru Street, pedestrians face danger",Road Maintenance
9719,Broken compound wall near Main Road is a safety hazard,Public Safety
9720,Segregated waste is being mixed by collection staff in Tambaram,Waste Management
9721,Open manhole causing danger on Temple Street in Block C,Public Safety
9722,Bus conductor misbehaved with passengers on Ward 12 route,Public Transport
9723,There is no drinking water in Kolathur for the past 10 days,Water Supply
9724,Noise pollution from construction near Bazaar Street at night,Environment
9725,Solar street lights installed in Velachery are non functional,Street Lighting
9726,No specialist doctor visits the Pallavaram health center,Health
9727,Someone demanded a bribe for approval of a document in Royapettah,Corruption
9728,Bus service is irregular on the Vadapalani route,Public Transport
9729,Huge potholes on North Street in Royapettah,Road Maintenance
9730,Air pollution levels are high near the factory in the railway station road,Environment
9731,No specialist doctor visits the Sector 5 health center,Health
9732,Hospital in Porur has no doctors available,Health
9733,Abandoned building near Ring Road is unsafe for children,Public Safety
9734,Road divider near MG Road is broken,Road Maintenance
9735,Frequent power cuts are occurring in Egmore,Electricity
9736,School building near Main Road needs urgent repair,Education
9737,Garbage is overflowing near Church Street in Tambaram,Waste Management
9738,Transformer near Bypass Road in Tambaram is not working,Electricity
9739,No traffic police present at busy junction near Temple Street,Traffic
9740,Hospital in Anna Nagar lacks cleanliness and hygiene,Health
9741,Illegal tree cutting is happening near Main Road in Chromepet,Environment
9742,A municipal worker asked for extra money to process ration card in Alwarpet,Corruption
9743,"Traffic signal is damaged at Park Avenue junction, Anna Nagar",Traffic
9744,Dark stretch on Temple Street due to broken street lights,Street Lighting
9745,Illegal tree cutting is happening near Park Avenue in T Nagar,Environment
9746,Water supply has been irregular in Guindy for 12 weeks,Water Supply
9747,Construction debris left on Ring Road blocking traffic,Road Maintenance
9748,Street light flickers continuously on Market Road,Street Lighting
9749,Street light wiring is exposed and dangerous in Sector 5,Street Lighting
9750,Garbage is overflowing near Station Road in Kodambakkam,Waste Management
9751,Overcrowded buses are running on the the panchayat office area route,Public Transport
9752,Live wire lying on Park Avenue poses electrocution risk,Public Safety
9753,Unsafe construction site near Park Avenue lacks barricades,Public Safety
9754,No specialist doctor visits the Ambattur health center,Health
9755,Someone demanded a bribe for approval of a document in the housing board colony,Corruption
9756,Water tanker did not arrive in Perambur as scheduled,Water Supply
9757,Bus stop shelter near Bypass Road is damaged,Public Transport
9758,No traffic police present at busy junction near School Lane,Traffic
9759,Vaccination camp was cancelled without notice in the government school area,Health
9760,Voltage fluctuation is damaging appliances in Guindy,Electricity
9761,No traffic police present at busy junction near Temple Street,Traffic
9762,Primary health center in Royapettah is understaffed,Health
9763,Deep pit left uncovered near Nehru Street in Ambattur,Public Safety
9764,Illegal sand mining reported near Block C,Environment
9765,Road divider near Park Avenue is broken,Road Maintenance
9766,"Traffic signal is damaged at Nehru Street junction, Kodambakkam",Traffic
9767,Electric pole near Temple Street is leaning dangerously,Electricity
9768,Bus frequency has reduced drastically on Guindy route,Public Transport
9769,Unsafe construction site near Bazaar Street lacks barricades,Public Safety
9770,"No signal at the school crossing near Gandhi Street, Alwarpet",Traffic
9771,Water tanker did not arrive in Egmore as scheduled,Water Supply
9772,Speed breakers are missing near the school on Temple Street,Road Maintenance
9773,Exposed wires near North Street pose a danger to residents,Electricity
9774,Money was demanded for processing a pension application in Guindy,Corruption
9775,Plastic waste dumped near the water body in Ward 12,Environment
9776,Bus stop shelter near Market Road is damaged,Public Transport
9777,No specialist doctor visits the the housing board colony health center,Health
9778,Mid day meal quality is poor at Kolathur school,Education
9779,9 street lights have been off for weeks near Main Road,Street Lighting
9780,Encroachment on the lake near near the temple is destroying wetlands,Environment
9781,Last bus timing has been cancelled for Vadapalani,Public Transport
9782,Textbooks not distributed on time in Sector 5 schools,Education
9783,Primary health center in Guindy is understaffed,Health
9784,Overcrowded classrooms reported in Guindy government school,Education
9785,Traffic signal timing is too short at Temple Street,Traffic
9786,Streetside electric meter is sparking in Kodambakkam,Electricity
9787,Road divider near Church Street is broken,Road Maintenance
9788,Speed breakers are missing near the school on Bypass Road,Road Maintenance
9789,Water tanker did not arrive in Ward 12 as scheduled,Water Supply
9790,Solar street lights installed in the government school area are non functional,Street Lighting
9791,Abandoned building near Station Road is unsafe for children,Public Safety
9792,"Low water pressure reported near Main Road, Tambaram",Water Supply
9793,Hospital in Porur has no doctors available,Health
9794,Garbage collection truck has not come to Kodambakkam for 3 days,Waste Management
9795,New electricity connection is delayed in Chromepet,Electricity
9796,Bus conductor misbehaved with passengers on near the temple route,Public Transport
9797,No security personnel at the public park in Velachery,Public Safety
9798,No traffic police present at busy junction near Ring Road,Traffic
9799,Live wire lying on Station Road poses electrocution risk,Public Safety
9800,Corruption reported in distribution of government scheme benefits in Kolathur,Corruption
9801,No traffic police present at busy junction near Ring Road,Traffic
9802,School in Royapettah lacks proper toilet facilities,Education
9803,Electricity is unavailable in the housing board colony for the past 7 days,Electricity
9804,Public dustbin near Park Avenue is broken and overflowing,Waste Management
9805,Vaccination camp was cancelled without notice in Kolathur,Health
9806,Dead animal left uncollected on Ring Road in the main market road,Waste Management
9807,Someone demanded a bribe for approval of a document in Chromepet,Corruption
9808,Deep pit left uncovered near MG Road in the housing board colony,Public Safety
9809,Bus frequency has reduced drastically on Chromepet route,Public Transport
9810,Street light wiring is exposed and dangerous in Kolathur,Street Lighting
9811,"New street light pole is needed on Main Road, the panchayat office area",Street Lighting
9812,Noise pollution from construction near Park Avenue at night,Environment
9813,Street light flickers continuously on North Street,Street Lighting
9814,No traffic police present at busy junction near Gandhi Street,Traffic
9815,School building near Ring Road needs urgent repair,Education
9816,Overcrowded classrooms reported in Ambattur government school,Education
9817,No science teacher appointed at Guindy school for 7 months,Education
9818,Frequent traffic congestion on Church Street during peak hours,Traffic
9819,Garbage collection truck has not come to Ambattur for 2 days,Waste Management
9820,Transformer near North Street in Kodambakkam is not working,Electricity
9821,"Street lights remain on during daytime in the railway station road, wasting power",Street Lighting
9822,Water tanker did not arrive in the industrial estate as scheduled,Water Supply
9823,Overcrowded classrooms reported in Perambur government school,Education
9824,"Traffic signal is damaged at Nehru Street junction, the railway station road",Traffic
9825,Broken compound wall near Nehru Street is a safety hazard,Public Safety
9826,School building near Bazaar Street needs urgent repair,Education
9827,School in Royapettah lacks proper toilet facilities,Education
9828,New electricity connection is delayed in the panchayat office area,Electricity
9829,Voltage fluctuation is damaging appliances in Adyar,Electricity
9830,Waterlogging occurs on School Lane during rains,Road Maintenance
9831,7 street lights have been off for weeks near Park Avenue,Street Lighting
9832,Garbage collection truck has not come to Kolathur for 4 days,Waste Management
9833,Water pipe burst near MG Road in Adyar,Water Supply
9834,Stray dogs are attacking residents in Sector 5,Public Safety
9835,Abandoned building near Nehru Street is unsafe for children,Public Safety
9836,Mid day meal quality is poor at Block C school,Education
9837,Corruption reported in distribution of government scheme benefits in Sector 5,Corruption
9838,Bus stop shelter near Nehru Street is damaged,Public Transport
9839,Construction debris left on Ring Road blocking traffic,Road Maintenance
9840,No security personnel at the public park in Chromepet,Public Safety
9841,No bus service available to Mylapore after 8 pm,Public Transport
9842,Borewell in Pallavaram has run dry,Water Supply
9843,Street lights are not working on Market Road in Vadapalani,Street Lighting
9844,Official at the Porur office is demanding money for a certificate,Corruption
9845,Overhead tank in Kodambakkam has not been cleaned in months,Water Supply
9846,Bus conductor misbehaved with passengers on Anna Nagar route,Public Transport
9847,There is no drinking water in the old bus stand area for the past 6 days,Water Supply
9848,No traffic police present at busy junction near Gandhi Street,Traffic
9849,Speed breakers are missing near the school on MG Road,Road Maintenance
9850,Garbage collection truck has not come to the panchayat office area for 7 days,Waste Management
9851,Borewell in Royapettah has run dry,Water Supply
9852,Frequent traffic congestion on Ring Road during peak hours,Traffic
9853,Street light wiring is exposed and dangerous in T Nagar,Street Lighting
9854,Money was demanded for processing a pension application in the industrial estate,Corruption
9855,No water connection provided despite application in Saidapet,Water Supply
9856,Air pollution levels are high near the factory in Royapettah,Environment
9857,Bus conductor misbehaved with passengers on Block C route,Public Transport
9858,There is no drinking water in the government school area for the past 13 days,Water Supply
9859,Live wire lying on Temple Street poses electrocution risk,Public Safety
9860,Money was demanded for processing a pension application in the industrial estate,Corruption
9861,Official at the Nungambakkam office is demanding money for a certificate,Corruption
9862,Auto drivers are refusing to use the meter near Station Road,Public Transport
9863,Contaminated water is being supplied in Sector 5,Water Supply
9864,Bribe was demanded for issuing a building permit in Phase 2,Corruption
9865,No water connection provided despite application in the housing board colony,Water Supply
9866,Water tanker did not arrive in the housing board colony as scheduled,Water Supply
9867,Construction debris left on North Street blocking traffic,Road Maintenance
9868,Stray dogs are attacking residents in Block C,Public Safety
9869,Plastic waste dumped near the water body in Tambaram,Environment
9870,Street light wiring is exposed and dangerous in Perambur,Street Lighting
9871,Corruption reported in distribution of government scheme benefits in the railway station road,Corruption
9872,Primary health center in the railway station road is understaffed,Health
9873,Solar street lights installed in Porur are non functional,Street Lighting
9874,"Street lights remain on during daytime in Porur, wasting power",Street Lighting
9875,Someone demanded a bribe for approval of a document in Kolathur,Corruption
9876,"Traffic signal is damaged at Church Street junction, the government school area",Traffic
9877,No science teacher appointed at Alwarpet school for 10 months,Education
9878,"No footpath available on Temple Street, pedestrians face danger",Road Maintenance
9879,Speed breakers are missing near the school on Bazaar Street,Road Maintenance
9880,Broken compound wall near Main Road is a safety hazard,Public Safety
9881,A municipal worker asked for extra money to process ration card in Nungambakkam,Corruption
9882,Contaminated water is being supplied in Pallavaram,Water Supply
9883,Signboards are missing at the Main Road intersection,Traffic
9884,An officer at the counter asked for extra money to process ration card in Velachery,Corruption
9885,Someone demanded a bribe for approval of a document in Royapettah,Corruption
9886,Frequent power cuts are occurring in Tambaram,Electricity
9887,School in Porur lacks proper toilet facilities,Education
9888,Live wire lying on Bypass Road poses electrocution risk,Public Safety
9889,Illegal dumping of waste is happening near Ring Road,Waste Management
9890,"Street lights remain on during daytime in Alwarpet, wasting power",Street Lighting
9891,Official at the Phase 2 office is demanding money for a certificate,Corruption
9892,Signboards are missing at the Nehru Street intersection,Traffic
9893,"Street lights remain on during daytime in Perambur, wasting power",Street Lighting
9894,No water connection provided despite application in Kodambakkam,Water Supply
9895,Exposed wires near School Lane pose a danger to residents,Electricity
9896,Official at the Kodambakkam office is demanding money for a certificate,Corruption
9897,Overhead tank in Ambattur has not been cleaned in months,Water Supply
9898,No science teacher appointed at Ward 12 school for 5 months,Education
9899,Illegal parking is causing traffic jams on Gandhi Street,Traffic
9900,7 street lights have been off for weeks near Church Street,Street Lighting
9901,15 street lights have been off for weeks near Nehru Street,Street Lighting
9902,"Street lights remain on during daytime in Saidapet, wasting power",Street Lighting
9903,Newly laid road on School Lane is already damaged,Road Maintenance
9904,Last bus timing has been cancelled for Kodambakkam,Public Transport
9905,Overcrowded classrooms reported in Nungambakkam government school,Education
9906,Street light flickers continuously on Station Road,Street Lighting
9907,Bus service is irregular on the Kolathur route,Public Transport
9908,Streetside electric meter is sparking in Alwarpet,Electricity
9909,Hospital in Phase 2 has no doctors available,Health
9910,Zebra crossing markings have faded on Ring Road,Traffic
9911,Ambulance service is delayed in the housing board colony,Health
9912,Transformer near Station Road in Mylapore is not working,Electricity
9913,School building near Market Road needs urgent repair,Education
9914,No traffic police present at busy junction near School Lane,Traffic
9915,Illegal dumping of waste is happening near Park Avenue,Waste Management
9916,"Street lights remain on during daytime in the government school area, wasting power",Street Lighting
9917,No waste collection service provided in the government school area colony,Waste Management
9918,School in near the temple lacks proper toilet facilities,Education
9919,Air pollution levels are high near the factory in Pallavaram,Environment
9920,Frequent power cuts are occurring in Adyar,Electricity
9921,Water supply has been irregular in near the temple for 4 weeks,Water Supply
9922,Official at the Ward 12 office is demanding money for a certificate,Corruption
9923,Bus conductor misbehaved with passengers on the old bus stand area route,Public Transport
9924,Road divider near Main Road is broken,Road Maintenance
9925,Signboards are missing at the Nehru Street intersection,Traffic
9926,Illegal dumping of waste is happening near MG Road,Waste Management
9927,School building near Park Avenue needs urgent repair,Education
9928,Garbage collection truck has not come to the housing board colony for 6 days,Waste Management
9929,Billing error in electricity charges for Velachery residents,Electricity
9930,Road near South Street has not been repaired after monsoon,Road Maintenance
9931,Bus service is irregular on the Anna Nagar route,Public Transport
9932,Live wire lying on North Street poses electrocution risk,Public Safety
9933,Road divider near Station Road is broken,Road Maintenance
9934,Corruption reported in distribution of government scheme benefits in Tambaram,Corruption
9935,Air pollution levels are high near the factory in near the temple,Environment
9936,Garbage is overflowing near Park Avenue in Porur,Waste Management
9937,No security personnel at the public park in the panchayat office area,Public Safety
9938,Electric pole near Church Street is leaning dangerously,Electricity
9939,Government hospital near Park Avenue lacks basic medicines,Health
9940,School building near Bypass Road needs urgent repair,Education
9941,Stray dogs are attacking residents in the main market road,Public Safety
9942,Illegal sand mining reported near Sector 5,Environment
9943,Frequent power cuts are occurring in the main market road,Electricity
9944,Government hospital near Bypass Road lacks basic medicines,Health
9945,Billing error in electricity charges for Porur residents,Electricity
9946,Bus conductor misbehaved with passengers on the industrial estate route,Public Transport
9947,Bus stop shelter near Bazaar Street is damaged,Public Transport
9948,Public dustbin near Market Road is broken and overflowing,Waste Management
9949,Primary health center in Sector 5 is understaffed,Health
9950,Water pipe burst near Ring Road in Adyar,Water Supply
9951,Contaminated water is being supplied in Ambattur,Water Supply
9952,No science teacher appointed at Block C school for 10 months,Education
9953,Bus frequency has reduced drastically on Pallavaram route,Public Transport
9954,Road near Main Road has not been repaired after monsoon,Road Maintenance
9955,Primary health center in the government school area is understaffed,Health
9956,Dark stretch on North Street due to broken street lights,Street Lighting
9957,Deep pit left uncovered near Church Street in Tambaram,Public Safety
9958,Ambulance service is delayed in the housing board colony,Health
9959,Abandoned building near Market Road is unsafe for children,Public Safety
9960,Bus conductor misbehaved with passengers on Anna Nagar route,Public Transport
9961,Garbage is overflowing near Bypass Road in Anna Nagar,Waste Management
9962,School building near Nehru Street needs urgent repair,Education
9963,Broken compound wall near Market Road is a safety hazard,Public Safety
9964,A local shopkeeper is taking bribes for water connection approvals in Egmore,Corruption
9965,Unsafe construction site near Station Road lacks barricades,Public Safety
9966,Live wire lying on South Street poses electrocution risk,Public Safety
9967,Auto drivers are refusing to use the meter near Church Street,Public Transport
9968,Illegal dumping of waste is happening near North Street,Waste Management
9969,11 street lights have been off for weeks near Market Road,Street Lighting
9970,Power supply tripped and not restored for 8 hours in Phase 2,Electricity
9971,Zebra crossing markings have faded on Church Street,Traffic
9972,Frequent traffic congestion on Church Street during peak hours,Traffic
9973,Plastic waste dumped near the water body in Phase 2,Environment
9974,A local shopkeeper asked for extra money to process ration card in T Nagar,Corruption
9975,Hospital in the housing board colony lacks cleanliness and hygiene,Health
9976,No security personnel at the public park in the old bus stand area,Public Safety
9977,"Low water pressure reported near Park Avenue, Guindy",Water Supply
9978,Hospital in the old bus stand area lacks cleanliness and hygiene,Health
9979,Garbage is overflowing near Bypass Road in Phase 2,Waste Management
9980,No specialist doctor visits the Kodambakkam health center,Health
9981,No water connection provided despite application in Nungambakkam,Water Supply
9982,Encroachment on the lake near Block C is destroying wetlands,Environment
9983,Hospital in the panchayat office area lacks cleanliness and hygiene,Health
9984,Bus service is irregular on the Pallavaram route,Public Transport
9985,Leaking pipeline is wasting water on Bypass Road,Water Supply
9986,School lacks drinking water facility in T Nagar,Education
9987,"Low water pressure reported near Park Avenue, the housing board colony",Water Supply
9988,Street light wiring is exposed and dangerous in the industrial estate,Street Lighting
9989,Bus frequency has reduced drastically on Kodambakkam route,Public Transport
9990,6 street lights have been off for weeks near Market Road,Street Lighting
9991,Overcrowded classrooms reported in the railway station road government school,Education
9992,"Street lights remain on during daytime in the industrial estate, wasting power",Street Lighting
9993,Vaccination camp was cancelled without notice in Mylapore,Health
9994,Overcrowded buses are running on the T Nagar route,Public Transport
9995,Government hospital near Gandhi Street lacks basic medicines,Health
9996,No traffic police present at busy junction near Park Avenue,Traffic
9997,Hospital in Adyar has no doctors available,Health
9998,Abandoned building near Station Road is unsafe for children,Public Safety
9999,Corruption reported in distribution of government scheme benefits in Ward 12,Corruption
10000,Overcrowded classrooms reported in Vadapalani government school,Education
