Complaint,Department,Label
Signboards are missing at the Temple Street intersection,Traffic,9
Overhead tank in Anna Nagar has not been cleaned in months,Water Supply,11
Waterlogging occurs on Ring Road during rains,Road Maintenance,7
Billing error in electricity charges for Guindy residents,Electricity,2
Stray dogs are attacking residents in near the temple,Public Safety,5
Dead animal left uncollected on Bazaar Street in Anna Nagar,Waste Management,10
Garbage collection truck has not come to Guindy for 10 days,Waste Management,10
Vaccination camp was cancelled without notice in Egmore,Health,4
Frequent traffic congestion on Church Street during peak hours,Traffic,9
Dumping ground near Block C is causing bad odor,Waste Management,10
Textbooks not distributed on time in Ambattur schools,Education,1
School building near Bazaar Street needs urgent repair,Education,1
Frequent traffic congestion on Main Road during peak hours,Traffic,9
Solar street lights installed in the government school area are non functional,Street Lighting,8
Official at the the panchayat office area office is demanding money for a certificate,Corruption,0
Stray dogs are attacking residents in Kodambakkam,Public Safety,5
No science teacher appointed at Perambur school for 9 months,Education,1
Open manhole causing danger on Bazaar Street in Porur,Public Safety,5
4 street lights have been off for weeks near Ring Road,Street Lighting,8
No specialist doctor visits the T Nagar health center,Health,4
"No footpath available on Church Street, pedestrians face danger",Road Maintenance,7
Ambulance service is delayed in Royapettah,Health,4
2 street lights have been off for weeks near Main Road,Street Lighting,8
Waterlogging occurs on Temple Street during rains,Road Maintenance,7
"Traffic signal is damaged at Market Road junction, the railway station road",Traffic,9
Corruption reported in distribution of government scheme benefits in Phase 2,Corruption,0
Money was demanded for processing a pension application in the industrial estate,Corruption,0
No waste collection service provided in Tambaram colony,Waste Management,10
No traffic police present at busy junction near Bazaar Street,Traffic,9
Illegal tree cutting is happening near Gandhi Street in Ward 12,Environment,3
Unsafe construction site near School Lane lacks barricades,Public Safety,5
There is no drinking water in the main market road for the past 9 days,Water Supply,11
Mid day meal quality is poor at Saidapet school,Education,1
Electric pole near Ring Road is leaning dangerously,Electricity,2
No traffic police present at busy junction near Park Avenue,Traffic,9
No traffic police present at busy junction near School Lane,Traffic,9
New electricity connection is delayed in Nungambakkam,Electricity,2
School in Perambur lacks proper toilet facilities,Education,1
Bus conductor misbehaved with passengers on Ambattur route,Public Transport,6
No science teacher appointed at Royapettah school for 8 months,Education,1
Bus stop shelter near MG Road is damaged,Public Transport,6
Waterlogging occurs on Station Road during rains,Road Maintenance,7
Voltage fluctuation is damaging appliances in Mylapore,Electricity,2
Signboards are missing at the Church Street intersection,Traffic,9
Corruption reported in distribution of government scheme benefits in Royapettah,Corruption,0
Bus conductor misbehaved with passengers on Ward 12 route,Public Transport,6
Street light flickers continuously on Main Road,Street Lighting,8
Illegal tree cutting is happening near Church Street in Egmore,Environment,3
"No footpath available on Station Road, pedestrians face danger",Road Maintenance,7
Billing error in electricity charges for Vadapalani residents,Electricity,2
Traffic signal timing is too short at Station Road,Traffic,9
Open manhole causing danger on Main Road in Ambattur,Public Safety,5
Overcrowded buses are running on the the panchayat office area route,Public Transport,6
No science teacher appointed at Block C school for 3 months,Education,1
Mid day meal quality is poor at Kodambakkam school,Education,1
Billing error in electricity charges for Pallavaram residents,Electricity,2
Water supply has been irregular in the government school area for 3 weeks,Water Supply,11
Exposed wires near MG Road pose a danger to residents,Electricity,2
Illegal tree cutting is happening near Park Avenue in Anna Nagar,Environment,3
Bus conductor misbehaved with passengers on Sector 5 route,Public Transport,6
Illegal parking is causing traffic jams on Park Avenue,Traffic,9
Bus service is irregular on the Royapettah route,Public Transport,6
Unsafe construction site near Bypass Road lacks barricades,Public Safety,5
Dead animal left uncollected on South Street in the old bus stand area,Waste Management,10
No specialist doctor visits the the housing board colony health center,Health,4
Bribe was demanded for issuing a building permit in Pallavaram,Corruption,0
Bus frequency has reduced drastically on Chromepet route,Public Transport,6
Broken compound wall near Market Road is a safety hazard,Public Safety,5
Frequent traffic congestion on Market Road during peak hours,Traffic,9
"No signal at the school crossing near Market Road, the main market road",Traffic,9
Abandoned building near Bazaar Street is unsafe for children,Public Safety,5
Mid day meal quality is poor at Vadapalani school,Education,1
Huge potholes on Bazaar Street in the railway station road,Road Maintenance,7
Auto drivers are refusing to use the meter near Bypass Road,Public Transport,6
Overcrowded buses are running on the the government school area route,Public Transport,6
Hospital in Vadapalani has no doctors available,Health,4
Corruption reported in distribution of government scheme benefits in Ward 12,Corruption,0
Abandoned building near Park Avenue is unsafe for children,Public Safety,5
Solar street lights installed in the housing board colony are non functional,Street Lighting,8
Teacher is absent regularly at the Alwarpet government school,Education,1
Solar street lights installed in Kodambakkam are non functional,Street Lighting,8
Electricity is unavailable in Royapettah for the past 8 days,Electricity,2
Electric pole near South Street is leaning dangerously,Electricity,2
No security personnel at the public park in Vadapalani,Public Safety,5
Newly laid road on Bazaar Street is already damaged,Road Maintenance,7
School lacks drinking water facility in Guindy,Education,1
Road near Market Road has not been repaired after monsoon,Road Maintenance,7
Plastic waste dumped near the water body in Adyar,Environment,3
Primary health center in the housing board colony is understaffed,Health,4
Dark stretch on Station Road due to broken street lights,Street Lighting,8
Waterlogging occurs on MG Road during rains,Road Maintenance,7
No bus service available to Kolathur after 8 pm,Public Transport,6
Ambulance service is delayed in Sector 5,Health,4
Road near Park Avenue has not been repaired after monsoon,Road Maintenance,7
Hospital in Royapettah lacks cleanliness and hygiene,Health,4
Abandoned building near Bypass Road is unsafe for children,Public Safety,5
Live wire lying on Park Avenue poses electrocution risk,Public Safety,5
Burning of waste is causing smoke in Block C,Environment,3
Official at the Nungambakkam office is demanding money for a certificate,Corruption,0
Bus stop shelter near Bypass Road is damaged,Public Transport,6
Hospital in Ambattur has no doctors available,Health,4
Abandoned building near Gandhi Street is unsafe for children,Public Safety,5
Long waiting times reported at Kolathur government hospital,Health,4
"No signal at the school crossing near Gandhi Street, the housing board colony",Traffic,9
No bus service available to Anna Nagar after 8 pm,Public Transport,6
Illegal parking is causing traffic jams on Temple Street,Traffic,9
"Street lights remain on during daytime in the industrial estate, wasting power",Street Lighting,8
Someone demanded a bribe for approval of a document in Adyar,Corruption,0
Voltage fluctuation is damaging appliances in Sector 5,Electricity,2
Unsafe construction site near Temple Street lacks barricades,Public Safety,5
Vaccination camp was cancelled without notice in the main market road,Health,4
Street light flickers continuously on Nehru Street,Street Lighting,8
Someone demanded a bribe for approval of a document in Perambur,Corruption,0
Billing error in electricity charges for the railway station road residents,Electricity,2
Dead animal left uncollected on MG Road in Pallavaram,Waste Management,10
Illegal parking is causing traffic jams on Park Avenue,Traffic,9
"New street light pole is needed on Ring Road, the government school area",Street Lighting,8
Illegal dumping of waste is happening near Nehru Street,Waste Management,10
Ambulance service is delayed in Saidapet,Health,4
Stray dogs are attacking residents in Phase 2,Public Safety,5
Streetside electric meter is sparking in Velachery,Electricity,2
Water body near Sector 5 is being polluted by industrial waste,Environment,3
Road near MG Road has not been repaired after monsoon,Road Maintenance,7
Construction debris left on Nehru Street blocking traffic,Road Maintenance,7
Bus conductor misbehaved with passengers on Anna Nagar route,Public Transport,6
Zebra crossing markings have faded on North Street,Traffic,9
Illegal dumping of waste is happening near Gandhi Street,Waste Management,10
Street light flickers continuously on Gandhi Street,Street Lighting,8
"Low water pressure reported near Bazaar Street, near the temple",Water Supply,11
Deep pit left uncovered near Main Road in near the temple,Public Safety,5
No waste collection service provided in Kolathur colony,Waste Management,10
Bus service is irregular on the Chromepet route,Public Transport,6
Garbage collection truck has not come to the railway station road for 7 days,Waste Management,10
Hospital in Perambur lacks cleanliness and hygiene,Health,4
Broken compound wall near Gandhi Street is a safety hazard,Public Safety,5
"Traffic signal is damaged at School Lane junction, the old bus stand area",Traffic,9
Traffic signal timing is too short at Main Road,Traffic,9
Unsafe construction site near Ring Road lacks barricades,Public Safety,5
A government official is taking bribes for water connection approvals in the old bus stand area,Corruption,0
Overcrowded buses are running on the Porur route,Public Transport,6
School in Kolathur lacks proper toilet facilities,Education,1
"New street light pole is needed on Park Avenue, Royapettah",Street Lighting,8
Water pipe burst near Temple Street in Egmore,Water Supply,11
Dead animal left uncollected on School Lane in Alwarpet,Waste Management,10
Noise pollution from construction near Station Road at night,Environment,3
No specialist doctor visits the the panchayat office area health center,Health,4
Illegal dumping of waste is happening near Ring Road,Waste Management,10
Borewell in Vadapalani has run dry,Water Supply,11
School in Phase 2 lacks proper toilet facilities,Education,1
Teacher is absent regularly at the Velachery government school,Education,1
Leaking pipeline is wasting water on Ring Road,Water Supply,11
"New street light pole is needed on Bypass Road, Saidapet",Street Lighting,8
Bribe was demanded for issuing a building permit in Sector 5,Corruption,0
Abandoned building near Station Road is unsafe for children,Public Safety,5
Auto drivers are refusing to use the meter near Temple Street,Public Transport,6
"No footpath available on Ring Road, pedestrians face danger",Road Maintenance,7
Stray dogs are attacking residents in Vadapalani,Public Safety,5
School lacks drinking water facility in Ward 12,Education,1
Unsafe construction site near MG Road lacks barricades,Public Safety,5
Auto drivers are refusing to use the meter near Bazaar Street,Public Transport,6
Textbooks not distributed on time in Mylapore schools,Education,1
Exposed wires near Nehru Street pose a danger to residents,Electricity,2
Primary health center in Alwarpet is understaffed,Health,4
Stray dogs are attacking residents in near the temple,Public Safety,5
Teacher is absent regularly at the the old bus stand area government school,Education,1
Live wire lying on Bazaar Street poses electrocution risk,Public Safety,5
Government hospital near Nehru Street lacks basic medicines,Health,4
Water tanker did not arrive in the government school area as scheduled,Water Supply,11
Overcrowded buses are running on the Mylapore route,Public Transport,6
Water pipe burst near MG Road in T Nagar,Water Supply,11
No science teacher appointed at Royapettah school for 5 months,Education,1
Abandoned building near Bazaar Street is unsafe for children,Public Safety,5
Illegal sand mining reported near Adyar,Environment,3
Construction debris left on Nehru Street blocking traffic,Road Maintenance,7
Electric pole near Church Street is leaning dangerously,Electricity,2
Street light wiring is exposed and dangerous in Ward 12,Street Lighting,8
Segregated waste is being mixed by collection staff in Alwarpet,Waste Management,10
No security personnel at the public park in Vadapalani,Public Safety,5
Segregated waste is being mixed by collection staff in Pallavaram,Waste Management,10
Voltage fluctuation is damaging appliances in the industrial estate,Electricity,2
Electricity is unavailable in the housing board colony for the past 7 days,Electricity,2
"No footpath available on North Street, pedestrians face danger",Road Maintenance,7
No traffic police present at busy junction near Church Street,Traffic,9
Billing error in electricity charges for Anna Nagar residents,Electricity,2
No security personnel at the public park in T Nagar,Public Safety,5
No security personnel at the public park in Adyar,Public Safety,5
School in Chromepet lacks proper toilet facilities,Education,1
Burning of waste is causing smoke in the government school area,Environment,3
Noise pollution from construction near Bypass Road at night,Environment,3
"Low water pressure reported near Main Road, Tambaram",Water Supply,11
Garbage is overflowing near School Lane in Pallavaram,Waste Management,10
Auto drivers are refusing to use the meter near Park Avenue,Public Transport,6
Bus conductor misbehaved with passengers on Egmore route,Public Transport,6
Hospital in the government school area lacks cleanliness and hygiene,Health,4
Long waiting times reported at the main market road government hospital,Health,4
Overcrowded buses are running on the Anna Nagar route,Public Transport,6
Contaminated water is being supplied in Perambur,Water Supply,11
No science teacher appointed at Phase 2 school for 2 months,Education,1
"Traffic signal is damaged at Market Road junction, Mylapore",Traffic,9
"New street light pole is needed on School Lane, Sector 5",Street Lighting,8
"Low water pressure reported near Park Avenue, Tambaram",Water Supply,11
An officer at the counter is taking bribes for water connection approvals in Adyar,Corruption,0
Long waiting times reported at Porur government hospital,Health,4
Construction debris left on Main Road blocking traffic,Road Maintenance,7
Someone demanded a bribe for approval of a document in Saidapet,Corruption,0
"Traffic signal is damaged at North Street junction, the panchayat office area",Traffic,9
Broken compound wall near Main Road is a safety hazard,Public Safety,5
"Low water pressure reported near Market Road, Egmore",Water Supply,11
"New street light pole is needed on Park Avenue, T Nagar",Street Lighting,8
Overcrowded classrooms reported in near the temple government school,Education,1
There is no drinking water in the government school area for the past 13 days,Water Supply,11
10 street lights have been off for weeks near MG Road,Street Lighting,8
Air pollution levels are high near the factory in the railway station road,Environment,3
Electric pole near South Street is leaning dangerously,Electricity,2
Auto drivers are refusing to use the meter near Park Avenue,Public Transport,6
Water body near Perambur is being polluted by industrial waste,Environment,3
Segregated waste is being mixed by collection staff in Phase 2,Waste Management,10
Stray dogs are attacking residents in Nungambakkam,Public Safety,5
Ambulance service is delayed in Porur,Health,4
Illegal sand mining reported near the old bus stand area,Environment,3
Borewell in Anna Nagar has run dry,Water Supply,11
"Low water pressure reported near Main Road, Guindy",Water Supply,11
Official at the the housing board colony office is demanding money for a certificate,Corruption,0
Dark stretch on North Street due to broken street lights,Street Lighting,8
Money was demanded for processing a pension application in the industrial estate,Corruption,0
Official at the the railway station road office is demanding money for a certificate,Corruption,0
Official at the Porur office is demanding money for a certificate,Corruption,0
Open manhole causing danger on Bazaar Street in the panchayat office area,Public Safety,5
Government hospital near Temple Street lacks basic medicines,Health,4
Noise pollution from construction near School Lane at night,Environment,3
Dead animal left uncollected on Main Road in the government school area,Waste Management,10
Water body near Nungambakkam is being polluted by industrial waste,Environment,3
Textbooks not distributed on time in Sector 5 schools,Education,1
No traffic police present at busy junction near Bazaar Street,Traffic,9
No science teacher appointed at Egmore school for 7 months,Education,1
No traffic police present at busy junction near Bazaar Street,Traffic,9
Construction debris left on South Street blocking traffic,Road Maintenance,7
Bus frequency has reduced drastically on the panchayat office area route,Public Transport,6
Open manhole causing danger on Bypass Road in Mylapore,Public Safety,5
Overhead tank in Pallavaram has not been cleaned in months,Water Supply,11
No traffic police present at busy junction near MG Road,Traffic,9
Encroachment on the lake near the government school area is destroying wetlands,Environment,3
Bus stop shelter near Bazaar Street is damaged,Public Transport,6
Street light wiring is exposed and dangerous in Block C,Street Lighting,8
Teacher is absent regularly at the the railway station road government school,Education,1
Street light wiring is exposed and dangerous in Adyar,Street Lighting,8
Unsafe construction site near School Lane lacks barricades,Public Safety,5
Plastic waste dumped near the water body in the main market road,Environment,3
A municipal worker asked for extra money to process ration card in the industrial estate,Corruption,0
There is no drinking water in Guindy for the past 5 days,Water Supply,11
Encroachment on the lake near Block C is destroying wetlands,Environment,3
Burning of waste is causing smoke in Saidapet,Environment,3
"Low water pressure reported near MG Road, Perambur",Water Supply,11
Solar street lights installed in Pallavaram are non functional,Street Lighting,8
No bus service available to Saidapet after 8 pm,Public Transport,6
Segregated waste is being mixed by collection staff in the old bus stand area,Waste Management,10
Exposed wires near Temple Street pose a danger to residents,Electricity,2
Government hospital near Bypass Road lacks basic medicines,Health,4
"No signal at the school crossing near Bazaar Street, Porur",Traffic,9
A middleman is taking bribes for water connection approvals in Sector 5,Corruption,0
No science teacher appointed at Kolathur school for 8 months,Education,1
Street light wiring is exposed and dangerous in Pallavaram,Street Lighting,8
Open manhole causing danger on North Street in the industrial estate,Public Safety,5
Teacher is absent regularly at the Phase 2 government school,Education,1
Bribe was demanded for issuing a building permit in Ward 12,Corruption,0
Speed breakers are missing near the school on North Street,Road Maintenance,7
Long waiting times reported at Sector 5 government hospital,Health,4
No science teacher appointed at Adyar school for 10 months,Education,1
Illegal tree cutting is happening near Market Road in Egmore,Environment,3
Dead animal left uncollected on Station Road in Alwarpet,Waste Management,10
Money was demanded for processing a pension application in Guindy,Corruption,0
"Low water pressure reported near Gandhi Street, Velachery",Water Supply,11
Dark stretch on Market Road due to broken street lights,Street Lighting,8
Bus stop shelter near Nehru Street is damaged,Public Transport,6
Vaccination camp was cancelled without notice in Velachery,Health,4
Illegal parking is causing traffic jams on Bazaar Street,Traffic,9
"Low water pressure reported near Station Road, the housing board colony",Water Supply,11
An officer at the counter asked for extra money to process ration card in the old bus stand area,Corruption,0
Teacher is absent regularly at the Ambattur government school,Education,1
"Street lights remain on during daytime in the main market road, wasting power",Street Lighting,8
Government hospital near Ring Road lacks basic medicines,Health,4
A clerk asked for extra money to process ration card in Kolathur,Corruption,0
Official at the the main market road office is demanding money for a certificate,Corruption,0
"Traffic signal is damaged at Bazaar Street junction, Pallavaram",Traffic,9
Unsafe construction site near Main Road lacks barricades,Public Safety,5
Transformer near North Street in Ambattur is not working,Electricity,2
Overcrowded buses are running on the Pallavaram route,Public Transport,6
Money was demanded for processing a pension application in Ambattur,Corruption,0
Illegal sand mining reported near Saidapet,Environment,3
School building near Station Road needs urgent repair,Education,1
Signboards are missing at the South Street intersection,Traffic,9
Corruption reported in distribution of government scheme benefits in T Nagar,Corruption,0
"Street lights remain on during daytime in the industrial estate, wasting power",Street Lighting,8
Official at the Ward 12 office is demanding money for a certificate,Corruption,0
Speed breakers are missing near the school on Park Avenue,Road Maintenance,7
Plastic waste dumped near the water body in Royapettah,Environment,3
Streetside electric meter is sparking in Saidapet,Electricity,2
Deep pit left uncovered near MG Road in Nungambakkam,Public Safety,5
Open manhole causing danger on Bypass Road in Egmore,Public Safety,5
Electricity is unavailable in Kodambakkam for the past 8 days,Electricity,2
A government official is taking bribes for water connection approvals in Phase 2,Corruption,0
Billing error in electricity charges for Ward 12 residents,Electricity,2
Huge potholes on Temple Street in Tambaram,Road Maintenance,7
Illegal dumping of waste is happening near Gandhi Street,Waste Management,10
Public dustbin near Temple Street is broken and overflowing,Waste Management,10
Unsafe construction site near Main Road lacks barricades,Public Safety,5
Money was demanded for processing a pension application in Ward 12,Corruption,0
Mid day meal quality is poor at Guindy school,Education,1
Electric pole near Bazaar Street is leaning dangerously,Electricity,2
Bus conductor misbehaved with passengers on the main market road route,Public Transport,6
Traffic signal timing is too short at Bazaar Street,Traffic,9
Street lights are not working on South Street in the railway station road,Street Lighting,8
Signboards are missing at the Church Street intersection,Traffic,9
Bribe was demanded for issuing a building permit in Tambaram,Corruption,0
Primary health center in Chromepet is understaffed,Health,4
Street light flickers continuously on Market Road,Street Lighting,8
Electric pole near Bazaar Street is leaning dangerously,Electricity,2
Long waiting times reported at the industrial estate government hospital,Health,4
Last bus timing has been cancelled for Guindy,Public Transport,6
Government hospital near Temple Street lacks basic medicines,Health,4
Leaking pipeline is wasting water on Bazaar Street,Water Supply,11
Newly laid road on Park Avenue is already damaged,Road Maintenance,7
Bus stop shelter near School Lane is damaged,Public Transport,6
Corruption reported in distribution of government scheme benefits in Vadapalani,Corruption,0
Segregated waste is being mixed by collection staff in Phase 2,Waste Management,10
Illegal sand mining reported near Adyar,Environment,3
Teacher is absent regularly at the Kodambakkam government school,Education,1
Garbage is overflowing near Gandhi Street in Perambur,Waste Management,10
Abandoned building near Temple Street is unsafe for children,Public Safety,5
Plastic waste dumped near the water body in Perambur,Environment,3
Hospital in Guindy has no doctors available,Health,4
"No footpath available on Market Road, pedestrians face danger",Road Maintenance,7
Primary health center in Anna Nagar is understaffed,Health,4
Traffic signal timing is too short at Nehru Street,Traffic,9
No traffic police present at busy junction near Main Road,Traffic,9
Teacher is absent regularly at the the main market road government school,Education,1
No specialist doctor visits the the main market road health center,Health,4
Leaking pipeline is wasting water on MG Road,Water Supply,11
Water body near Tambaram is being polluted by industrial waste,Environment,3
"New street light pole is needed on Bypass Road, near the temple",Street Lighting,8
Encroachment on the lake near Nungambakkam is destroying wetlands,Environment,3
Voltage fluctuation is damaging appliances in Chromepet,Electricity,2
No bus service available to Tambaram after 8 pm,Public Transport,6
Plastic waste dumped near the water body in Kodambakkam,Environment,3
Speed breakers are missing near the school on Temple Street,Road Maintenance,7
Dumping ground near Royapettah is causing bad odor,Waste Management,10
Unsafe construction site near Main Road lacks barricades,Public Safety,5
Frequent traffic congestion on Park Avenue during peak hours,Traffic,9
Leaking pipeline is wasting water on Bypass Road,Water Supply,11
Auto drivers are refusing to use the meter near Church Street,Public Transport,6
Live wire lying on Nehru Street poses electrocution risk,Public Safety,5
"Traffic signal is damaged at North Street junction, near the temple",Traffic,9
Long waiting times reported at near the temple government hospital,Health,4
Official at the Kolathur office is demanding money for a certificate,Corruption,0
Textbooks not distributed on time in Porur schools,Education,1
Waterlogging occurs on South Street during rains,Road Maintenance,7
Construction debris left on North Street blocking traffic,Road Maintenance,7
No specialist doctor visits the Tambaram health center,Health,4
"Traffic signal is damaged at Gandhi Street junction, Adyar",Traffic,9
Money was demanded for processing a pension application in Egmore,Corruption,0
"New street light pole is needed on MG Road, Pallavaram",Street Lighting,8
Street light wiring is exposed and dangerous in Perambur,Street Lighting,8
Dumping ground near the housing board colony is causing bad odor,Waste Management,10
Dark stretch on Temple Street due to broken street lights,Street Lighting,8
Road near Ring Road has not been repaired after monsoon,Road Maintenance,7
"Street lights remain on during daytime in Pallavaram, wasting power",Street Lighting,8
Overcrowded buses are running on the Royapettah route,Public Transport,6
Someone demanded a bribe for approval of a document in Vadapalani,Corruption,0
Garbage is overflowing near Park Avenue in Block C,Waste Management,10
Burning of waste is causing smoke in Block C,Environment,3
A municipal worker asked for extra money to process ration card in Vadapalani,Corruption,0
Construction debris left on School Lane blocking traffic,Road Maintenance,7
Overcrowded classrooms reported in Mylapore government school,Education,1
Auto drivers are refusing to use the meter near Church Street,Public Transport,6
11 street lights have been off for weeks near Market Road,Street Lighting,8
Broken compound wall near School Lane is a safety hazard,Public Safety,5
Leaking pipeline is wasting water on Station Road,Water Supply,11
Leaking pipeline is wasting water on MG Road,Water Supply,11
Overcrowded classrooms reported in Sector 5 government school,Education,1
Borewell in Block C has run dry,Water Supply,11
Water supply has been irregular in the industrial estate for 10 weeks,Water Supply,11
Water body near Royapettah is being polluted by industrial waste,Environment,3
Bribe was demanded for issuing a building permit in Saidapet,Corruption,0
Bus frequency has reduced drastically on Ambattur route,Public Transport,6
New electricity connection is delayed in the panchayat office area,Electricity,2
Traffic signal timing is too short at North Street,Traffic,9
Public dustbin near Ring Road is broken and overflowing,Waste Management,10
Water body near the main market road is being polluted by industrial waste,Environment,3
Illegal dumping of waste is happening near North Street,Waste Management,10
Voltage fluctuation is damaging appliances in Alwarpet,Electricity,2
Road near South Street has not been repaired after monsoon,Road Maintenance,7
Overcrowded classrooms reported in Guindy government school,Education,1
Signboards are missing at the School Lane intersection,Traffic,9
Solar street lights installed in Phase 2 are non functional,Street Lighting,8
"Traffic signal is damaged at South Street junction, Tambaram",Traffic,9
"Traffic signal is damaged at Main Road junction, Phase 2",Traffic,9
No water connection provided despite application in Adyar,Water Supply,11
No bus service available to Chromepet after 8 pm,Public Transport,6
Borewell in near the temple has run dry,Water Supply,11
14 street lights have been off for weeks near North Street,Street Lighting,8
Electricity is unavailable in the old bus stand area for the past 12 days,Electricity,2
Public dustbin near North Street is broken and overflowing,Waste Management,10
Dumping ground near the old bus stand area is causing bad odor,Waste Management,10
Overcrowded buses are running on the Velachery route,Public Transport,6
Signboards are missing at the Temple Street intersection,Traffic,9
Huge potholes on North Street in Anna Nagar,Road Maintenance,7
Newly laid road on South Street is already damaged,Road Maintenance,7
Traffic signal timing is too short at School Lane,Traffic,9
Public dustbin near South Street is broken and overflowing,Waste Management,10
Water body near T Nagar is being polluted by industrial waste,Environment,3
"Traffic signal is damaged at Nehru Street junction, Kolathur",Traffic,9
Illegal parking is causing traffic jams on Ring Road,Traffic,9
Encroachment on the lake near the industrial estate is destroying wetlands,Environment,3
Bus service is irregular on the Porur route,Public Transport,6
Broken compound wall near Gandhi Street is a safety hazard,Public Safety,5
Solar street lights installed in Saidapet are non functional,Street Lighting,8
Encroachment on the lake near Pallavaram is destroying wetlands,Environment,3
Auto drivers are refusing to use the meter near Park Avenue,Public Transport,6
A clerk is taking bribes for water connection approvals in the railway station road,Corruption,0
Overcrowded buses are running on the the government school area route,Public Transport,6
Dumping ground near Alwarpet is causing bad odor,Waste Management,10
Bribe was demanded for issuing a building permit in Velachery,Corruption,0
Illegal parking is causing traffic jams on MG Road,Traffic,9
Water tanker did not arrive in Saidapet as scheduled,Water Supply,11
Official at the the government school area office is demanding money for a certificate,Corruption,0
Construction debris left on North Street blocking traffic,Road Maintenance,7
Ambulance service is delayed in Nungambakkam,Health,4
Burning of waste is causing smoke in Velachery,Environment,3
Live wire lying on Park Avenue poses electrocution risk,Public Safety,5
Overcrowded buses are running on the Tambaram route,Public Transport,6
School building near Main Road needs urgent repair,Education,1
Official at the Velachery office is demanding money for a certificate,Corruption,0
"Low water pressure reported near Market Road, the old bus stand area",Water Supply,11
Auto drivers are refusing to use the meter near South Street,Public Transport,6
Stray dogs are attacking residents in the panchayat office area,Public Safety,5
Overcrowded buses are running on the Phase 2 route,Public Transport,6
Waterlogging occurs on Church Street during rains,Road Maintenance,7
Stray dogs are attacking residents in Vadapalani,Public Safety,5
Overcrowded classrooms reported in Vadapalani government school,Education,1
Road divider near Market Road is broken,Road Maintenance,7
Huge potholes on Bazaar Street in the industrial estate,Road Maintenance,7
No water connection provided despite application in Chromepet,Water Supply,11
"No footpath available on South Street, pedestrians face danger",Road Maintenance,7
Mid day meal quality is poor at Porur school,Education,1
"New street light pole is needed on Bypass Road, the government school area",Street Lighting,8
Last bus timing has been cancelled for Ambattur,Public Transport,6
"Street lights remain on during daytime in Nungambakkam, wasting power",Street Lighting,8
Water tanker did not arrive in Ward 12 as scheduled,Water Supply,11
Illegal parking is causing traffic jams on Station Road,Traffic,9
Road divider near Main Road is broken,Road Maintenance,7
Vaccination camp was cancelled without notice in Ward 12,Health,4
Frequent power cuts are occurring in Egmore,Electricity,2
Dead animal left uncollected on Park Avenue in Velachery,Waste Management,10
Signboards are missing at the Ring Road intersection,Traffic,9
Noise pollution from construction near Ring Road at night,Environment,3
Teacher is absent regularly at the Ward 12 government school,Education,1
Street light wiring is exposed and dangerous in Chromepet,Street Lighting,8
Water tanker did not arrive in Perambur as scheduled,Water Supply,11
Live wire lying on Station Road poses electrocution risk,Public Safety,5
Someone demanded a bribe for approval of a document in the railway station road,Corruption,0
"Traffic signal is damaged at Temple Street junction, Sector 5",Traffic,9
Stray dogs are attacking residents in Sector 5,Public Safety,5
Solar street lights installed in Block C are non functional,Street Lighting,8
Illegal tree cutting is happening near Market Road in Velachery,Environment,3
Newly laid road on MG Road is already damaged,Road Maintenance,7
"Street lights remain on during daytime in Kodambakkam, wasting power",Street Lighting,8
"Street lights remain on during daytime in T Nagar, wasting power",Street Lighting,8
Last bus timing has been cancelled for Saidapet,Public Transport,6
Speed breakers are missing near the school on Park Avenue,Road Maintenance,7
Illegal tree cutting is happening near Bazaar Street in Kodambakkam,Environment,3
No security personnel at the public park in Alwarpet,Public Safety,5
Hospital in Phase 2 lacks cleanliness and hygiene,Health,4
Air pollution levels are high near the factory in Ward 12,Environment,3
Electric pole near School Lane is leaning dangerously,Electricity,2
13 street lights have been off for weeks near Station Road,Street Lighting,8
Dead animal left uncollected on North Street in Royapettah,Waste Management,10
Encroachment on the lake near the government school area is destroying wetlands,Environment,3
Garbage is overflowing near Ring Road in Phase 2,Waste Management,10
Money was demanded for processing a pension application in Egmore,Corruption,0
Hospital in Tambaram lacks cleanliness and hygiene,Health,4
Frequent power cuts are occurring in Pallavaram,Electricity,2
Bus frequency has reduced drastically on near the temple route,Public Transport,6
Bus stop shelter near Park Avenue is damaged,Public Transport,6
Electric pole near South Street is leaning dangerously,Electricity,2
Vaccination camp was cancelled without notice in Kolathur,Health,4
Garbage collection truck has not come to Adyar for 8 days,Waste Management,10
Garbage is overflowing near Park Avenue in Porur,Waste Management,10
"Traffic signal is damaged at South Street junction, Block C",Traffic,9
Construction debris left on Ring Road blocking traffic,Road Maintenance,7
Electric pole near Main Road is leaning dangerously,Electricity,2
Mid day meal quality is poor at Velachery school,Education,1
Illegal dumping of waste is happening near Station Road,Waste Management,10
Road divider near Station Road is broken,Road Maintenance,7
Stray dogs are attacking residents in Perambur,Public Safety,5
Road near Church Street has not been repaired after monsoon,Road Maintenance,7
Overcrowded classrooms reported in Porur government school,Education,1
Long waiting times reported at T Nagar government hospital,Health,4
Signboards are missing at the Station Road intersection,Traffic,9
Street light flickers continuously on Church Street,Street Lighting,8
Huge potholes on Market Road in T Nagar,Road Maintenance,7
Illegal tree cutting is happening near Station Road in T Nagar,Environment,3
Garbage collection truck has not come to Kolathur for 7 days,Waste Management,10
Plastic waste dumped near the water body in Ambattur,Environment,3
Official at the Anna Nagar office is demanding money for a certificate,Corruption,0
Solar street lights installed in Alwarpet are non functional,Street Lighting,8
Frequent traffic congestion on Church Street during peak hours,Traffic,9
Solar street lights installed in Tambaram are non functional,Street Lighting,8
Borewell in Porur has run dry,Water Supply,11
An officer at the counter is taking bribes for water connection approvals in Sector 5,Corruption,0
No traffic police present at busy junction near Ring Road,Traffic,9
School lacks drinking water facility in T Nagar,Education,1
Mid day meal quality is poor at Mylapore school,Education,1
Power supply tripped and not restored for 8 hours in Sector 5,Electricity,2
Leaking pipeline is wasting water on Park Avenue,Water Supply,11
Voltage fluctuation is damaging appliances in the main market road,Electricity,2
Bus conductor misbehaved with passengers on Mylapore route,Public Transport,6
Abandoned building near Temple Street is unsafe for children,Public Safety,5
Deep pit left uncovered near Gandhi Street in near the temple,Public Safety,5
No security personnel at the public park in the old bus stand area,Public Safety,5
Bus stop shelter near Bazaar Street is damaged,Public Transport,6
New electricity connection is delayed in Pallavaram,Electricity,2
Corruption reported in distribution of government scheme benefits in T Nagar,Corruption,0
Stray dogs are attacking residents in Alwarpet,Public Safety,5
Illegal parking is causing traffic jams on Temple Street,Traffic,9
Road divider near Market Road is broken,Road Maintenance,7
Speed breakers are missing near the school on MG Road,Road Maintenance,7
No science teacher appointed at the government school area school for 3 months,Education,1
Hospital in Porur has no doctors available,Health,4
A government official asked for extra money to process ration card in Ambattur,Corruption,0
Zebra crossing markings have faded on Gandhi Street,Traffic,9
Dead animal left uncollected on Ring Road in Royapettah,Waste Management,10
Garbage collection truck has not come to Adyar for 2 days,Waste Management,10
Stray dogs are attacking residents in Pallavaram,Public Safety,5
"Traffic signal is damaged at Temple Street junction, T Nagar",Traffic,9
"No signal at the school crossing near Church Street, Ambattur",Traffic,9
Dead animal left uncollected on Park Avenue in Vadapalani,Waste Management,10
Someone demanded a bribe for approval of a document in Vadapalani,Corruption,0
Ambulance service is delayed in Porur,Health,4
Teacher is absent regularly at the Vadapalani government school,Education,1
3 street lights have been off for weeks near Main Road,Street Lighting,8
Borewell in Perambur has run dry,Water Supply,11
Dark stretch on Bazaar Street due to broken street lights,Street Lighting,8
Overhead tank in Adyar has not been cleaned in months,Water Supply,11
Garbage collection truck has not come to Porur for 6 days,Waste Management,10
There is no drinking water in Guindy for the past 10 days,Water Supply,11
Noise pollution from construction near Gandhi Street at night,Environment,3
Signboards are missing at the Park Avenue intersection,Traffic,9
Street light flickers continuously on Gandhi Street,Street Lighting,8
Bus conductor misbehaved with passengers on Kolathur route,Public Transport,6
Illegal dumping of waste is happening near Church Street,Waste Management,10
No science teacher appointed at Velachery school for 2 months,Education,1
Dead animal left uncollected on Temple Street in near the temple,Waste Management,10
Official at the near the temple office is demanding money for a certificate,Corruption,0
Illegal sand mining reported near Block C,Environment,3
Mid day meal quality is poor at the housing board colony school,Education,1
Borewell in Pallavaram has run dry,Water Supply,11
Overhead tank in Ward 12 has not been cleaned in months,Water Supply,11
Construction debris left on North Street blocking traffic,Road Maintenance,7
Official at the Porur office is demanding money for a certificate,Corruption,0
Air pollution levels are high near the factory in T Nagar,Environment,3
"Low water pressure reported near Market Road, the old bus stand area",Water Supply,11
Construction debris left on Temple Street blocking traffic,Road Maintenance,7
School building near Bypass Road needs urgent repair,Education,1
Stray dogs are attacking residents in Anna Nagar,Public Safety,5
Bus frequency has reduced drastically on the old bus stand area route,Public Transport,6
Water tanker did not arrive in Royapettah as scheduled,Water Supply,11
School building near Main Road needs urgent repair,Education,1
Road near Temple Street has not been repaired after monsoon,Road Maintenance,7
Official at the Chromepet office is demanding money for a certificate,Corruption,0
Bus service is irregular on the Pallavaram route,Public Transport,6
Frequent traffic congestion on South Street during peak hours,Traffic,9
Frequent power cuts are occurring in the old bus stand area,Electricity,2
Electricity is unavailable in Kodambakkam for the past 11 days,Electricity,2
No traffic police present at busy junction near Church Street,Traffic,9
Primary health center in Kolathur is understaffed,Health,4
There is no drinking water in Adyar for the past 15 days,Water Supply,11
School in the railway station road lacks proper toilet facilities,Education,1
Water body near near the temple is being polluted by industrial waste,Environment,3
Last bus timing has been cancelled for Royapettah,Public Transport,6
Auto drivers are refusing to use the meter near Nehru Street,Public Transport,6
Long waiting times reported at Anna Nagar government hospital,Health,4
Signboards are missing at the Bazaar Street intersection,Traffic,9
Corruption reported in distribution of government scheme benefits in Alwarpet,Corruption,0
Overcrowded buses are running on the the government school area route,Public Transport,6
"No signal at the school crossing near South Street, the railway station road",Traffic,9
Air pollution levels are high near the factory in the government school area,Environment,3
Solar street lights installed in Block C are non functional,Street Lighting,8
Dead animal left uncollected on South Street in Mylapore,Waste Management,10
School lacks drinking water facility in near the temple,Education,1
Teacher is absent regularly at the Guindy government school,Education,1
Speed breakers are missing near the school on Bypass Road,Road Maintenance,7
Transformer near Market Road in the old bus stand area is not working,Electricity,2
Segregated waste is being mixed by collection staff in Guindy,Waste Management,10
Borewell in the old bus stand area has run dry,Water Supply,11
Dumping ground near T Nagar is causing bad odor,Waste Management,10
Illegal tree cutting is happening near Church Street in Velachery,Environment,3
Someone demanded a bribe for approval of a document in Kodambakkam,Corruption,0
Water tanker did not arrive in the housing board colony as scheduled,Water Supply,11
Dead animal left uncollected on Gandhi Street in the panchayat office area,Waste Management,10
Government hospital near North Street lacks basic medicines,Health,4
Garbage is overflowing near Gandhi Street in the old bus stand area,Waste Management,10
Water tanker did not arrive in Egmore as scheduled,Water Supply,11
Street light wiring is exposed and dangerous in the old bus stand area,Street Lighting,8
Open manhole causing danger on Temple Street in Block C,Public Safety,5
Government hospital near Main Road lacks basic medicines,Health,4
Streetside electric meter is sparking in Kodambakkam,Electricity,2
Dumping ground near Mylapore is causing bad odor,Waste Management,10
Bus service is irregular on the Velachery route,Public Transport,6
Plastic waste dumped near the water body in Guindy,Environment,3
A government official is taking bribes for water connection approvals in Kodambakkam,Corruption,0
Bus service is irregular on the the railway station road route,Public Transport,6
Garbage collection truck has not come to Ward 12 for 6 days,Waste Management,10
Power supply tripped and not restored for 11 hours in the railway station road,Electricity,2
Signboards are missing at the MG Road intersection,Traffic,9
Signboards are missing at the MG Road intersection,Traffic,9
A middleman is taking bribes for water connection approvals in Ward 12,Corruption,0
Auto drivers are refusing to use the meter near South Street,Public Transport,6
Noise pollution from construction near Ring Road at night,Environment,3
Textbooks not distributed on time in Mylapore schools,Education,1
Borewell in Tambaram has run dry,Water Supply,11
Dark stretch on Park Avenue due to broken street lights,Street Lighting,8
"Low water pressure reported near School Lane, Sector 5",Water Supply,11
Segregated waste is being mixed by collection staff in the main market road,Waste Management,10
Bus service is irregular on the the panchayat office area route,Public Transport,6
Power supply tripped and not restored for 9 hours in near the temple,Electricity,2
Frequent power cuts are occurring in Perambur,Electricity,2
Unsafe construction site near MG Road lacks barricades,Public Safety,5
Newly laid road on Church Street is already damaged,Road Maintenance,7
Water pipe burst near Nehru Street in the railway station road,Water Supply,11
Bus conductor misbehaved with passengers on T Nagar route,Public Transport,6
School lacks drinking water facility in the government school area,Education,1
Vaccination camp was cancelled without notice in Guindy,Health,4
No bus service available to Sector 5 after 8 pm,Public Transport,6
Primary health center in Alwarpet is understaffed,Health,4
Broken compound wall near Market Road is a safety hazard,Public Safety,5
Vaccination camp was cancelled without notice in Kodambakkam,Health,4
Last bus timing has been cancelled for Saidapet,Public Transport,6
Dark stretch on Church Street due to broken street lights,Street Lighting,8
Illegal tree cutting is happening near South Street in Velachery,Environment,3
Encroachment on the lake near the old bus stand area is destroying wetlands,Environment,3
Road divider near South Street is broken,Road Maintenance,7
Burning of waste is causing smoke in the industrial estate,Environment,3
Textbooks not distributed on time in Alwarpet schools,Education,1
Dark stretch on Park Avenue due to broken street lights,Street Lighting,8
Traffic signal timing is too short at Bazaar Street,Traffic,9
Overcrowded buses are running on the the old bus stand area route,Public Transport,6
Deep pit left uncovered near Church Street in Tambaram,Public Safety,5
Noise pollution from construction near Church Street at night,Environment,3
Someone demanded a bribe for approval of a document in Kodambakkam,Corruption,0
Speed breakers are missing near the school on Gandhi Street,Road Maintenance,7
Overcrowded buses are running on the Adyar route,Public Transport,6
Street light wiring is exposed and dangerous in Ward 12,Street Lighting,8
11 street lights have been off for weeks near Gandhi Street,Street Lighting,8
Road near Main Road has not been repaired after monsoon,Road Maintenance,7
Broken compound wall near School Lane is a safety hazard,Public Safety,5
Ambulance service is delayed in Porur,Health,4
A municipal worker asked for extra money to process ration card in Sector 5,Corruption,0
Noise pollution from construction near Bazaar Street at night,Environment,3
"New street light pole is needed on Church Street, Royapettah",Street Lighting,8
No water connection provided despite application in Pallavaram,Water Supply,11
"Low water pressure reported near Temple Street, Egmore",Water Supply,11
Mid day meal quality is poor at the industrial estate school,Education,1
Frequent traffic congestion on Temple Street during peak hours,Traffic,9
Dead animal left uncollected on Ring Road in the main market road,Waste Management,10
Deep pit left uncovered near MG Road in the housing board colony,Public Safety,5
Overcrowded buses are running on the Saidapet route,Public Transport,6
Noise pollution from construction near Bypass Road at night,Environment,3
Street light flickers continuously on Nehru Street,Street Lighting,8
Road near Station Road has not been repaired after monsoon,Road Maintenance,7
Mid day meal quality is poor at Mylapore school,Education,1
Illegal tree cutting is happening near Station Road in Egmore,Environment,3
Ambulance service is delayed in Ward 12,Health,4
Illegal parking is causing traffic jams on Market Road,Traffic,9
Street light flickers continuously on Park Avenue,Street Lighting,8
Billing error in electricity charges for the main market road residents,Electricity,2
Dumping ground near Saidapet is causing bad odor,Waste Management,10
Bus frequency has reduced drastically on Guindy route,Public Transport,6
Water supply has been irregular in Velachery for 15 weeks,Water Supply,11
Exposed wires near Park Avenue pose a danger to residents,Electricity,2
Encroachment on the lake near the government school area is destroying wetlands,Environment,3
Long waiting times reported at the industrial estate government hospital,Health,4
School lacks drinking water facility in Ward 12,Education,1
Bus frequency has reduced drastically on near the temple route,Public Transport,6
Contaminated water is being supplied in Nungambakkam,Water Supply,11
School lacks drinking water facility in Egmore,Education,1
"Low water pressure reported near South Street, near the temple",Water Supply,11
School lacks drinking water facility in Sector 5,Education,1
Long waiting times reported at Porur government hospital,Health,4
Street lights are not working on North Street in Sector 5,Street Lighting,8
Frequent traffic congestion on North Street during peak hours,Traffic,9
No security personnel at the public park in the panchayat office area,Public Safety,5
Garbage is overflowing near Bypass Road in Phase 2,Waste Management,10
Someone demanded a bribe for approval of a document in the panchayat office area,Corruption,0
Bus frequency has reduced drastically on Tambaram route,Public Transport,6
Someone demanded a bribe for approval of a document in Sector 5,Corruption,0
Stray dogs are attacking residents in Saidapet,Public Safety,5
Huge potholes on Bazaar Street in T Nagar,Road Maintenance,7
Overcrowded classrooms reported in the main market road government school,Education,1
Bus stop shelter near Church Street is damaged,Public Transport,6
A clerk asked for extra money to process ration card in Kodambakkam,Corruption,0
Official at the Block C office is demanding money for a certificate,Corruption,0
Money was demanded for processing a pension application in Alwarpet,Corruption,0
Electricity is unavailable in Mylapore for the past 2 days,Electricity,2
Solar street lights installed in Pallavaram are non functional,Street Lighting,8
Frequent power cuts are occurring in T Nagar,Electricity,2
Long waiting times reported at Phase 2 government hospital,Health,4
A clerk is taking bribes for water connection approvals in the industrial estate,Corruption,0
Street light wiring is exposed and dangerous in Kodambakkam,Street Lighting,8
"Street lights remain on during daytime in the panchayat office area, wasting power",Street Lighting,8
Public dustbin near South Street is broken and overflowing,Waste Management,10
New electricity connection is delayed in Sector 5,Electricity,2
Dead animal left uncollected on Ring Road in Porur,Waste Management,10
Bus conductor misbehaved with passengers on Velachery route,Public Transport,6
Water body near near the temple is being polluted by industrial waste,Environment,3
Borewell in Ward 12 has run dry,Water Supply,11
Abandoned building near Station Road is unsafe for children,Public Safety,5
Transformer near Station Road in T Nagar is not working,Electricity,2
New electricity connection is delayed in Guindy,Electricity,2
"Low water pressure reported near South Street, Chromepet",Water Supply,11
Public dustbin near MG Road is broken and overflowing,Waste Management,10
Overcrowded classrooms reported in Alwarpet government school,Education,1
Solar street lights installed in the government school area are non functional,Street Lighting,8
Bus conductor misbehaved with passengers on Nungambakkam route,Public Transport,6
Bus frequency has reduced drastically on Phase 2 route,Public Transport,6
10 street lights have been off for weeks near MG Road,Street Lighting,8
Primary health center in Porur is understaffed,Health,4
Electric pole near MG Road is leaning dangerously,Electricity,2
Noise pollution from construction near Park Avenue at night,Environment,3
Stray dogs are attacking residents in Velachery,Public Safety,5
"Street lights remain on during daytime in the housing board colony, wasting power",Street Lighting,8
Bus service is irregular on the Nungambakkam route,Public Transport,6
9 street lights have been off for weeks near South Street,Street Lighting,8
Burning of waste is causing smoke in Alwarpet,Environment,3
Unsafe construction site near Temple Street lacks barricades,Public Safety,5
Street lights are not working on Park Avenue in the industrial estate,Street Lighting,8
Broken compound wall near Church Street is a safety hazard,Public Safety,5
Stray dogs are attacking residents in Pallavaram,Public Safety,5
Bus service is irregular on the Alwarpet route,Public Transport,6
"Street lights remain on during daytime in Nungambakkam, wasting power",Street Lighting,8
Water pipe burst near Temple Street in Phase 2,Water Supply,11
No specialist doctor visits the the panchayat office area health center,Health,4
No specialist doctor visits the Chromepet health center,Health,4
Money was demanded for processing a pension application in Chromepet,Corruption,0
"No signal at the school crossing near MG Road, Block C",Traffic,9
Garbage is overflowing near MG Road in Block C,Waste Management,10
Electric pole near Ring Road is leaning dangerously,Electricity,2
Illegal tree cutting is happening near Church Street in Saidapet,Environment,3
Bus stop shelter near Market Road is damaged,Public Transport,6
Official at the Guindy office is demanding money for a certificate,Corruption,0
Textbooks not distributed on time in the old bus stand area schools,Education,1
Teacher is absent regularly at the the main market road government school,Education,1
Water tanker did not arrive in Saidapet as scheduled,Water Supply,11
No water connection provided despite application in Porur,Water Supply,11
There is no drinking water in the old bus stand area for the past 6 days,Water Supply,11
Live wire lying on Temple Street poses electrocution risk,Public Safety,5
Burning of waste is causing smoke in Royapettah,Environment,3
Water pipe burst near Temple Street in Block C,Water Supply,11
Speed breakers are missing near the school on Church Street,Road Maintenance,7
Garbage collection truck has not come to near the temple for 9 days,Waste Management,10
Bus service is irregular on the Nungambakkam route,Public Transport,6
2 street lights have been off for weeks near Temple Street,Street Lighting,8
Deep pit left uncovered near School Lane in Ambattur,Public Safety,5
"Street lights remain on during daytime in Ambattur, wasting power",Street Lighting,8
Overhead tank in Saidapet has not been cleaned in months,Water Supply,11
Air pollution levels are high near the factory in the old bus stand area,Environment,3
Electric pole near South Street is leaning dangerously,Electricity,2
Overcrowded classrooms reported in Block C government school,Education,1
"Low water pressure reported near Bazaar Street, the main market road",Water Supply,11
Speed breakers are missing near the school on Nehru Street,Road Maintenance,7
Broken compound wall near Main Road is a safety hazard,Public Safety,5
Newly laid road on North Street is already damaged,Road Maintenance,7
Traffic signal timing is too short at Ring Road,Traffic,9
Waterlogging occurs on School Lane during rains,Road Maintenance,7
Segregated waste is being mixed by collection staff in T Nagar,Waste Management,10
Newly laid road on Temple Street is already damaged,Road Maintenance,7
Illegal parking is causing traffic jams on Park Avenue,Traffic,9
Mid day meal quality is poor at Sector 5 school,Education,1
Overcrowded buses are running on the Chromepet route,Public Transport,6
School lacks drinking water facility in Royapettah,Education,1
Open manhole causing danger on North Street in Kolathur,Public Safety,5
Voltage fluctuation is damaging appliances in Block C,Electricity,2
Huge potholes on School Lane in the railway station road,Road Maintenance,7
Mid day meal quality is poor at Pallavaram school,Education,1
"Traffic signal is damaged at Station Road junction, Pallavaram",Traffic,9
Open manhole causing danger on Station Road in the railway station road,Public Safety,5
School in Vadapalani lacks proper toilet facilities,Education,1
Vaccination camp was cancelled without notice in Block C,Health,4
Open manhole causing danger on Ring Road in Royapettah,Public Safety,5
Road near Nehru Street has not been repaired after monsoon,Road Maintenance,7
Construction debris left on Gandhi Street blocking traffic,Road Maintenance,7
Broken compound wall near MG Road is a safety hazard,Public Safety,5
Unsafe construction site near Church Street lacks barricades,Public Safety,5
Waterlogging occurs on Main Road during rains,Road Maintenance,7
Burning of waste is causing smoke in Royapettah,Environment,3
Streetside electric meter is sparking in Porur,Electricity,2
Stray dogs are attacking residents in Kodambakkam,Public Safety,5
No specialist doctor visits the the housing board colony health center,Health,4
Electric pole near Bypass Road is leaning dangerously,Electricity,2
Overcrowded classrooms reported in Chromepet government school,Education,1
No specialist doctor visits the Ambattur health center,Health,4
Transformer near Station Road in Ward 12 is not working,Electricity,2
Plastic waste dumped near the water body in Perambur,Environment,3
Water pipe burst near Park Avenue in Nungambakkam,Water Supply,11
Leaking pipeline is wasting water on South Street,Water Supply,11
Stray dogs are attacking residents in Sector 5,Public Safety,5
Dead animal left uncollected on Park Avenue in Guindy,Waste Management,10
Money was demanded for processing a pension application in Ward 12,Corruption,0
Water pipe burst near Park Avenue in near the temple,Water Supply,11
Street light flickers continuously on MG Road,Street Lighting,8
No water connection provided despite application in the government school area,Water Supply,11
Leaking pipeline is wasting water on School Lane,Water Supply,11
Water supply has been irregular in Chromepet for 10 weeks,Water Supply,11
Stray dogs are attacking residents in Kolathur,Public Safety,5
Power supply tripped and not restored for 4 hours in Block C,Electricity,2
Long waiting times reported at Chromepet government hospital,Health,4
Newly laid road on Bypass Road is already damaged,Road Maintenance,7
2 street lights have been off for weeks near Bazaar Street,Street Lighting,8
Solar street lights installed in Guindy are non functional,Street Lighting,8
Water body near Ambattur is being polluted by industrial waste,Environment,3
"Low water pressure reported near Ring Road, Tambaram",Water Supply,11
Transformer near Bazaar Street in Kodambakkam is not working,Electricity,2
Burning of waste is causing smoke in near the temple,Environment,3
Public dustbin near South Street is broken and overflowing,Waste Management,10
Segregated waste is being mixed by collection staff in Sector 5,Waste Management,10
Bus conductor misbehaved with passengers on the railway station road route,Public Transport,6
Dumping ground near Kolathur is causing bad odor,Waste Management,10
Someone demanded a bribe for approval of a document in Guindy,Corruption,0
Traffic signal timing is too short at Bazaar Street,Traffic,9
No science teacher appointed at Alwarpet school for 10 months,Education,1
Water body near the housing board colony is being polluted by industrial waste,Environment,3
Textbooks not distributed on time in Pallavaram schools,Education,1
Teacher is absent regularly at the Kolathur government school,Education,1
Bus frequency has reduced drastically on Velachery route,Public Transport,6
Vaccination camp was cancelled without notice in Tambaram,Health,4
A municipal worker is taking bribes for water connection approvals in Pallavaram,Corruption,0
Signboards are missing at the Main Road intersection,Traffic,9
Borewell in Nungambakkam has run dry,Water Supply,11
"Low water pressure reported near School Lane, Perambur",Water Supply,11
Government hospital near Temple Street lacks basic medicines,Health,4
Teacher is absent regularly at the the old bus stand area government school,Education,1
No water connection provided despite application in Nungambakkam,Water Supply,11
Government hospital near MG Road lacks basic medicines,Health,4
Frequent power cuts are occurring in Saidapet,Electricity,2
There is no drinking water in near the temple for the past 7 days,Water Supply,11
Streetside electric meter is sparking in the main market road,Electricity,2
Public dustbin near MG Road is broken and overflowing,Waste Management,10
Illegal sand mining reported near Sector 5,Environment,3
Electric pole near Nehru Street is leaning dangerously,Electricity,2
Plastic waste dumped near the water body in the old bus stand area,Environment,3
Noise pollution from construction near School Lane at night,Environment,3
Official at the Anna Nagar office is demanding money for a certificate,Corruption,0
"Street lights remain on during daytime in the industrial estate, wasting power",Street Lighting,8
Illegal parking is causing traffic jams on Gandhi Street,Traffic,9
No science teacher appointed at Anna Nagar school for 14 months,Education,1
Street light flickers continuously on Main Road,Street Lighting,8
No specialist doctor visits the the old bus stand area health center,Health,4
Bus stop shelter near School Lane is damaged,Public Transport,6
Hospital in Sector 5 has no doctors available,Health,4
Vaccination camp was cancelled without notice in the old bus stand area,Health,4
Illegal dumping of waste is happening near Main Road,Waste Management,10
Encroachment on the lake near Tambaram is destroying wetlands,Environment,3
Deep pit left uncovered near Ring Road in Phase 2,Public Safety,5
Abandoned building near Temple Street is unsafe for children,Public Safety,5
Textbooks not distributed on time in Mylapore schools,Education,1
Bus stop shelter near Station Road is damaged,Public Transport,6
Official at the Porur office is demanding money for a certificate,Corruption,0
Transformer near North Street in Sector 5 is not working,Electricity,2
Public dustbin near Station Road is broken and overflowing,Waste Management,10
Streetside electric meter is sparking in Nungambakkam,Electricity,2
Segregated waste is being mixed by collection staff in Nungambakkam,Waste Management,10
Bribe was demanded for issuing a building permit in the railway station road,Corruption,0
Hospital in the main market road lacks cleanliness and hygiene,Health,4
Dumping ground near the old bus stand area is causing bad odor,Waste Management,10
Last bus timing has been cancelled for the industrial estate,Public Transport,6
Hospital in Ambattur lacks cleanliness and hygiene,Health,4
Signboards are missing at the Station Road intersection,Traffic,9
Road near South Street has not been repaired after monsoon,Road Maintenance,7
Live wire lying on Bazaar Street poses electrocution risk,Public Safety,5
No waste collection service provided in the panchayat office area colony,Waste Management,10
Bus frequency has reduced drastically on Nungambakkam route,Public Transport,6
Speed breakers are missing near the school on Station Road,Road Maintenance,7
"Street lights remain on during daytime in Anna Nagar, wasting power",Street Lighting,8
Someone demanded a bribe for approval of a document in Nungambakkam,Corruption,0
"No signal at the school crossing near MG Road, Sector 5",Traffic,9
Air pollution levels are high near the factory in Porur,Environment,3
Hospital in Ambattur has no doctors available,Health,4
Speed breakers are missing near the school on Main Road,Road Maintenance,7
Money was demanded for processing a pension application in Chromepet,Corruption,0
Segregated waste is being mixed by collection staff in Anna Nagar,Waste Management,10
Water supply has been irregular in Guindy for 7 weeks,Water Supply,11
Last bus timing has been cancelled for Adyar,Public Transport,6
Illegal parking is causing traffic jams on Station Road,Traffic,9
Long waiting times reported at Chromepet government hospital,Health,4
Ambulance service is delayed in Saidapet,Health,4
Corruption reported in distribution of government scheme benefits in Ambattur,Corruption,0
Garbage collection truck has not come to Block C for 5 days,Waste Management,10
Water pipe burst near Market Road in Vadapalani,Water Supply,11
No bus service available to Pallavaram after 8 pm,Public Transport,6
Zebra crossing markings have faded on Church Street,Traffic,9
Government hospital near Temple Street lacks basic medicines,Health,4
Overhead tank in Mylapore has not been cleaned in months,Water Supply,11
Someone demanded a bribe for approval of a document in the government school area,Corruption,0
Mid day meal quality is poor at the government school area school,Education,1
Illegal sand mining reported near Anna Nagar,Environment,3
Speed breakers are missing near the school on North Street,Road Maintenance,7
Long waiting times reported at the government school area government hospital,Health,4
Garbage collection truck has not come to Alwarpet for 7 days,Waste Management,10
Borewell in Chromepet has run dry,Water Supply,11
Last bus timing has been cancelled for Adyar,Public Transport,6
Bus frequency has reduced drastically on Adyar route,Public Transport,6
Illegal parking is causing traffic jams on North Street,Traffic,9
Zebra crossing markings have faded on Station Road,Traffic,9
Streetside electric meter is sparking in Perambur,Electricity,2
Segregated waste is being mixed by collection staff in Velachery,Waste Management,10
Road near Temple Street has not been repaired after monsoon,Road Maintenance,7
Hospital in the railway station road has no doctors available,Health,4
Auto drivers are refusing to use the meter near Bypass Road,Public Transport,6
"Low water pressure reported near Ring Road, Vadapalani",Water Supply,11
Bus conductor misbehaved with passengers on the industrial estate route,Public Transport,6
"New street light pole is needed on South Street, Pallavaram",Street Lighting,8
Bribe was demanded for issuing a building permit in the old bus stand area,Corruption,0
Dark stretch on School Lane due to broken street lights,Street Lighting,8
Public dustbin near Park Avenue is broken and overflowing,Waste Management,10
Speed breakers are missing near the school on Bypass Road,Road Maintenance,7
No science teacher appointed at Kolathur school for 11 months,Education,1
Street lights are not working on School Lane in Ward 12,Street Lighting,8
No security personnel at the public park in Anna Nagar,Public Safety,5
Illegal parking is causing traffic jams on Market Road,Traffic,9
Deep pit left uncovered near Bazaar Street in near the temple,Public Safety,5
Bus frequency has reduced drastically on Saidapet route,Public Transport,6
No waste collection service provided in the main market road colony,Waste Management,10
Illegal sand mining reported near Alwarpet,Environment,3
Vaccination camp was cancelled without notice in Kolathur,Health,4
School lacks drinking water facility in the old bus stand area,Education,1
No security personnel at the public park in the main market road,Public Safety,5
Primary health center in Guindy is understaffed,Health,4
No security personnel at the public park in the housing board colony,Public Safety,5
Speed breakers are missing near the school on North Street,Road Maintenance,7
Water tanker did not arrive in the government school area as scheduled,Water Supply,11
Frequent traffic congestion on Church Street during peak hours,Traffic,9
Overhead tank in Adyar has not been cleaned in months,Water Supply,11
Segregated waste is being mixed by collection staff in Egmore,Waste Management,10
Garbage is overflowing near MG Road in the government school area,Waste Management,10
Transformer near Temple Street in T Nagar is not working,Electricity,2
Frequent power cuts are occurring in Ambattur,Electricity,2
Illegal sand mining reported near the railway station road,Environment,3
Bus frequency has reduced drastically on Anna Nagar route,Public Transport,6
Illegal tree cutting is happening near North Street in Royapettah,Environment,3
Electric pole near Nehru Street is leaning dangerously,Electricity,2
Bus stop shelter near Park Avenue is damaged,Public Transport,6
Road divider near School Lane is broken,Road Maintenance,7
A contractor is taking bribes for water connection approvals in Egmore,Corruption,0
No traffic police present at busy junction near School Lane,Traffic,9
Water pipe burst near North Street in T Nagar,Water Supply,11
Frequent traffic congestion on South Street during peak hours,Traffic,9
13 street lights have been off for weeks near Bypass Road,Street Lighting,8
Hospital in Nungambakkam has no doctors available,Health,4
Overcrowded buses are running on the the old bus stand area route,Public Transport,6
Plastic waste dumped near the water body in Egmore,Environment,3
Broken compound wall near Temple Street is a safety hazard,Public Safety,5
Unsafe construction site near North Street lacks barricades,Public Safety,5
Hospital in the housing board colony lacks cleanliness and hygiene,Health,4
Ambulance service is delayed in the railway station road,Health,4
Overhead tank in Nungambakkam has not been cleaned in months,Water Supply,11
Street light flickers continuously on Temple Street,Street Lighting,8
Official at the Anna Nagar office is demanding money for a certificate,Corruption,0
Water pipe burst near Ring Road in Adyar,Water Supply,11
Billing error in electricity charges for Guindy residents,Electricity,2
Overhead tank in Kodambakkam has not been cleaned in months,Water Supply,11
Road near Temple Street has not been repaired after monsoon,Road Maintenance,7
Bribe was demanded for issuing a building permit in Velachery,Corruption,0
Garbage collection truck has not come to Ambattur for 11 days,Waste Management,10
School lacks drinking water facility in Perambur,Education,1
Overcrowded classrooms reported in Mylapore government school,Education,1
Huge potholes on Nehru Street in Tambaram,Road Maintenance,7
Borewell in T Nagar has run dry,Water Supply,11
No bus service available to Royapettah after 8 pm,Public Transport,6
A municipal worker asked for extra money to process ration card in the housing board colony,Corruption,0
"New street light pole is needed on Main Road, the government school area",Street Lighting,8
No specialist doctor visits the Chromepet health center,Health,4
Water supply has been irregular in Alwarpet for 6 weeks,Water Supply,11
Bus service is irregular on the Vadapalani route,Public Transport,6
No bus service available to Nungambakkam after 8 pm,Public Transport,6
Illegal dumping of waste is happening near Station Road,Waste Management,10
Water body near the old bus stand area is being polluted by industrial waste,Environment,3
"Low water pressure reported near Gandhi Street, Kodambakkam",Water Supply,11
No science teacher appointed at Pallavaram school for 8 months,Education,1
Illegal dumping of waste is happening near School Lane,Waste Management,10
Speed breakers are missing near the school on Main Road,Road Maintenance,7
Textbooks not distributed on time in the railway station road schools,Education,1
Live wire lying on School Lane poses electrocution risk,Public Safety,5
Teacher is absent regularly at the the main market road government school,Education,1
There is no drinking water in Block C for the past 12 days,Water Supply,11
No bus service available to Vadapalani after 8 pm,Public Transport,6
Hospital in Ward 12 has no doctors available,Health,4
Frequent power cuts are occurring in Nungambakkam,Electricity,2
Signboards are missing at the South Street intersection,Traffic,9
School lacks drinking water facility in Perambur,Education,1
Huge potholes on Market Road in Adyar,Road Maintenance,7
Someone demanded a bribe for approval of a document in Vadapalani,Corruption,0
"New street light pole is needed on Park Avenue, Porur",Street Lighting,8
Illegal dumping of waste is happening near Church Street,Waste Management,10
Illegal parking is causing traffic jams on Main Road,Traffic,9
Water body near Porur is being polluted by industrial waste,Environment,3
Illegal sand mining reported near Sector 5,Environment,3
Primary health center in Tambaram is understaffed,Health,4
Waterlogging occurs on Temple Street during rains,Road Maintenance,7
No traffic police present at busy junction near Market Road,Traffic,9
Burning of waste is causing smoke in Adyar,Environment,3
Traffic signal timing is too short at North Street,Traffic,9
Bribe was demanded for issuing a building permit in Alwarpet,Corruption,0
Public dustbin near Park Avenue is broken and overflowing,Waste Management,10
Overhead tank in the housing board colony has not been cleaned in months,Water Supply,11
Solar street lights installed in near the temple are non functional,Street Lighting,8
Speed breakers are missing near the school on Church Street,Road Maintenance,7
Borewell in the government school area has run dry,Water Supply,11
Open manhole causing danger on Market Road in Mylapore,Public Safety,5
Electric pole near Bazaar Street is leaning dangerously,Electricity,2
Deep pit left uncovered near Station Road in Perambur,Public Safety,5
Ambulance service is delayed in Vadapalani,Health,4
No science teacher appointed at Ward 12 school for 11 months,Education,1
Someone demanded a bribe for approval of a document in Block C,Corruption,0
Huge potholes on Bazaar Street in Perambur,Road Maintenance,7
Signboards are missing at the MG Road intersection,Traffic,9
Water tanker did not arrive in Porur as scheduled,Water Supply,11
School building near Main Road needs urgent repair,Education,1
Overcrowded buses are running on the Block C route,Public Transport,6
Garbage collection truck has not come to Perambur for 13 days,Waste Management,10
Encroachment on the lake near Porur is destroying wetlands,Environment,3
Signboards are missing at the Nehru Street intersection,Traffic,9
Illegal parking is causing traffic jams on Park Avenue,Traffic,9
Air pollution levels are high near the factory in the housing board colony,Environment,3
Official at the Pallavaram office is demanding money for a certificate,Corruption,0
No science teacher appointed at Pallavaram school for 12 months,Education,1
Abandoned building near Nehru Street is unsafe for children,Public Safety,5
"New street light pole is needed on MG Road, Nungambakkam",Street Lighting,8
Garbage collection truck has not come to the housing board colony for 13 days,Waste Management,10
Illegal sand mining reported near the railway station road,Environment,3
Bus frequency has reduced drastically on T Nagar route,Public Transport,6
"No footpath available on Ring Road, pedestrians face danger",Road Maintenance,7
Huge potholes on Ring Road in the main market road,Road Maintenance,7
School in the government school area lacks proper toilet facilities,Education,1
Frequent traffic congestion on Bazaar Street during peak hours,Traffic,9
Exposed wires near School Lane pose a danger to residents,Electricity,2
Official at the Phase 2 office is demanding money for a certificate,Corruption,0
A municipal worker is taking bribes for water connection approvals in the railway station road,Corruption,0
7 street lights have been off for weeks near School Lane,Street Lighting,8
Mid day meal quality is poor at near the temple school,Education,1
No water connection provided despite application in Phase 2,Water Supply,11
Huge potholes on Gandhi Street in Ward 12,Road Maintenance,7
Dark stretch on Ring Road due to broken street lights,Street Lighting,8
Bus service is irregular on the Sector 5 route,Public Transport,6
Abandoned building near Station Road is unsafe for children,Public Safety,5
Newly laid road on Gandhi Street is already damaged,Road Maintenance,7
Signboards are missing at the MG Road intersection,Traffic,9
Streetside electric meter is sparking in Saidapet,Electricity,2
Huge potholes on Main Road in Alwarpet,Road Maintenance,7
Stray dogs are attacking residents in Phase 2,Public Safety,5
School lacks drinking water facility in Pallavaram,Education,1
No science teacher appointed at Ambattur school for 11 months,Education,1
Noise pollution from construction near North Street at night,Environment,3
Public dustbin near MG Road is broken and overflowing,Waste Management,10
Deep pit left uncovered near Station Road in Kodambakkam,Public Safety,5
Bribe was demanded for issuing a building permit in Chromepet,Corruption,0
Hospital in Alwarpet lacks cleanliness and hygiene,Health,4
A middleman asked for extra money to process ration card in the government school area,Corruption,0
Stray dogs are attacking residents in the panchayat office area,Public Safety,5
Corruption reported in distribution of government scheme benefits in Royapettah,Corruption,0
Solar street lights installed in Block C are non functional,Street Lighting,8
Segregated waste is being mixed by collection staff in Porur,Waste Management,10
Open manhole causing danger on Ring Road in Block C,Public Safety,5
Huge potholes on Bypass Road in Phase 2,Road Maintenance,7
Garbage is overflowing near Bypass Road in Mylapore,Waste Management,10
"Traffic signal is damaged at Bazaar Street junction, Royapettah",Traffic,9
School in Tambaram lacks proper toilet facilities,Education,1
Dumping ground near Tambaram is causing bad odor,Waste Management,10
Voltage fluctuation is damaging appliances in Ward 12,Electricity,2
Mid day meal quality is poor at Mylapore school,Education,1
Illegal tree cutting is happening near Main Road in Adyar,Environment,3
Traffic signal timing is too short at Bypass Road,Traffic,9
Illegal sand mining reported near T Nagar,Environment,3
Road near Station Road has not been repaired after monsoon,Road Maintenance,7
A municipal worker asked for extra money to process ration card in Nungambakkam,Corruption,0
Abandoned building near North Street is unsafe for children,Public Safety,5
Teacher is absent regularly at the Ambattur government school,Education,1
Primary health center in the housing board colony is understaffed,Health,4
"New street light pole is needed on Bypass Road, Kolathur",Street Lighting,8
Bribe was demanded for issuing a building permit in Royapettah,Corruption,0
"Low water pressure reported near Main Road, Porur",Water Supply,11
Someone demanded a bribe for approval of a document in Nungambakkam,Corruption,0
Auto drivers are refusing to use the meter near Ring Road,Public Transport,6
No security personnel at the public park in Sector 5,Public Safety,5
New electricity connection is delayed in Alwarpet,Electricity,2
Live wire lying on North Street poses electrocution risk,Public Safety,5
An officer at the counter is taking bribes for water connection approvals in Vadapalani,Corruption,0
"Traffic signal is damaged at Bypass Road junction, Royapettah",Traffic,9
Illegal dumping of waste is happening near Market Road,Waste Management,10
No specialist doctor visits the Adyar health center,Health,4
"Low water pressure reported near South Street, Block C",Water Supply,11
No waste collection service provided in the industrial estate colony,Waste Management,10
"Street lights remain on during daytime in Ward 12, wasting power",Street Lighting,8
Public dustbin near Temple Street is broken and overflowing,Waste Management,10
Hospital in the government school area has no doctors available,Health,4
Burning of waste is causing smoke in Saidapet,Environment,3
"No signal at the school crossing near Church Street, Kodambakkam",Traffic,9
Garbage is overflowing near Park Avenue in Kodambakkam,Waste Management,10
"New street light pole is needed on Temple Street, Saidapet",Street Lighting,8
Air pollution levels are high near the factory in Adyar,Environment,3
Water body near Tambaram is being polluted by industrial waste,Environment,3
There is no drinking water in the railway station road for the past 14 days,Water Supply,11
Encroachment on the lake near the main market road is destroying wetlands,Environment,3
Textbooks not distributed on time in the railway station road schools,Education,1
Garbage collection truck has not come to Kodambakkam for 8 days,Waste Management,10
Bus frequency has reduced drastically on T Nagar route,Public Transport,6
"Traffic signal is damaged at Ring Road junction, Phase 2",Traffic,9
Mid day meal quality is poor at Perambur school,Education,1
School building near Main Road needs urgent repair,Education,1
Bus stop shelter near Station Road is damaged,Public Transport,6
Construction debris left on South Street blocking traffic,Road Maintenance,7
Official at the Royapettah office is demanding money for a certificate,Corruption,0
Solar street lights installed in Mylapore are non functional,Street Lighting,8
Open manhole causing danger on MG Road in the housing board colony,Public Safety,5
No water connection provided despite application in Saidapet,Water Supply,11
Speed breakers are missing near the school on Station Road,Road Maintenance,7
Long waiting times reported at Chromepet government hospital,Health,4
A government official is taking bribes for water connection approvals in Mylapore,Corruption,0
Huge potholes on Main Road in Pallavaram,Road Maintenance,7
Transformer near Ring Road in T Nagar is not working,Electricity,2
Air pollution levels are high near the factory in Royapettah,Environment,3
Textbooks not distributed on time in Guindy schools,Education,1
Huge potholes on North Street in Velachery,Road Maintenance,7
Burning of waste is causing smoke in Perambur,Environment,3
No traffic police present at busy junction near Main Road,Traffic,9
Auto drivers are refusing to use the meter near Station Road,Public Transport,6
"Low water pressure reported near North Street, Sector 5",Water Supply,11
No waste collection service provided in Porur colony,Waste Management,10
Road divider near MG Road is broken,Road Maintenance,7
Hospital in Pallavaram lacks cleanliness and hygiene,Health,4
Mid day meal quality is poor at the industrial estate school,Education,1
Frequent power cuts are occurring in Egmore,Electricity,2
Primary health center in Anna Nagar is understaffed,Health,4
Waterlogging occurs on Bypass Road during rains,Road Maintenance,7
New electricity connection is delayed in Ward 12,Electricity,2
Stray dogs are attacking residents in Anna Nagar,Public Safety,5
School in Nungambakkam lacks proper toilet facilities,Education,1
Garbage is overflowing near Church Street in Vadapalani,Waste Management,10
Frequent power cuts are occurring in Velachery,Electricity,2
No security personnel at the public park in Saidapet,Public Safety,5
Bribe was demanded for issuing a building permit in Sector 5,Corruption,0
Stray dogs are attacking residents in the housing board colony,Public Safety,5
Open manhole causing danger on Church Street in Egmore,Public Safety,5
"No signal at the school crossing near Church Street, Pallavaram",Traffic,9
Transformer near School Lane in T Nagar is not working,Electricity,2
School building near School Lane needs urgent repair,Education,1
Money was demanded for processing a pension application in Mylapore,Corruption,0
"Street lights remain on during daytime in Guindy, wasting power",Street Lighting,8
No security personnel at the public park in near the temple,Public Safety,5
Encroachment on the lake near Kodambakkam is destroying wetlands,Environment,3
Someone demanded a bribe for approval of a document in Adyar,Corruption,0
Primary health center in Sector 5 is understaffed,Health,4
Mid day meal quality is poor at Sector 5 school,Education,1
Overcrowded buses are running on the near the temple route,Public Transport,6
School building near Bazaar Street needs urgent repair,Education,1
Bus conductor misbehaved with passengers on Adyar route,Public Transport,6
Contaminated water is being supplied in Velachery,Water Supply,11
Government hospital near Nehru Street lacks basic medicines,Health,4
Bribe was demanded for issuing a building permit in the old bus stand area,Corruption,0
Illegal tree cutting is happening near Main Road in the old bus stand area,Environment,3
No traffic police present at busy junction near Park Avenue,Traffic,9
Waterlogging occurs on MG Road during rains,Road Maintenance,7
Burning of waste is causing smoke in Guindy,Environment,3
Teacher is absent regularly at the Guindy government school,Education,1
No traffic police present at busy junction near Station Road,Traffic,9
3 street lights have been off for weeks near School Lane,Street Lighting,8
Segregated waste is being mixed by collection staff in T Nagar,Waste Management,10
Zebra crossing markings have faded on Ring Road,Traffic,9
Voltage fluctuation is damaging appliances in Velachery,Electricity,2
Plastic waste dumped near the water body in near the temple,Environment,3
"No signal at the school crossing near North Street, Anna Nagar",Traffic,9
Illegal parking is causing traffic jams on Park Avenue,Traffic,9
Ambulance service is delayed in Phase 2,Health,4
Illegal tree cutting is happening near Gandhi Street in the industrial estate,Environment,3
Street lights are not working on Nehru Street in Mylapore,Street Lighting,8
School building near Main Road needs urgent repair,Education,1
Traffic signal timing is too short at South Street,Traffic,9
School lacks drinking water facility in Kolathur,Education,1
Street light wiring is exposed and dangerous in Block C,Street Lighting,8
No security personnel at the public park in the railway station road,Public Safety,5
No waste collection service provided in T Nagar colony,Waste Management,10
Water supply has been irregular in the old bus stand area for 6 weeks,Water Supply,11
Garbage collection truck has not come to Tambaram for 13 days,Waste Management,10
Dark stretch on Main Road due to broken street lights,Street Lighting,8
Plastic waste dumped near the water body in the industrial estate,Environment,3
Street lights are not working on Market Road in Sector 5,Street Lighting,8
Plastic waste dumped near the water body in T Nagar,Environment,3
Broken compound wall near Station Road is a safety hazard,Public Safety,5
Construction debris left on South Street blocking traffic,Road Maintenance,7
Auto drivers are refusing to use the meter near Ring Road,Public Transport,6
Electric pole near Station Road is leaning dangerously,Electricity,2
Frequent power cuts are occurring in Guindy,Electricity,2
Plastic waste dumped near the water body in Phase 2,Environment,3
Money was demanded for processing a pension application in the panchayat office area,Corruption,0
Unsafe construction site near Park Avenue lacks barricades,Public Safety,5
Illegal dumping of waste is happening near Nehru Street,Waste Management,10
Primary health center in near the temple is understaffed,Health,4
Frequent traffic congestion on Temple Street during peak hours,Traffic,9
"Low water pressure reported near Ring Road, Kodambakkam",Water Supply,11
Hospital in Pallavaram has no doctors available,Health,4
Dead animal left uncollected on North Street in Anna Nagar,Waste Management,10
A clerk asked for extra money to process ration card in Adyar,Corruption,0
Exposed wires near School Lane pose a danger to residents,Electricity,2
Long waiting times reported at Ward 12 government hospital,Health,4
Long waiting times reported at the panchayat office area government hospital,Health,4
Street lights are not working on Temple Street in Pallavaram,Street Lighting,8
Overcrowded buses are running on the Saidapet route,Public Transport,6
Illegal tree cutting is happening near Church Street in Anna Nagar,Environment,3
Noise pollution from construction near Station Road at night,Environment,3
Dumping ground near Egmore is causing bad odor,Waste Management,10
Overcrowded classrooms reported in the government school area government school,Education,1
10 street lights have been off for weeks near South Street,Street Lighting,8
Exposed wires near Station Road pose a danger to residents,Electricity,2
Water tanker did not arrive in the government school area as scheduled,Water Supply,11
No specialist doctor visits the the panchayat office area health center,Health,4
"Low water pressure reported near Bypass Road, Pallavaram",Water Supply,11
Newly laid road on Bypass Road is already damaged,Road Maintenance,7
Electricity is unavailable in Alwarpet for the past 10 days,Electricity,2
Hospital in Ward 12 lacks cleanliness and hygiene,Health,4
Corruption reported in distribution of government scheme benefits in Tambaram,Corruption,0
Bus conductor misbehaved with passengers on Guindy route,Public Transport,6
Bus frequency has reduced drastically on Ambattur route,Public Transport,6
Road divider near Station Road is broken,Road Maintenance,7
Garbage collection truck has not come to Ambattur for 2 days,Waste Management,10
No security personnel at the public park in the panchayat office area,Public Safety,5
An officer at the counter is taking bribes for water connection approvals in Porur,Corruption,0
Huge potholes on MG Road in the railway station road,Road Maintenance,7
Garbage collection truck has not come to the housing board colony for 6 days,Waste Management,10
Traffic signal timing is too short at Main Road,Traffic,9
Billing error in electricity charges for Royapettah residents,Electricity,2
No waste collection service provided in Adyar colony,Waste Management,10
"Low water pressure reported near Church Street, Sector 5",Water Supply,11
Borewell in T Nagar has run dry,Water Supply,11
No traffic police present at busy junction near Temple Street,Traffic,9
"No signal at the school crossing near School Lane, Alwarpet",Traffic,9
Overcrowded buses are running on the Guindy route,Public Transport,6
There is no drinking water in the industrial estate for the past 3 days,Water Supply,11
"Street lights remain on during daytime in the industrial estate, wasting power",Street Lighting,8
Ambulance service is delayed in Perambur,Health,4
Leaking pipeline is wasting water on Station Road,Water Supply,11
Deep pit left uncovered near Market Road in Porur,Public Safety,5
"Low water pressure reported near Ring Road, the railway station road",Water Supply,11
A government official asked for extra money to process ration card in Velachery,Corruption,0
A middleman is taking bribes for water connection approvals in Egmore,Corruption,0
6 street lights have been off for weeks near South Street,Street Lighting,8
Segregated waste is being mixed by collection staff in Kolathur,Waste Management,10
There is no drinking water in Royapettah for the past 14 days,Water Supply,11
Corruption reported in distribution of government scheme benefits in Tambaram,Corruption,0
Illegal tree cutting is happening near School Lane in Pallavaram,Environment,3
Ambulance service is delayed in T Nagar,Health,4
Huge potholes on Bypass Road in the housing board colony,Road Maintenance,7
Newly laid road on Bazaar Street is already damaged,Road Maintenance,7
Transformer near Station Road in Mylapore is not working,Electricity,2
No security personnel at the public park in Porur,Public Safety,5
8 street lights have been off for weeks near MG Road,Street Lighting,8
Huge potholes on Bazaar Street in Porur,Road Maintenance,7
Bus frequency has reduced drastically on Kolathur route,Public Transport,6
No security personnel at the public park in Porur,Public Safety,5
Someone demanded a bribe for approval of a document in Porur,Corruption,0
Garbage collection truck has not come to Phase 2 for 6 days,Waste Management,10
Solar street lights installed in Mylapore are non functional,Street Lighting,8
Garbage is overflowing near Temple Street in Ambattur,Waste Management,10
Vaccination camp was cancelled without notice in Saidapet,Health,4
Power supply tripped and not restored for 11 hours in Saidapet,Electricity,2
School in Pallavaram lacks proper toilet facilities,Education,1
Power supply tripped and not restored for 2 hours in Kolathur,Electricity,2
"Traffic signal is damaged at Church Street junction, Adyar",Traffic,9
Official at the Vadapalani office is demanding money for a certificate,Corruption,0
Segregated waste is being mixed by collection staff in Royapettah,Waste Management,10
An officer at the counter asked for extra money to process ration card in Pallavaram,Corruption,0
Broken compound wall near MG Road is a safety hazard,Public Safety,5
Street light flickers continuously on Nehru Street,Street Lighting,8
Road divider near Park Avenue is broken,Road Maintenance,7
No science teacher appointed at Pallavaram school for 2 months,Education,1
Corruption reported in distribution of government scheme benefits in Chromepet,Corruption,0
Hospital in Velachery lacks cleanliness and hygiene,Health,4
"Low water pressure reported near Temple Street, Velachery",Water Supply,11
Public dustbin near Bypass Road is broken and overflowing,Waste Management,10
Voltage fluctuation is damaging appliances in the housing board colony,Electricity,2
Noise pollution from construction near South Street at night,Environment,3
Road near Market Road has not been repaired after monsoon,Road Maintenance,7
Illegal sand mining reported near Mylapore,Environment,3
Encroachment on the lake near Vadapalani is destroying wetlands,Environment,3
Abandoned building near Bypass Road is unsafe for children,Public Safety,5
Zebra crossing markings have faded on Park Avenue,Traffic,9
Overcrowded buses are running on the Sector 5 route,Public Transport,6
No security personnel at the public park in Alwarpet,Public Safety,5
Street light wiring is exposed and dangerous in Pallavaram,Street Lighting,8
Power supply tripped and not restored for 7 hours in the industrial estate,Electricity,2
No specialist doctor visits the Alwarpet health center,Health,4
Hospital in Sector 5 lacks cleanliness and hygiene,Health,4
Solar street lights installed in Alwarpet are non functional,Street Lighting,8
School building near Main Road needs urgent repair,Education,1
Bus service is irregular on the Chromepet route,Public Transport,6
Leaking pipeline is wasting water on School Lane,Water Supply,11
Bus stop shelter near South Street is damaged,Public Transport,6
Construction debris left on School Lane blocking traffic,Road Maintenance,7
No security personnel at the public park in Chromepet,Public Safety,5
Garbage collection truck has not come to Pallavaram for 7 days,Waste Management,10
Dead animal left uncollected on Station Road in Egmore,Waste Management,10
School lacks drinking water facility in Ambattur,Education,1
Hospital in the panchayat office area lacks cleanliness and hygiene,Health,4
Zebra crossing markings have faded on Church Street,Traffic,9
Huge potholes on Market Road in Velachery,Road Maintenance,7
Bus frequency has reduced drastically on Adyar route,Public Transport,6
Overcrowded classrooms reported in Pallavaram government school,Education,1
"New street light pole is needed on Market Road, T Nagar",Street Lighting,8
Street light wiring is exposed and dangerous in near the temple,Street Lighting,8
School lacks drinking water facility in Alwarpet,Education,1
Broken compound wall near North Street is a safety hazard,Public Safety,5
Illegal dumping of waste is happening near School Lane,Waste Management,10
Auto drivers are refusing to use the meter near Station Road,Public Transport,6
School in Tambaram lacks proper toilet facilities,Education,1
School lacks drinking water facility in Vadapalani,Education,1
Water tanker did not arrive in Vadapalani as scheduled,Water Supply,11
Construction debris left on Temple Street blocking traffic,Road Maintenance,7
Street light wiring is exposed and dangerous in Phase 2,Street Lighting,8
Electricity is unavailable in the housing board colony for the past 6 days,Electricity,2
Solar street lights installed in Sector 5 are non functional,Street Lighting,8
Water tanker did not arrive in the old bus stand area as scheduled,Water Supply,11
Textbooks not distributed on time in Vadapalani schools,Education,1
"Low water pressure reported near North Street, Kolathur",Water Supply,11
Primary health center in Royapettah is understaffed,Health,4
Dumping ground near the housing board colony is causing bad odor,Waste Management,10
Segregated waste is being mixed by collection staff in Velachery,Waste Management,10
Dead animal left uncollected on Bypass Road in Sector 5,Waste Management,10
Burning of waste is causing smoke in Kodambakkam,Environment,3
Zebra crossing markings have faded on Nehru Street,Traffic,9
Zebra crossing markings have faded on Ring Road,Traffic,9
Exposed wires near School Lane pose a danger to residents,Electricity,2
Streetside electric meter is sparking in the housing board colony,Electricity,2
Exposed wires near Nehru Street pose a danger to residents,Electricity,2
"Low water pressure reported near Main Road, Pallavaram",Water Supply,11
Burning of waste is causing smoke in Ambattur,Environment,3
Auto drivers are refusing to use the meter near Market Road,Public Transport,6
Encroachment on the lake near Egmore is destroying wetlands,Environment,3
Illegal dumping of waste is happening near Ring Road,Waste Management,10
Garbage collection truck has not come to Ward 12 for 12 days,Waste Management,10
Official at the Nungambakkam office is demanding money for a certificate,Corruption,0
13 street lights have been off for weeks near Nehru Street,Street Lighting,8
Bus service is irregular on the Anna Nagar route,Public Transport,6
Electricity is unavailable in Perambur for the past 8 days,Electricity,2
"No signal at the school crossing near Main Road, the railway station road",Traffic,9
Live wire lying on MG Road poses electrocution risk,Public Safety,5
There is no drinking water in Egmore for the past 4 days,Water Supply,11
Primary health center in Tambaram is understaffed,Health,4
Government hospital near Station Road lacks basic medicines,Health,4
No science teacher appointed at Block C school for 10 months,Education,1
Plastic waste dumped near the water body in the old bus stand area,Environment,3
"No footpath available on Main Road, pedestrians face danger",Road Maintenance,7
Street light flickers continuously on School Lane,Street Lighting,8
Waterlogging occurs on Temple Street during rains,Road Maintenance,7
Official at the Ward 12 office is demanding money for a certificate,Corruption,0
Primary health center in Ward 12 is understaffed,Health,4
Bribe was demanded for issuing a building permit in Nungambakkam,Corruption,0
Traffic signal timing is too short at MG Road,Traffic,9
Solar street lights installed in Ambattur are non functional,Street Lighting,8
Bus service is irregular on the the housing board colony route,Public Transport,6
Water pipe burst near Market Road in Ambattur,Water Supply,11
Exposed wires near Nehru Street pose a danger to residents,Electricity,2
Overcrowded buses are running on the Block C route,Public Transport,6
Dead animal left uncollected on Bypass Road in Mylapore,Waste Management,10
Overhead tank in Pallavaram has not been cleaned in months,Water Supply,11
Deep pit left uncovered near Church Street in the housing board colony,Public Safety,5
Road divider near Church Street is broken,Road Maintenance,7
Mid day meal quality is poor at Vadapalani school,Education,1
School building near MG Road needs urgent repair,Education,1
No security personnel at the public park in Tambaram,Public Safety,5
Textbooks not distributed on time in T Nagar schools,Education,1
Billing error in electricity charges for the housing board colony residents,Electricity,2
Road divider near Gandhi Street is broken,Road Maintenance,7
Construction debris left on Market Road blocking traffic,Road Maintenance,7
Frequent power cuts are occurring in Alwarpet,Electricity,2
Overhead tank in Adyar has not been cleaned in months,Water Supply,11
Encroachment on the lake near the main market road is destroying wetlands,Environment,3
No specialist doctor visits the the main market road health center,Health,4
Official at the Ward 12 office is demanding money for a certificate,Corruption,0
Long waiting times reported at Anna Nagar government hospital,Health,4
Plastic waste dumped near the water body in Saidapet,Environment,3
Bus stop shelter near South Street is damaged,Public Transport,6
Traffic signal timing is too short at MG Road,Traffic,9
Street lights are not working on Temple Street in Saidapet,Street Lighting,8
Overcrowded buses are running on the Ward 12 route,Public Transport,6
"No footpath available on Gandhi Street, pedestrians face danger",Road Maintenance,7
Bus frequency has reduced drastically on Kolathur route,Public Transport,6
Hospital in Adyar has no doctors available,Health,4
No water connection provided despite application in Perambur,Water Supply,11
"New street light pole is needed on Park Avenue, Vadapalani",Street Lighting,8
No water connection provided despite application in Perambur,Water Supply,11
Plastic waste dumped near the water body in Alwarpet,Environment,3
Water pipe burst near Station Road in the old bus stand area,Water Supply,11
Last bus timing has been cancelled for the industrial estate,Public Transport,6
Waterlogging occurs on Gandhi Street during rains,Road Maintenance,7
Streetside electric meter is sparking in near the temple,Electricity,2
Water body near Block C is being polluted by industrial waste,Environment,3
Street light flickers continuously on MG Road,Street Lighting,8
No waste collection service provided in Saidapet colony,Waste Management,10
Noise pollution from construction near Temple Street at night,Environment,3
Street light wiring is exposed and dangerous in Perambur,Street Lighting,8
Illegal dumping of waste is happening near School Lane,Waste Management,10
Dark stretch on Gandhi Street due to broken street lights,Street Lighting,8
Illegal parking is causing traffic jams on Ring Road,Traffic,9
Water supply has been irregular in Vadapalani for 8 weeks,Water Supply,11
"Traffic signal is damaged at MG Road junction, the panchayat office area",Traffic,9
Water pipe burst near Gandhi Street in Mylapore,Water Supply,11
Illegal sand mining reported near the railway station road,Environment,3
Borewell in Perambur has run dry,Water Supply,11
School in Royapettah lacks proper toilet facilities,Education,1
Bribe was demanded for issuing a building permit in Sector 5,Corruption,0
Burning of waste is causing smoke in Anna Nagar,Environment,3
Huge potholes on Nehru Street in the old bus stand area,Road Maintenance,7
Bus frequency has reduced drastically on Vadapalani route,Public Transport,6
No bus service available to Royapettah after 8 pm,Public Transport,6
Waterlogging occurs on Gandhi Street during rains,Road Maintenance,7
Dark stretch on North Street due to broken street lights,Street Lighting,8
Electric pole near Nehru Street is leaning dangerously,Electricity,2
Hospital in Ambattur lacks cleanliness and hygiene,Health,4
School lacks drinking water facility in Block C,Education,1
Voltage fluctuation is damaging appliances in Sector 5,Electricity,2
Someone demanded a bribe for approval of a document in the panchayat office area,Corruption,0
Air pollution levels are high near the factory in the housing board colony,Environment,3
Teacher is absent regularly at the the government school area government school,Education,1
Dead animal left uncollected on Gandhi Street in the government school area,Waste Management,10
Frequent traffic congestion on Station Road during peak hours,Traffic,9
Public dustbin near Park Avenue is broken and overflowing,Waste Management,10
Vaccination camp was cancelled without notice in the old bus stand area,Health,4
Encroachment on the lake near Ward 12 is destroying wetlands,Environment,3
Broken compound wall near South Street is a safety hazard,Public Safety,5
School in the railway station road lacks proper toilet facilities,Education,1
14 street lights have been off for weeks near South Street,Street Lighting,8
Street lights are not working on School Lane in Mylapore,Street Lighting,8
Construction debris left on Station Road blocking traffic,Road Maintenance,7
School lacks drinking water facility in Velachery,Education,1
Leaking pipeline is wasting water on Temple Street,Water Supply,11
Power supply tripped and not restored for 7 hours in Adyar,Electricity,2
No science teacher appointed at Vadapalani school for 2 months,Education,1
Road divider near Park Avenue is broken,Road Maintenance,7
Corruption reported in distribution of government scheme benefits in Ambattur,Corruption,0
Money was demanded for processing a pension application in Sector 5,Corruption,0
Street light wiring is exposed and dangerous in Block C,Street Lighting,8
Waterlogging occurs on Main Road during rains,Road Maintenance,7
No specialist doctor visits the the industrial estate health center,Health,4
Money was demanded for processing a pension application in Ward 12,Corruption,0
Abandoned building near Gandhi Street is unsafe for children,Public Safety,5
Billing error in electricity charges for the government school area residents,Electricity,2
Overcrowded buses are running on the Ward 12 route,Public Transport,6
Transformer near Nehru Street in Adyar is not working,Electricity,2
Bus frequency has reduced drastically on the main market road route,Public Transport,6
Streetside electric meter is sparking in Guindy,Electricity,2
Primary health center in Alwarpet is understaffed,Health,4
Overcrowded classrooms reported in Adyar government school,Education,1
Newly laid road on Church Street is already damaged,Road Maintenance,7
Garbage is overflowing near Bazaar Street in Ambattur,Waste Management,10
Street lights are not working on North Street in the main market road,Street Lighting,8
Ambulance service is delayed in Adyar,Health,4
No waste collection service provided in Alwarpet colony,Waste Management,10
Illegal parking is causing traffic jams on Church Street,Traffic,9
"Traffic signal is damaged at North Street junction, Egmore",Traffic,9
Solar street lights installed in the old bus stand area are non functional,Street Lighting,8
Frequent power cuts are occurring in the government school area,Electricity,2
Exposed wires near MG Road pose a danger to residents,Electricity,2
Corruption reported in distribution of government scheme benefits in the industrial estate,Corruption,0
3 street lights have been off for weeks near Bypass Road,Street Lighting,8
Exposed wires near Station Road pose a danger to residents,Electricity,2
Solar street lights installed in the old bus stand area are non functional,Street Lighting,8
Street light flickers continuously on Bypass Road,Street Lighting,8
Water supply has been irregular in Tambaram for 8 weeks,Water Supply,11
Ambulance service is delayed in Anna Nagar,Health,4
Overhead tank in Kodambakkam has not been cleaned in months,Water Supply,11
Illegal sand mining reported near the railway station road,Environment,3
Construction debris left on Nehru Street blocking traffic,Road Maintenance,7
Newly laid road on Bypass Road is already damaged,Road Maintenance,7
Transformer near Market Road in Block C is not working,Electricity,2
Ambulance service is delayed in Guindy,Health,4
Overcrowded buses are running on the the old bus stand area route,Public Transport,6
Illegal tree cutting is happening near Ring Road in the industrial estate,Environment,3
Power supply tripped and not restored for 6 hours in Ward 12,Electricity,2
Auto drivers are refusing to use the meter near Park Avenue,Public Transport,6
Auto drivers are refusing to use the meter near Station Road,Public Transport,6
Deep pit left uncovered near MG Road in Saidapet,Public Safety,5
Corruption reported in distribution of government scheme benefits in Kodambakkam,Corruption,0
Ambulance service is delayed in Egmore,Health,4
Speed breakers are missing near the school on Gandhi Street,Road Maintenance,7
Plastic waste dumped near the water body in the panchayat office area,Environment,3
Contaminated water is being supplied in the housing board colony,Water Supply,11
Encroachment on the lake near Saidapet is destroying wetlands,Environment,3
Stray dogs are attacking residents in Vadapalani,Public Safety,5
A municipal worker is taking bribes for water connection approvals in Perambur,Corruption,0
Illegal sand mining reported near Porur,Environment,3
Live wire lying on South Street poses electrocution risk,Public Safety,5
Bus conductor misbehaved with passengers on Pallavaram route,Public Transport,6
Illegal dumping of waste is happening near Nehru Street,Waste Management,10
Official at the Pallavaram office is demanding money for a certificate,Corruption,0
Bus service is irregular on the Anna Nagar route,Public Transport,6
Dead animal left uncollected on Park Avenue in near the temple,Waste Management,10
Money was demanded for processing a pension application in Sector 5,Corruption,0
Bus frequency has reduced drastically on Guindy route,Public Transport,6
Billing error in electricity charges for Ward 12 residents,Electricity,2
No waste collection service provided in Egmore colony,Waste Management,10
"Traffic signal is damaged at Gandhi Street junction, Adyar",Traffic,9
Construction debris left on Ring Road blocking traffic,Road Maintenance,7
Overcrowded buses are running on the Perambur route,Public Transport,6
Abandoned building near Market Road is unsafe for children,Public Safety,5
Bus stop shelter near Gandhi Street is damaged,Public Transport,6
Live wire lying on Nehru Street poses electrocution risk,Public Safety,5
Illegal tree cutting is happening near MG Road in Velachery,Environment,3
Air pollution levels are high near the factory in Mylapore,Environment,3
Plastic waste dumped near the water body in Phase 2,Environment,3
Unsafe construction site near Main Road lacks barricades,Public Safety,5
Newly laid road on South Street is already damaged,Road Maintenance,7
Overcrowded buses are running on the the main market road route,Public Transport,6
Vaccination camp was cancelled without notice in the industrial estate,Health,4
Water supply has been irregular in Nungambakkam for 12 weeks,Water Supply,11
Hospital in the industrial estate has no doctors available,Health,4
Construction debris left on South Street blocking traffic,Road Maintenance,7
Ambulance service is delayed in Phase 2,Health,4
Illegal dumping of waste is happening near Nehru Street,Waste Management,10
Street light wiring is exposed and dangerous in the industrial estate,Street Lighting,8
Open manhole causing danger on Gandhi Street in Phase 2,Public Safety,5
Leaking pipeline is wasting water on Ring Road,Water Supply,11
New electricity connection is delayed in Velachery,Electricity,2
Bus service is irregular on the Kodambakkam route,Public Transport,6
Unsafe construction site near Ring Road lacks barricades,Public Safety,5
"Traffic signal is damaged at North Street junction, Kodambakkam",Traffic,9
"No footpath available on Gandhi Street, pedestrians face danger",Road Maintenance,7
Borewell in the housing board colony has run dry,Water Supply,11
Speed breakers are missing near the school on Church Street,Road Maintenance,7
Water body near the housing board colony is being polluted by industrial waste,Environment,3
Plastic waste dumped near the water body in Chromepet,Environment,3
"New street light pole is needed on South Street, the panchayat office area",Street Lighting,8
Illegal dumping of waste is happening near North Street,Waste Management,10
Money was demanded for processing a pension application in the main market road,Corruption,0
Dumping ground near the government school area is causing bad odor,Waste Management,10
Segregated waste is being mixed by collection staff in Vadapalani,Waste Management,10
Vaccination camp was cancelled without notice in Mylapore,Health,4
There is no drinking water in Pallavaram for the past 12 days,Water Supply,11
"No signal at the school crossing near Main Road, the railway station road",Traffic,9
Long waiting times reported at Porur government hospital,Health,4
Segregated waste is being mixed by collection staff in the railway station road,Waste Management,10
Ambulance service is delayed in the housing board colony,Health,4
Official at the Ambattur office is demanding money for a certificate,Corruption,0
Contaminated water is being supplied in Block C,Water Supply,11
No security personnel at the public park in the government school area,Public Safety,5
No specialist doctor visits the the panchayat office area health center,Health,4
Illegal sand mining reported near Chromepet,Environment,3
Frequent traffic congestion on Gandhi Street during peak hours,Traffic,9
Unsafe construction site near Temple Street lacks barricades,Public Safety,5
Overcrowded classrooms reported in Phase 2 government school,Education,1
Illegal sand mining reported near the main market road,Environment,3
Solar street lights installed in Ambattur are non functional,Street Lighting,8
Contaminated water is being supplied in T Nagar,Water Supply,11
Frequent power cuts are occurring in Kolathur,Electricity,2
Zebra crossing markings have faded on Gandhi Street,Traffic,9
Illegal sand mining reported near Anna Nagar,Environment,3
Hospital in Tambaram lacks cleanliness and hygiene,Health,4
Road near Main Road has not been repaired after monsoon,Road Maintenance,7
No water connection provided despite application in the main market road,Water Supply,11
Textbooks not distributed on time in Royapettah schools,Education,1
Street lights are not working on MG Road in Chromepet,Street Lighting,8
Traffic signal timing is too short at Ring Road,Traffic,9
Corruption reported in distribution of government scheme benefits in Mylapore,Corruption,0
A clerk asked for extra money to process ration card in Kodambakkam,Corruption,0
"New street light pole is needed on Temple Street, Velachery",Street Lighting,8
Dead animal left uncollected on North Street in Saidapet,Waste Management,10
Live wire lying on Gandhi Street poses electrocution risk,Public Safety,5
There is no drinking water in Velachery for the past 5 days,Water Supply,11
"Traffic signal is damaged at Park Avenue junction, Tambaram",Traffic,9
Abandoned building near Gandhi Street is unsafe for children,Public Safety,5
"New street light pole is needed on Park Avenue, Anna Nagar",Street Lighting,8
Hospital in Perambur has no doctors available,Health,4
Ambulance service is delayed in Alwarpet,Health,4
Public dustbin near Bypass Road is broken and overflowing,Waste Management,10
Encroachment on the lake near Phase 2 is destroying wetlands,Environment,3
Street light flickers continuously on South Street,Street Lighting,8
Illegal parking is causing traffic jams on Park Avenue,Traffic,9
Vaccination camp was cancelled without notice in Pallavaram,Health,4
Public dustbin near MG Road is broken and overflowing,Waste Management,10
Dark stretch on North Street due to broken street lights,Street Lighting,8
Mid day meal quality is poor at Kolathur school,Education,1
No science teacher appointed at Nungambakkam school for 10 months,Education,1
Huge potholes on School Lane in Sector 5,Road Maintenance,7
Speed breakers are missing near the school on South Street,Road Maintenance,7
Teacher is absent regularly at the Pallavaram government school,Education,1
Contaminated water is being supplied in Egmore,Water Supply,11
Overcrowded classrooms reported in Chromepet government school,Education,1
Official at the the main market road office is demanding money for a certificate,Corruption,0
"New street light pole is needed on Ring Road, Sector 5",Street Lighting,8
Illegal dumping of waste is happening near Ring Road,Waste Management,10
Official at the Ward 12 office is demanding money for a certificate,Corruption,0
Deep pit left uncovered near Market Road in Nungambakkam,Public Safety,5
3 street lights have been off for weeks near Nehru Street,Street Lighting,8
Streetside electric meter is sparking in Perambur,Electricity,2
Waterlogging occurs on MG Road during rains,Road Maintenance,7
Public dustbin near North Street is broken and overflowing,Waste Management,10
Hospital in T Nagar lacks cleanliness and hygiene,Health,4
Government hospital near Bypass Road lacks basic medicines,Health,4
Burning of waste is causing smoke in the panchayat office area,Environment,3
There is no drinking water in the panchayat office area for the past 8 days,Water Supply,11
Illegal tree cutting is happening near Church Street in Velachery,Environment,3
Billing error in electricity charges for Chromepet residents,Electricity,2
Overcrowded classrooms reported in Sector 5 government school,Education,1
"Low water pressure reported near Park Avenue, Tambaram",Water Supply,11
Water pipe burst near South Street in the main market road,Water Supply,11
Speed breakers are missing near the school on Market Road,Road Maintenance,7
Zebra crossing markings have faded on Church Street,Traffic,9
No security personnel at the public park in Chromepet,Public Safety,5
Vaccination camp was cancelled without notice in Adyar,Health,4
Illegal sand mining reported near T Nagar,Environment,3
Long waiting times reported at Chromepet government hospital,Health,4
Illegal dumping of waste is happening near MG Road,Waste Management,10
Electricity is unavailable in Nungambakkam for the past 4 days,Electricity,2
Garbage is overflowing near South Street in Vadapalani,Waste Management,10
Hospital in Tambaram has no doctors available,Health,4
Government hospital near Main Road lacks basic medicines,Health,4
No waste collection service provided in Pallavaram colony,Waste Management,10
Garbage is overflowing near Church Street in Tambaram,Waste Management,10
Bus service is irregular on the Block C route,Public Transport,6
Illegal sand mining reported near Saidapet,Environment,3
Deep pit left uncovered near Nehru Street in the old bus stand area,Public Safety,5
Bus frequency has reduced drastically on Anna Nagar route,Public Transport,6
No waste collection service provided in Perambur colony,Waste Management,10
Dead animal left uncollected on North Street in Kolathur,Waste Management,10
No water connection provided despite application in the government school area,Water Supply,11
"No signal at the school crossing near Temple Street, Tambaram",Traffic,9
Overcrowded classrooms reported in Porur government school,Education,1
Corruption reported in distribution of government scheme benefits in Block C,Corruption,0
Burning of waste is causing smoke in Adyar,Environment,3
Vaccination camp was cancelled without notice in Phase 2,Health,4
Frequent power cuts are occurring in Adyar,Electricity,2
School building near Main Road needs urgent repair,Education,1
Construction debris left on Temple Street blocking traffic,Road Maintenance,7
Public dustbin near Bypass Road is broken and overflowing,Waste Management,10
Newly laid road on Gandhi Street is already damaged,Road Maintenance,7
Vaccination camp was cancelled without notice in Ambattur,Health,4
Corruption reported in distribution of government scheme benefits in Perambur,Corruption,0
No specialist doctor visits the Guindy health center,Health,4
Road divider near Station Road is broken,Road Maintenance,7
Illegal sand mining reported near Royapettah,Environment,3
Waterlogging occurs on Market Road during rains,Road Maintenance,7
"No signal at the school crossing near Park Avenue, Pallavaram",Traffic,9
Solar street lights installed in Mylapore are non functional,Street Lighting,8
Streetside electric meter is sparking in Kodambakkam,Electricity,2
Bribe was demanded for issuing a building permit in Block C,Corruption,0
Illegal dumping of waste is happening near North Street,Waste Management,10
Dead animal left uncollected on North Street in Kodambakkam,Waste Management,10
Bribe was demanded for issuing a building permit in Kolathur,Corruption,0
Voltage fluctuation is damaging appliances in the industrial estate,Electricity,2
Air pollution levels are high near the factory in the housing board colony,Environment,3
Bribe was demanded for issuing a building permit in Tambaram,Corruption,0
Noise pollution from construction near Park Avenue at night,Environment,3
Water tanker did not arrive in Phase 2 as scheduled,Water Supply,11
Live wire lying on South Street poses electrocution risk,Public Safety,5
Live wire lying on Main Road poses electrocution risk,Public Safety,5
Teacher is absent regularly at the the housing board colony government school,Education,1
Dead animal left uncollected on Gandhi Street in the industrial estate,Waste Management,10
Unsafe construction site near North Street lacks barricades,Public Safety,5
There is no drinking water in Mylapore for the past 7 days,Water Supply,11
No water connection provided despite application in Alwarpet,Water Supply,11
Frequent traffic congestion on South Street during peak hours,Traffic,9
Vaccination camp was cancelled without notice in Ambattur,Health,4
Water supply has been irregular in the panchayat office area for 10 weeks,Water Supply,11
School in Porur lacks proper toilet facilities,Education,1
Unsafe construction site near Temple Street lacks barricades,Public Safety,5
Street light wiring is exposed and dangerous in the railway station road,Street Lighting,8
No science teacher appointed at Tambaram school for 14 months,Education,1
Corruption reported in distribution of government scheme benefits in Porur,Corruption,0
Bus conductor misbehaved with passengers on the old bus stand area route,Public Transport,6
Long waiting times reported at Kolathur government hospital,Health,4
Broken compound wall near South Street is a safety hazard,Public Safety,5
A municipal worker is taking bribes for water connection approvals in Egmore,Corruption,0
"Traffic signal is damaged at Bypass Road junction, near the temple",Traffic,9
Street light wiring is exposed and dangerous in Porur,Street Lighting,8
"No footpath available on Temple Street, pedestrians face danger",Road Maintenance,7
No specialist doctor visits the Anna Nagar health center,Health,4
Waterlogging occurs on Temple Street during rains,Road Maintenance,7
Illegal tree cutting is happening near School Lane in Alwarpet,Environment,3
Illegal parking is causing traffic jams on Bazaar Street,Traffic,9
Road divider near Temple Street is broken,Road Maintenance,7
Borewell in Porur has run dry,Water Supply,11
Mid day meal quality is poor at Phase 2 school,Education,1
Auto drivers are refusing to use the meter near Bazaar Street,Public Transport,6
Broken compound wall near MG Road is a safety hazard,Public Safety,5
Newly laid road on North Street is already damaged,Road Maintenance,7
Government hospital near Bypass Road lacks basic medicines,Health,4
No water connection provided despite application in the panchayat office area,Water Supply,11
School lacks drinking water facility in the housing board colony,Education,1
Plastic waste dumped near the water body in Adyar,Environment,3
Abandoned building near Station Road is unsafe for children,Public Safety,5
Official at the Chromepet office is demanding money for a certificate,Corruption,0
No security personnel at the public park in the panchayat office area,Public Safety,5
Illegal tree cutting is happening near Station Road in Royapettah,Environment,3
Bus conductor misbehaved with passengers on Adyar route,Public Transport,6
Leaking pipeline is wasting water on Station Road,Water Supply,11
Burning of waste is causing smoke in the old bus stand area,Environment,3
Garbage is overflowing near Church Street in Ambattur,Waste Management,10
Contaminated water is being supplied in the industrial estate,Water Supply,11
An officer at the counter is taking bribes for water connection approvals in Guindy,Corruption,0
"Street lights remain on during daytime in the railway station road, wasting power",Street Lighting,8
"No signal at the school crossing near MG Road, Kodambakkam",Traffic,9
No traffic police present at busy junction near Gandhi Street,Traffic,9
Speed breakers are missing near the school on South Street,Road Maintenance,7
A contractor is taking bribes for water connection approvals in Egmore,Corruption,0
An officer at the counter is taking bribes for water connection approvals in Nungambakkam,Corruption,0
Corruption reported in distribution of government scheme benefits in Sector 5,Corruption,0
Dead animal left uncollected on Main Road in Phase 2,Waste Management,10
Long waiting times reported at Sector 5 government hospital,Health,4
Water tanker did not arrive in the housing board colony as scheduled,Water Supply,11
Road divider near Gandhi Street is broken,Road Maintenance,7
Someone demanded a bribe for approval of a document in Vadapalani,Corruption,0
Last bus timing has been cancelled for Nungambakkam,Public Transport,6
Ambulance service is delayed in the old bus stand area,Health,4
Borewell in Sector 5 has run dry,Water Supply,11
Overcrowded buses are running on the Perambur route,Public Transport,6
No security personnel at the public park in Kodambakkam,Public Safety,5
No water connection provided despite application in Kodambakkam,Water Supply,11
Bus conductor misbehaved with passengers on Adyar route,Public Transport,6
Water tanker did not arrive in Kodambakkam as scheduled,Water Supply,11
Bus service is irregular on the Guindy route,Public Transport,6
Ambulance service is delayed in Porur,Health,4
Solar street lights installed in Sector 5 are non functional,Street Lighting,8
Auto drivers are refusing to use the meter near Bypass Road,Public Transport,6
No waste collection service provided in Ambattur colony,Waste Management,10
Vaccination camp was cancelled without notice in Velachery,Health,4
Garbage collection truck has not come to Ward 12 for 13 days,Waste Management,10
Illegal parking is causing traffic jams on Nehru Street,Traffic,9
Newly laid road on Nehru Street is already damaged,Road Maintenance,7
Garbage is overflowing near South Street in Sector 5,Waste Management,10
Dumping ground near Royapettah is causing bad odor,Waste Management,10
Solar street lights installed in Kodambakkam are non functional,Street Lighting,8
Encroachment on the lake near Velachery is destroying wetlands,Environment,3
No security personnel at the public park in Chromepet,Public Safety,5
Billing error in electricity charges for the main market road residents,Electricity,2
Speed breakers are missing near the school on North Street,Road Maintenance,7
Contaminated water is being supplied in Porur,Water Supply,11
Road near South Street has not been repaired after monsoon,Road Maintenance,7
Government hospital near MG Road lacks basic medicines,Health,4
Illegal parking is causing traffic jams on North Street,Traffic,9
Speed breakers are missing near the school on Park Avenue,Road Maintenance,7
11 street lights have been off for weeks near South Street,Street Lighting,8
No bus service available to Anna Nagar after 8 pm,Public Transport,6
No security personnel at the public park in Pallavaram,Public Safety,5
Deep pit left uncovered near South Street in Velachery,Public Safety,5
Illegal dumping of waste is happening near School Lane,Waste Management,10
Street lights are not working on Bypass Road in Chromepet,Street Lighting,8
School lacks drinking water facility in Ward 12,Education,1
Road divider near School Lane is broken,Road Maintenance,7
Borewell in Porur has run dry,Water Supply,11
Zebra crossing markings have faded on South Street,Traffic,9
Water supply has been irregular in Vadapalani for 11 weeks,Water Supply,11
"New street light pole is needed on North Street, near the temple",Street Lighting,8
Electricity is unavailable in Adyar for the past 11 days,Electricity,2
Auto drivers are refusing to use the meter near Market Road,Public Transport,6
Hospital in Adyar lacks cleanliness and hygiene,Health,4
Plastic waste dumped near the water body in Egmore,Environment,3
Broken compound wall near Main Road is a safety hazard,Public Safety,5
Last bus timing has been cancelled for Perambur,Public Transport,6
Newly laid road on South Street is already damaged,Road Maintenance,7
Official at the Royapettah office is demanding money for a certificate,Corruption,0
Encroachment on the lake near the industrial estate is destroying wetlands,Environment,3
Traffic signal timing is too short at Bazaar Street,Traffic,9
"Low water pressure reported near Station Road, near the temple",Water Supply,11
"New street light pole is needed on Bypass Road, Mylapore",Street Lighting,8
Dumping ground near Sector 5 is causing bad odor,Waste Management,10
Bribe was demanded for issuing a building permit in Nungambakkam,Corruption,0
Encroachment on the lake near Nungambakkam is destroying wetlands,Environment,3
Street lights are not working on Main Road in T Nagar,Street Lighting,8
Hospital in the main market road lacks cleanliness and hygiene,Health,4
Dark stretch on Station Road due to broken street lights,Street Lighting,8
No bus service available to Kodambakkam after 8 pm,Public Transport,6
Bus conductor misbehaved with passengers on the panchayat office area route,Public Transport,6
Garbage collection truck has not come to Pallavaram for 13 days,Waste Management,10
Contaminated water is being supplied in Pallavaram,Water Supply,11
Bus service is irregular on the Ward 12 route,Public Transport,6
Hospital in Kolathur lacks cleanliness and hygiene,Health,4
Burning of waste is causing smoke in Phase 2,Environment,3
Bribe was demanded for issuing a building permit in the industrial estate,Corruption,0
Electric pole near Park Avenue is leaning dangerously,Electricity,2
Street light wiring is exposed and dangerous in Chromepet,Street Lighting,8
School building near Temple Street needs urgent repair,Education,1
No security personnel at the public park in Kodambakkam,Public Safety,5
Bus service is irregular on the Anna Nagar route,Public Transport,6
Garbage collection truck has not come to Block C for 3 days,Waste Management,10
Burning of waste is causing smoke in Sector 5,Environment,3
Auto drivers are refusing to use the meter near Temple Street,Public Transport,6
Garbage collection truck has not come to near the temple for 5 days,Waste Management,10
Overcrowded classrooms reported in Alwarpet government school,Education,1
Teacher is absent regularly at the Nungambakkam government school,Education,1
Public dustbin near Church Street is broken and overflowing,Waste Management,10
Noise pollution from construction near Station Road at night,Environment,3
Official at the Royapettah office is demanding money for a certificate,Corruption,0
Vaccination camp was cancelled without notice in Velachery,Health,4
Vaccination camp was cancelled without notice in Phase 2,Health,4
Official at the the housing board colony office is demanding money for a certificate,Corruption,0
Textbooks not distributed on time in Pallavaram schools,Education,1
Contaminated water is being supplied in Tambaram,Water Supply,11
Street lights are not working on Church Street in Kolathur,Street Lighting,8
Garbage is overflowing near Church Street in Phase 2,Waste Management,10
Street light wiring is exposed and dangerous in near the temple,Street Lighting,8
Waterlogging occurs on Station Road during rains,Road Maintenance,7
Abandoned building near Bazaar Street is unsafe for children,Public Safety,5
A contractor asked for extra money to process ration card in Tambaram,Corruption,0
Solar street lights installed in Tambaram are non functional,Street Lighting,8
Money was demanded for processing a pension application in Royapettah,Corruption,0
Road near South Street has not been repaired after monsoon,Road Maintenance,7
11 street lights have been off for weeks near Church Street,Street Lighting,8
Segregated waste is being mixed by collection staff in near the temple,Waste Management,10
Official at the Perambur office is demanding money for a certificate,Corruption,0
Hospital in Perambur has no doctors available,Health,4
Contaminated water is being supplied in Ward 12,Water Supply,11
No water connection provided despite application in Royapettah,Water Supply,11
6 street lights have been off for weeks near Station Road,Street Lighting,8
Bus conductor misbehaved with passengers on the railway station road route,Public Transport,6
Primary health center in Alwarpet is understaffed,Health,4
Government hospital near Church Street lacks basic medicines,Health,4
Illegal parking is causing traffic jams on Ring Road,Traffic,9
Live wire lying on South Street poses electrocution risk,Public Safety,5
Newly laid road on Church Street is already damaged,Road Maintenance,7
Garbage is overflowing near Station Road in Kodambakkam,Waste Management,10
Teacher is absent regularly at the Egmore government school,Education,1
Ambulance service is delayed in the old bus stand area,Health,4
"New street light pole is needed on Gandhi Street, the railway station road",Street Lighting,8
Electric pole near Market Road is leaning dangerously,Electricity,2
Open manhole causing danger on Gandhi Street in the railway station road,Public Safety,5
Illegal tree cutting is happening near Station Road in Alwarpet,Environment,3
School in Sector 5 lacks proper toilet facilities,Education,1
Exposed wires near Ring Road pose a danger to residents,Electricity,2
Construction debris left on Ring Road blocking traffic,Road Maintenance,7
Government hospital near South Street lacks basic medicines,Health,4
Bus service is irregular on the Mylapore route,Public Transport,6
"Street lights remain on during daytime in Guindy, wasting power",Street Lighting,8
Air pollution levels are high near the factory in the government school area,Environment,3
Overcrowded classrooms reported in the railway station road government school,Education,1
Illegal dumping of waste is happening near School Lane,Waste Management,10
"No footpath available on Church Street, pedestrians face danger",Road Maintenance,7
"No signal at the school crossing near Station Road, Nungambakkam",Traffic,9
Open manhole causing danger on Bazaar Street in Vadapalani,Public Safety,5
Long waiting times reported at Sector 5 government hospital,Health,4
Water tanker did not arrive in the railway station road as scheduled,Water Supply,11
Open manhole causing danger on Church Street in Saidapet,Public Safety,5
Noise pollution from construction near Park Avenue at night,Environment,3
Frequent traffic congestion on Bazaar Street during peak hours,Traffic,9
Transformer near Nehru Street in the panchayat office area is not working,Electricity,2
Textbooks not distributed on time in Ambattur schools,Education,1
Street lights are not working on Station Road in Kodambakkam,Street Lighting,8
Newly laid road on Ring Road is already damaged,Road Maintenance,7
Exposed wires near Bazaar Street pose a danger to residents,Electricity,2
Vaccination camp was cancelled without notice in Tambaram,Health,4
Billing error in electricity charges for Ward 12 residents,Electricity,2
Illegal sand mining reported near Ambattur,Environment,3
Primary health center in Anna Nagar is understaffed,Health,4
Public dustbin near South Street is broken and overflowing,Waste Management,10
A middleman is taking bribes for water connection approvals in Porur,Corruption,0
Textbooks not distributed on time in the panchayat office area schools,Education,1
Leaking pipeline is wasting water on Park Avenue,Water Supply,11
Burning of waste is causing smoke in Ward 12,Environment,3
There is no drinking water in Adyar for the past 15 days,Water Supply,11
No science teacher appointed at Kolathur school for 6 months,Education,1
Street lights are not working on Park Avenue in the industrial estate,Street Lighting,8
There is no drinking water in the government school area for the past 2 days,Water Supply,11
Exposed wires near North Street pose a danger to residents,Electricity,2
Frequent power cuts are occurring in Anna Nagar,Electricity,2
"No footpath available on Church Street, pedestrians face danger",Road Maintenance,7
Primary health center in Ambattur is understaffed,Health,4
Dead animal left uncollected on Main Road in Royapettah,Waste Management,10
Zebra crossing markings have faded on Temple Street,Traffic,9
"New street light pole is needed on Park Avenue, Kolathur",Street Lighting,8
Official at the the panchayat office area office is demanding money for a certificate,Corruption,0
"Low water pressure reported near North Street, Kodambakkam",Water Supply,11
Auto drivers are refusing to use the meter near Temple Street,Public Transport,6
Dark stretch on Main Road due to broken street lights,Street Lighting,8
Water pipe burst near Bypass Road in the old bus stand area,Water Supply,11
No waste collection service provided in the old bus stand area colony,Waste Management,10
A municipal worker asked for extra money to process ration card in Block C,Corruption,0
Garbage collection truck has not come to Alwarpet for 2 days,Waste Management,10
Bribe was demanded for issuing a building permit in Phase 2,Corruption,0
Money was demanded for processing a pension application in Guindy,Corruption,0
Street lights are not working on Gandhi Street in Ward 12,Street Lighting,8
Billing error in electricity charges for Guindy residents,Electricity,2
New electricity connection is delayed in Royapettah,Electricity,2
Primary health center in Sector 5 is understaffed,Health,4
No specialist doctor visits the the housing board colony health center,Health,4
Electric pole near Ring Road is leaning dangerously,Electricity,2
No traffic police present at busy junction near Gandhi Street,Traffic,9
Electric pole near Market Road is leaning dangerously,Electricity,2
Overcrowded buses are running on the Porur route,Public Transport,6
Auto drivers are refusing to use the meter near Nehru Street,Public Transport,6
New electricity connection is delayed in the industrial estate,Electricity,2
Illegal parking is causing traffic jams on Bazaar Street,Traffic,9
Frequent traffic congestion on School Lane during peak hours,Traffic,9
Bribe was demanded for issuing a building permit in Kodambakkam,Corruption,0
Hospital in Sector 5 lacks cleanliness and hygiene,Health,4
Hospital in Saidapet lacks cleanliness and hygiene,Health,4
Public dustbin near South Street is broken and overflowing,Waste Management,10
No traffic police present at busy junction near Nehru Street,Traffic,9
Deep pit left uncovered near Main Road in Egmore,Public Safety,5
Abandoned building near Station Road is unsafe for children,Public Safety,5
Speed breakers are missing near the school on Ring Road,Road Maintenance,7
Street light flickers continuously on Station Road,Street Lighting,8
"No signal at the school crossing near Nehru Street, Velachery",Traffic,9
3 street lights have been off for weeks near Park Avenue,Street Lighting,8
Stray dogs are attacking residents in Mylapore,Public Safety,5
Water pipe burst near Temple Street in Egmore,Water Supply,11
8 street lights have been off for weeks near Temple Street,Street Lighting,8
Stray dogs are attacking residents in the old bus stand area,Public Safety,5
Last bus timing has been cancelled for Phase 2,Public Transport,6
Dumping ground near Ward 12 is causing bad odor,Waste Management,10
Dark stretch on South Street due to broken street lights,Street Lighting,8
Burning of waste is causing smoke in the panchayat office area,Environment,3
Zebra crossing markings have faded on South Street,Traffic,9
Traffic signal timing is too short at Ring Road,Traffic,9
Overcrowded classrooms reported in Pallavaram government school,Education,1
No bus service available to Sector 5 after 8 pm,Public Transport,6
Water tanker did not arrive in the panchayat office area as scheduled,Water Supply,11
Frequent traffic congestion on Station Road during peak hours,Traffic,9
Plastic waste dumped near the water body in Velachery,Environment,3
Huge potholes on Bypass Road in Ward 12,Road Maintenance,7
Live wire lying on Church Street poses electrocution risk,Public Safety,5
Mid day meal quality is poor at Tambaram school,Education,1
Corruption reported in distribution of government scheme benefits in Block C,Corruption,0
Dumping ground near Perambur is causing bad odor,Waste Management,10
Garbage is overflowing near Station Road in Mylapore,Waste Management,10
Illegal tree cutting is happening near Bazaar Street in Pallavaram,Environment,3
"Traffic signal is damaged at MG Road junction, Velachery",Traffic,9
Corruption reported in distribution of government scheme benefits in Mylapore,Corruption,0
Money was demanded for processing a pension application in T Nagar,Corruption,0
Overcrowded buses are running on the Tambaram route,Public Transport,6
"Traffic signal is damaged at School Lane junction, the government school area",Traffic,9
Overcrowded buses are running on the Anna Nagar route,Public Transport,6
No specialist doctor visits the Porur health center,Health,4
Corruption reported in distribution of government scheme benefits in Saidapet,Corruption,0
School building near Ring Road needs urgent repair,Education,1
Live wire lying on MG Road poses electrocution risk,Public Safety,5
Broken compound wall near MG Road is a safety hazard,Public Safety,5
A government official asked for extra money to process ration card in Tambaram,Corruption,0
Last bus timing has been cancelled for Ambattur,Public Transport,6
Abandoned building near Gandhi Street is unsafe for children,Public Safety,5
No specialist doctor visits the Block C health center,Health,4
Contaminated water is being supplied in Pallavaram,Water Supply,11
No waste collection service provided in the housing board colony colony,Waste Management,10
No specialist doctor visits the Pallavaram health center,Health,4
School building near MG Road needs urgent repair,Education,1
Overhead tank in Adyar has not been cleaned in months,Water Supply,11
Street light wiring is exposed and dangerous in Guindy,Street Lighting,8
Streetside electric meter is sparking in T Nagar,Electricity,2
Live wire lying on Nehru Street poses electrocution risk,Public Safety,5
Dumping ground near Guindy is causing bad odor,Waste Management,10
Bribe was demanded for issuing a building permit in Nungambakkam,Corruption,0
Official at the Block C office is demanding money for a certificate,Corruption,0
Ambulance service is delayed in Ambattur,Health,4
Someone demanded a bribe for approval of a document in Porur,Corruption,0
Water supply has been irregular in Vadapalani for 12 weeks,Water Supply,11
New electricity connection is delayed in the panchayat office area,Electricity,2
No traffic police present at busy junction near School Lane,Traffic,9
Segregated waste is being mixed by collection staff in Kodambakkam,Waste Management,10
Zebra crossing markings have faded on Temple Street,Traffic,9
Long waiting times reported at Block C government hospital,Health,4
No security personnel at the public park in Kolathur,Public Safety,5
Hospital in the old bus stand area lacks cleanliness and hygiene,Health,4
Illegal parking is causing traffic jams on South Street,Traffic,9
Construction debris left on School Lane blocking traffic,Road Maintenance,7
Speed breakers are missing near the school on Park Avenue,Road Maintenance,7
"Street lights remain on during daytime in Alwarpet, wasting power",Street Lighting,8
Waterlogging occurs on Nehru Street during rains,Road Maintenance,7
Open manhole causing danger on MG Road in Perambur,Public Safety,5
"Street lights remain on during daytime in Mylapore, wasting power",Street Lighting,8
Air pollution levels are high near the factory in Kolathur,Environment,3
Dead animal left uncollected on Temple Street in Porur,Waste Management,10
No waste collection service provided in T Nagar colony,Waste Management,10
Last bus timing has been cancelled for Kodambakkam,Public Transport,6
Public dustbin near Bazaar Street is broken and overflowing,Waste Management,10
Water tanker did not arrive in Ward 12 as scheduled,Water Supply,11
Long waiting times reported at Tambaram government hospital,Health,4
Corruption reported in distribution of government scheme benefits in Mylapore,Corruption,0
New electricity connection is delayed in the industrial estate,Electricity,2
Bus service is irregular on the Ambattur route,Public Transport,6
Hospital in Kodambakkam has no doctors available,Health,4
Stray dogs are attacking residents in the railway station road,Public Safety,5
Frequent traffic congestion on School Lane during peak hours,Traffic,9
Illegal parking is causing traffic jams on Main Road,Traffic,9
Road near Main Road has not been repaired after monsoon,Road Maintenance,7
Contaminated water is being supplied in near the temple,Water Supply,11
Public dustbin near Market Road is broken and overflowing,Waste Management,10
No security personnel at the public park in the government school area,Public Safety,5
Last bus timing has been cancelled for Pallavaram,Public Transport,6
Encroachment on the lake near the housing board colony is destroying wetlands,Environment,3
Frequent power cuts are occurring in Mylapore,Electricity,2
Electric pole near South Street is leaning dangerously,Electricity,2
Bus service is irregular on the Ward 12 route,Public Transport,6
"Traffic signal is damaged at Bazaar Street junction, Phase 2",Traffic,9
Open manhole causing danger on Bazaar Street in Phase 2,Public Safety,5
Dead animal left uncollected on Temple Street in Royapettah,Waste Management,10
Last bus timing has been cancelled for Block C,Public Transport,6
Noise pollution from construction near Church Street at night,Environment,3
Primary health center in Perambur is understaffed,Health,4
Burning of waste is causing smoke in Velachery,Environment,3
Electric pole near Gandhi Street is leaning dangerously,Electricity,2
Textbooks not distributed on time in the railway station road schools,Education,1
No water connection provided despite application in T Nagar,Water Supply,11
Solar street lights installed in the old bus stand area are non functional,Street Lighting,8
Someone demanded a bribe for approval of a document in the panchayat office area,Corruption,0
Overcrowded buses are running on the Block C route,Public Transport,6
Billing error in electricity charges for Anna Nagar residents,Electricity,2
Water body near Mylapore is being polluted by industrial waste,Environment,3
Illegal parking is causing traffic jams on Gandhi Street,Traffic,9
Bus service is irregular on the Nungambakkam route,Public Transport,6
Bus frequency has reduced drastically on Anna Nagar route,Public Transport,6
Water supply has been irregular in Ward 12 for 8 weeks,Water Supply,11
Noise pollution from construction near Market Road at night,Environment,3
Last bus timing has been cancelled for Porur,Public Transport,6
Dead animal left uncollected on Main Road in the housing board colony,Waste Management,10
Illegal tree cutting is happening near Station Road in Ward 12,Environment,3
"Street lights remain on during daytime in Ambattur, wasting power",Street Lighting,8
Illegal sand mining reported near Porur,Environment,3
Hospital in Nungambakkam lacks cleanliness and hygiene,Health,4
9 street lights have been off for weeks near Main Road,Street Lighting,8
Hospital in Nungambakkam lacks cleanliness and hygiene,Health,4
13 street lights have been off for weeks near MG Road,Street Lighting,8
Borewell in Kodambakkam has run dry,Water Supply,11
Overcrowded buses are running on the Saidapet route,Public Transport,6
No waste collection service provided in Phase 2 colony,Waste Management,10
No science teacher appointed at Sector 5 school for 13 months,Education,1
Huge potholes on Gandhi Street in Block C,Road Maintenance,7
No specialist doctor visits the Kodambakkam health center,Health,4
Someone demanded a bribe for approval of a document in Chromepet,Corruption,0
Open manhole causing danger on Market Road in Sector 5,Public Safety,5
Money was demanded for processing a pension application in the old bus stand area,Corruption,0
Overcrowded buses are running on the the industrial estate route,Public Transport,6
Broken compound wall near Bypass Road is a safety hazard,Public Safety,5
No bus service available to Perambur after 8 pm,Public Transport,6
Frequent traffic congestion on North Street during peak hours,Traffic,9
Signboards are missing at the Ring Road intersection,Traffic,9
Bus frequency has reduced drastically on Egmore route,Public Transport,6
Overhead tank in Ward 12 has not been cleaned in months,Water Supply,11
Government hospital near Main Road lacks basic medicines,Health,4
"Low water pressure reported near Park Avenue, the housing board colony",Water Supply,11
Burning of waste is causing smoke in Kolathur,Environment,3
Burning of waste is causing smoke in Saidapet,Environment,3
Hospital in Block C has no doctors available,Health,4
Dumping ground near Kodambakkam is causing bad odor,Waste Management,10
Transformer near Ring Road in Ward 12 is not working,Electricity,2
Hospital in Velachery has no doctors available,Health,4
Garbage is overflowing near Market Road in Pallavaram,Waste Management,10
Auto drivers are refusing to use the meter near Bazaar Street,Public Transport,6
Ambulance service is delayed in Kolathur,Health,4
Deep pit left uncovered near Market Road in Vadapalani,Public Safety,5
Live wire lying on South Street poses electrocution risk,Public Safety,5
Bus service is irregular on the the main market road route,Public Transport,6
Illegal sand mining reported near the industrial estate,Environment,3
Dead animal left uncollected on School Lane in Nungambakkam,Waste Management,10
Illegal sand mining reported near Velachery,Environment,3
Water body near Saidapet is being polluted by industrial waste,Environment,3
Hospital in near the temple lacks cleanliness and hygiene,Health,4
Huge potholes on Main Road in Nungambakkam,Road Maintenance,7
Public dustbin near Park Avenue is broken and overflowing,Waste Management,10
Live wire lying on School Lane poses electrocution risk,Public Safety,5
Noise pollution from construction near North Street at night,Environment,3
Air pollution levels are high near the factory in Porur,Environment,3
Illegal tree cutting is happening near School Lane in Block C,Environment,3
Bus frequency has reduced drastically on Anna Nagar route,Public Transport,6
Frequent power cuts are occurring in the housing board colony,Electricity,2
Government hospital near Nehru Street lacks basic medicines,Health,4
Bus stop shelter near Main Road is damaged,Public Transport,6
Burning of waste is causing smoke in the government school area,Environment,3
Vaccination camp was cancelled without notice in Royapettah,Health,4
Street lights are not working on Nehru Street in Porur,Street Lighting,8
Garbage is overflowing near MG Road in Nungambakkam,Waste Management,10
Money was demanded for processing a pension application in Perambur,Corruption,0
Air pollution levels are high near the factory in Perambur,Environment,3
Water tanker did not arrive in the housing board colony as scheduled,Water Supply,11
Bus service is irregular on the Ambattur route,Public Transport,6
Water body near Block C is being polluted by industrial waste,Environment,3
Street lights are not working on School Lane in Pallavaram,Street Lighting,8
Waterlogging occurs on Church Street during rains,Road Maintenance,7
No water connection provided despite application in Ambattur,Water Supply,11
Voltage fluctuation is damaging appliances in Ambattur,Electricity,2
Deep pit left uncovered near Ring Road in Guindy,Public Safety,5
13 street lights have been off for weeks near Market Road,Street Lighting,8
"Low water pressure reported near Ring Road, Adyar",Water Supply,11
Air pollution levels are high near the factory in Sector 5,Environment,3
Road divider near MG Road is broken,Road Maintenance,7
Air pollution levels are high near the factory in Nungambakkam,Environment,3
Borewell in the panchayat office area has run dry,Water Supply,11
School lacks drinking water facility in Block C,Education,1
Noise pollution from construction near School Lane at night,Environment,3
Textbooks not distributed on time in Chromepet schools,Education,1
Street light wiring is exposed and dangerous in Vadapalani,Street Lighting,8
Unsafe construction site near Ring Road lacks barricades,Public Safety,5
Bus conductor misbehaved with passengers on the railway station road route,Public Transport,6
"New street light pole is needed on Market Road, Nungambakkam",Street Lighting,8
Last bus timing has been cancelled for near the temple,Public Transport,6
Power supply tripped and not restored for 9 hours in Vadapalani,Electricity,2
Overcrowded buses are running on the Nungambakkam route,Public Transport,6
Waterlogging occurs on Bazaar Street during rains,Road Maintenance,7
Illegal dumping of waste is happening near Main Road,Waste Management,10
Traffic signal timing is too short at Market Road,Traffic,9
Bribe was demanded for issuing a building permit in Alwarpet,Corruption,0
Encroachment on the lake near Vadapalani is destroying wetlands,Environment,3
Street lights are not working on Nehru Street in the railway station road,Street Lighting,8
Open manhole causing danger on North Street in Block C,Public Safety,5
Teacher is absent regularly at the the panchayat office area government school,Education,1
Dumping ground near Chromepet is causing bad odor,Waste Management,10
"Street lights remain on during daytime in Ambattur, wasting power",Street Lighting,8
Bribe was demanded for issuing a building permit in Mylapore,Corruption,0
School lacks drinking water facility in Guindy,Education,1
Garbage collection truck has not come to Kolathur for 14 days,Waste Management,10
Speed breakers are missing near the school on South Street,Road Maintenance,7
Construction debris left on Station Road blocking traffic,Road Maintenance,7
Huge potholes on Temple Street in the industrial estate,Road Maintenance,7
Official at the Sector 5 office is demanding money for a certificate,Corruption,0
Borewell in Sector 5 has run dry,Water Supply,11
No specialist doctor visits the Kodambakkam health center,Health,4
No security personnel at the public park in Velachery,Public Safety,5
Speed breakers are missing near the school on Bazaar Street,Road Maintenance,7
School lacks drinking water facility in Mylapore,Education,1
School lacks drinking water facility in Phase 2,Education,1
No traffic police present at busy junction near Nehru Street,Traffic,9
Official at the Pallavaram office is demanding money for a certificate,Corruption,0
Hospital in T Nagar lacks cleanliness and hygiene,Health,4
Teacher is absent regularly at the the main market road government school,Education,1
Garbage collection truck has not come to Kolathur for 8 days,Waste Management,10
No water connection provided despite application in Saidapet,Water Supply,11
Bus frequency has reduced drastically on Sector 5 route,Public Transport,6
Bus conductor misbehaved with passengers on Sector 5 route,Public Transport,6
Bus service is irregular on the Kodambakkam route,Public Transport,6
Vaccination camp was cancelled without notice in the government school area,Health,4
Abandoned building near School Lane is unsafe for children,Public Safety,5
A government official is taking bribes for water connection approvals in the housing board colony,Corruption,0
Street light flickers continuously on South Street,Street Lighting,8
"Traffic signal is damaged at MG Road junction, Block C",Traffic,9
Government hospital near South Street lacks basic medicines,Health,4
Bus stop shelter near Bypass Road is damaged,Public Transport,6
Government hospital near Station Road lacks basic medicines,Health,4
Contaminated water is being supplied in Porur,Water Supply,11
Water tanker did not arrive in Perambur as scheduled,Water Supply,11
Public dustbin near Park Avenue is broken and overflowing,Waste Management,10
Illegal parking is causing traffic jams on Church Street,Traffic,9
A contractor is taking bribes for water connection approvals in Anna Nagar,Corruption,0
Deep pit left uncovered near Nehru Street in the panchayat office area,Public Safety,5
Frequent traffic congestion on North Street during peak hours,Traffic,9
Waterlogging occurs on Nehru Street during rains,Road Maintenance,7
Bus service is irregular on the the main market road route,Public Transport,6
Official at the Velachery office is demanding money for a certificate,Corruption,0
Last bus timing has been cancelled for Ward 12,Public Transport,6
Ambulance service is delayed in Phase 2,Health,4
Illegal dumping of waste is happening near MG Road,Waste Management,10
Solar street lights installed in the industrial estate are non functional,Street Lighting,8
Water pipe burst near Park Avenue in Kolathur,Water Supply,11
Mid day meal quality is poor at Mylapore school,Education,1
Segregated waste is being mixed by collection staff in Tambaram,Waste Management,10
6 street lights have been off for weeks near Bypass Road,Street Lighting,8
No waste collection service provided in Saidapet colony,Waste Management,10
"New street light pole is needed on Ring Road, the old bus stand area",Street Lighting,8
Signboards are missing at the Nehru Street intersection,Traffic,9
Overcrowded buses are running on the Nungambakkam route,Public Transport,6
Water supply has been irregular in Guindy for 12 weeks,Water Supply,11
Official at the Egmore office is demanding money for a certificate,Corruption,0
No traffic police present at busy junction near Ring Road,Traffic,9
Bribe was demanded for issuing a building permit in Guindy,Corruption,0
Street lights are not working on Temple Street in Egmore,Street Lighting,8
No specialist doctor visits the Velachery health center,Health,4
A local shopkeeper asked for extra money to process ration card in Kodambakkam,Corruption,0
Teacher is absent regularly at the Anna Nagar government school,Education,1
"New street light pole is needed on Temple Street, Guindy",Street Lighting,8
Primary health center in Royapettah is understaffed,Health,4
Frequent traffic congestion on Ring Road during peak hours,Traffic,9
Stray dogs are attacking residents in Kolathur,Public Safety,5
No specialist doctor visits the near the temple health center,Health,4
Huge potholes on North Street in Block C,Road Maintenance,7
Official at the Saidapet office is demanding money for a certificate,Corruption,0
"No footpath available on Station Road, pedestrians face danger",Road Maintenance,7
Hospital in Block C has no doctors available,Health,4
Primary health center in Chromepet is understaffed,Health,4
Encroachment on the lake near Adyar is destroying wetlands,Environment,3
Live wire lying on Park Avenue poses electrocution risk,Public Safety,5
Garbage collection truck has not come to Block C for 9 days,Waste Management,10
Dark stretch on Bazaar Street due to broken street lights,Street Lighting,8
Stray dogs are attacking residents in the government school area,Public Safety,5
Voltage fluctuation is damaging appliances in Vadapalani,Electricity,2
Stray dogs are attacking residents in Mylapore,Public Safety,5
Official at the Kodambakkam office is demanding money for a certificate,Corruption,0
Street light wiring is exposed and dangerous in the government school area,Street Lighting,8
"Street lights remain on during daytime in the old bus stand area, wasting power",Street Lighting,8
No specialist doctor visits the Chromepet health center,Health,4
Garbage collection truck has not come to the industrial estate for 3 days,Waste Management,10
Dumping ground near near the temple is causing bad odor,Waste Management,10
There is no drinking water in the housing board colony for the past 8 days,Water Supply,11
"Low water pressure reported near Church Street, Royapettah",Water Supply,11
Auto drivers are refusing to use the meter near Ring Road,Public Transport,6
No security personnel at the public park in Vadapalani,Public Safety,5
Someone demanded a bribe for approval of a document in Mylapore,Corruption,0
No science teacher appointed at Mylapore school for 9 months,Education,1
School in Anna Nagar lacks proper toilet facilities,Education,1
No bus service available to Nungambakkam after 8 pm,Public Transport,6
Open manhole causing danger on Park Avenue in Royapettah,Public Safety,5
"No footpath available on Temple Street, pedestrians face danger",Road Maintenance,7
Long waiting times reported at the old bus stand area government hospital,Health,4
Government hospital near Church Street lacks basic medicines,Health,4
Unsafe construction site near Main Road lacks barricades,Public Safety,5
School in Saidapet lacks proper toilet facilities,Education,1
Plastic waste dumped near the water body in Guindy,Environment,3
No science teacher appointed at the old bus stand area school for 2 months,Education,1
Unsafe construction site near MG Road lacks barricades,Public Safety,5
Public dustbin near South Street is broken and overflowing,Waste Management,10
Public dustbin near Park Avenue is broken and overflowing,Waste Management,10
Frequent power cuts are occurring in the old bus stand area,Electricity,2
Transformer near Main Road in the industrial estate is not working,Electricity,2
Noise pollution from construction near Gandhi Street at night,Environment,3
Transformer near North Street in T Nagar is not working,Electricity,2
Someone demanded a bribe for approval of a document in Egmore,Corruption,0
Solar street lights installed in Chromepet are non functional,Street Lighting,8
Encroachment on the lake near the government school area is destroying wetlands,Environment,3
Water supply has been irregular in the panchayat office area for 4 weeks,Water Supply,11
Exposed wires near Temple Street pose a danger to residents,Electricity,2
Deep pit left uncovered near Church Street in T Nagar,Public Safety,5
Bus frequency has reduced drastically on Adyar route,Public Transport,6
Bribe was demanded for issuing a building permit in Perambur,Corruption,0
No water connection provided despite application in Tambaram,Water Supply,11
Transformer near North Street in Kodambakkam is not working,Electricity,2
Dumping ground near Adyar is causing bad odor,Waste Management,10
Voltage fluctuation is damaging appliances in near the temple,Electricity,2
Live wire lying on School Lane poses electrocution risk,Public Safety,5
Traffic signal timing is too short at Church Street,Traffic,9
Money was demanded for processing a pension application in Nungambakkam,Corruption,0
Huge potholes on North Street in Nungambakkam,Road Maintenance,7
Newly laid road on Main Road is already damaged,Road Maintenance,7
There is no drinking water in Saidapet for the past 14 days,Water Supply,11
Overhead tank in the railway station road has not been cleaned in months,Water Supply,11
School building near School Lane needs urgent repair,Education,1
Ambulance service is delayed in the panchayat office area,Health,4
Last bus timing has been cancelled for Vadapalani,Public Transport,6
Official at the the old bus stand area office is demanding money for a certificate,Corruption,0
Corruption reported in distribution of government scheme benefits in the panchayat office area,Corruption,0
Street light flickers continuously on South Street,Street Lighting,8
No security personnel at the public park in Ambattur,Public Safety,5
School lacks drinking water facility in T Nagar,Education,1
Unsafe construction site near Main Road lacks barricades,Public Safety,5
Streetside electric meter is sparking in the government school area,Electricity,2
No waste collection service provided in Royapettah colony,Waste Management,10
Plastic waste dumped near the water body in the main market road,Environment,3
Abandoned building near South Street is unsafe for children,Public Safety,5
Money was demanded for processing a pension application in Vadapalani,Corruption,0
No security personnel at the public park in Nungambakkam,Public Safety,5
Garbage is overflowing near Bazaar Street in Perambur,Waste Management,10
Unsafe construction site near Nehru Street lacks barricades,Public Safety,5
Corruption reported in distribution of government scheme benefits in the main market road,Corruption,0
Encroachment on the lake near Sector 5 is destroying wetlands,Environment,3
Frequent power cuts are occurring in Perambur,Electricity,2
No security personnel at the public park in Pallavaram,Public Safety,5
Waterlogging occurs on School Lane during rains,Road Maintenance,7
Zebra crossing markings have faded on Main Road,Traffic,9
Mid day meal quality is poor at Nungambakkam school,Education,1
Water body near Guindy is being polluted by industrial waste,Environment,3
Dead animal left uncollected on Market Road in Porur,Waste Management,10
Official at the the old bus stand area office is demanding money for a certificate,Corruption,0
"New street light pole is needed on Station Road, the housing board colony",Street Lighting,8
3 street lights have been off for weeks near School Lane,Street Lighting,8
Illegal tree cutting is happening near Nehru Street in Mylapore,Environment,3
A municipal worker asked for extra money to process ration card in the housing board colony,Corruption,0
12 street lights have been off for weeks near Station Road,Street Lighting,8
Illegal sand mining reported near Pallavaram,Environment,3
"No signal at the school crossing near Main Road, Egmore",Traffic,9
Dead animal left uncollected on Ring Road in Phase 2,Waste Management,10
An officer at the counter is taking bribes for water connection approvals in Ward 12,Corruption,0
Primary health center in Ambattur is understaffed,Health,4
Solar street lights installed in Velachery are non functional,Street Lighting,8
School building near Nehru Street needs urgent repair,Education,1
Hospital in Block C lacks cleanliness and hygiene,Health,4
Money was demanded for processing a pension application in Guindy,Corruption,0
No bus service available to Saidapet after 8 pm,Public Transport,6
"No signal at the school crossing near MG Road, the railway station road",Traffic,9
"Low water pressure reported near Park Avenue, the housing board colony",Water Supply,11
"New street light pole is needed on Church Street, Velachery",Street Lighting,8
Street light flickers continuously on School Lane,Street Lighting,8
Leaking pipeline is wasting water on Main Road,Water Supply,11
Long waiting times reported at the main market road government hospital,Health,4
Road divider near Park Avenue is broken,Road Maintenance,7
Exposed wires near Church Street pose a danger to residents,Electricity,2
No bus service available to Mylapore after 8 pm,Public Transport,6
No science teacher appointed at Ward 12 school for 12 months,Education,1
Water pipe burst near Bypass Road in Guindy,Water Supply,11
Transformer near MG Road in the industrial estate is not working,Electricity,2
Bus stop shelter near Church Street is damaged,Public Transport,6
Frequent traffic congestion on Temple Street during peak hours,Traffic,9
Newly laid road on Nehru Street is already damaged,Road Maintenance,7
No waste collection service provided in Ward 12 colony,Waste Management,10
Newly laid road on South Street is already damaged,Road Maintenance,7
"Low water pressure reported near Park Avenue, near the temple",Water Supply,11
"No signal at the school crossing near Ring Road, Saidapet",Traffic,9
No science teacher appointed at Kodambakkam school for 12 months,Education,1
No science teacher appointed at T Nagar school for 14 months,Education,1
Bus service is irregular on the Velachery route,Public Transport,6
Voltage fluctuation is damaging appliances in Chromepet,Electricity,2
New electricity connection is delayed in T Nagar,Electricity,2
Exposed wires near School Lane pose a danger to residents,Electricity,2
Water supply has been irregular in Royapettah for 7 weeks,Water Supply,11
Hospital in Guindy lacks cleanliness and hygiene,Health,4
Last bus timing has been cancelled for the main market road,Public Transport,6
No traffic police present at busy junction near Park Avenue,Traffic,9
Illegal sand mining reported near the railway station road,Environment,3
Illegal tree cutting is happening near MG Road in Egmore,Environment,3
Transformer near Gandhi Street in Saidapet is not working,Electricity,2
Bribe was demanded for issuing a building permit in the industrial estate,Corruption,0
Unsafe construction site near Market Road lacks barricades,Public Safety,5
"No signal at the school crossing near Park Avenue, the railway station road",Traffic,9
Streetside electric meter is sparking in Ambattur,Electricity,2
"Traffic signal is damaged at Bazaar Street junction, Royapettah",Traffic,9
Bus conductor misbehaved with passengers on the industrial estate route,Public Transport,6
Solar street lights installed in Kolathur are non functional,Street Lighting,8
Teacher is absent regularly at the near the temple government school,Education,1
Zebra crossing markings have faded on North Street,Traffic,9
Bus service is irregular on the the panchayat office area route,Public Transport,6
Newly laid road on Ring Road is already damaged,Road Maintenance,7
Someone demanded a bribe for approval of a document in Chromepet,Corruption,0
Huge potholes on Ring Road in the old bus stand area,Road Maintenance,7
Primary health center in Porur is understaffed,Health,4
School building near South Street needs urgent repair,Education,1
Traffic signal timing is too short at North Street,Traffic,9
"Traffic signal is damaged at North Street junction, Pallavaram",Traffic,9
Water supply has been irregular in the panchayat office area for 13 weeks,Water Supply,11
Noise pollution from construction near North Street at night,Environment,3
No science teacher appointed at near the temple school for 2 months,Education,1
Segregated waste is being mixed by collection staff in Kodambakkam,Waste Management,10
"New street light pole is needed on Bazaar Street, Royapettah",Street Lighting,8
"No signal at the school crossing near Ring Road, Vadapalani",Traffic,9
Garbage collection truck has not come to the government school area for 7 days,Waste Management,10
Electricity is unavailable in Mylapore for the past 9 days,Electricity,2
Unsafe construction site near Ring Road lacks barricades,Public Safety,5
Open manhole causing danger on Market Road in Ward 12,Public Safety,5
School building near Ring Road needs urgent repair,Education,1
Plastic waste dumped near the water body in Ward 12,Environment,3
Solar street lights installed in Perambur are non functional,Street Lighting,8
6 street lights have been off for weeks near Nehru Street,Street Lighting,8
"No footpath available on Ring Road, pedestrians face danger",Road Maintenance,7
Dead animal left uncollected on Bazaar Street in Royapettah,Waste Management,10
Frequent traffic congestion on North Street during peak hours,Traffic,9
Bribe was demanded for issuing a building permit in Egmore,Corruption,0
Bus conductor misbehaved with passengers on Anna Nagar route,Public Transport,6
Hospital in Porur lacks cleanliness and hygiene,Health,4
Plastic waste dumped near the water body in the government school area,Environment,3
Huge potholes on Station Road in the panchayat office area,Road Maintenance,7
Construction debris left on Ring Road blocking traffic,Road Maintenance,7
Traffic signal timing is too short at Bypass Road,Traffic,9
Textbooks not distributed on time in Alwarpet schools,Education,1
Illegal sand mining reported near the panchayat office area,Environment,3
Hospital in Royapettah has no doctors available,Health,4
Electricity is unavailable in Chromepet for the past 9 days,Electricity,2
Frequent traffic congestion on Main Road during peak hours,Traffic,9
Water tanker did not arrive in Guindy as scheduled,Water Supply,11
Live wire lying on Park Avenue poses electrocution risk,Public Safety,5
Live wire lying on Park Avenue poses electrocution risk,Public Safety,5
Government hospital near Gandhi Street lacks basic medicines,Health,4
Overhead tank in Kodambakkam has not been cleaned in months,Water Supply,11
Power supply tripped and not restored for 4 hours in Sector 5,Electricity,2
Last bus timing has been cancelled for the railway station road,Public Transport,6
Street light wiring is exposed and dangerous in Egmore,Street Lighting,8
Someone demanded a bribe for approval of a document in Kolathur,Corruption,0
Teacher is absent regularly at the Kolathur government school,Education,1
School lacks drinking water facility in Nungambakkam,Education,1
Open manhole causing danger on South Street in Royapettah,Public Safety,5
Huge potholes on Main Road in Kodambakkam,Road Maintenance,7
Noise pollution from construction near Church Street at night,Environment,3
Vaccination camp was cancelled without notice in the housing board colony,Health,4
Deep pit left uncovered near Ring Road in the industrial estate,Public Safety,5
Billing error in electricity charges for Phase 2 residents,Electricity,2
Encroachment on the lake near Kolathur is destroying wetlands,Environment,3
"Street lights remain on during daytime in Perambur, wasting power",Street Lighting,8
Electric pole near Temple Street is leaning dangerously,Electricity,2
Broken compound wall near Temple Street is a safety hazard,Public Safety,5
Noise pollution from construction near Church Street at night,Environment,3
Speed breakers are missing near the school on Main Road,Road Maintenance,7
"New street light pole is needed on Temple Street, near the temple",Street Lighting,8
Borewell in Alwarpet has run dry,Water Supply,11
Hospital in the railway station road has no doctors available,Health,4
Segregated waste is being mixed by collection staff in Block C,Waste Management,10
Ambulance service is delayed in Sector 5,Health,4
A clerk asked for extra money to process ration card in Porur,Corruption,0
Frequent traffic congestion on Temple Street during peak hours,Traffic,9
Last bus timing has been cancelled for Kolathur,Public Transport,6
Bus stop shelter near Nehru Street is damaged,Public Transport,6
School lacks drinking water facility in Porur,Education,1
Contaminated water is being supplied in Sector 5,Water Supply,11
Water body near Ambattur is being polluted by industrial waste,Environment,3
No traffic police present at busy junction near Station Road,Traffic,9
Official at the Adyar office is demanding money for a certificate,Corruption,0
Construction debris left on South Street blocking traffic,Road Maintenance,7
Overcrowded classrooms reported in the old bus stand area government school,Education,1
Burning of waste is causing smoke in Phase 2,Environment,3
Official at the Adyar office is demanding money for a certificate,Corruption,0
No waste collection service provided in Perambur colony,Waste Management,10
Voltage fluctuation is damaging appliances in Porur,Electricity,2
Abandoned building near Gandhi Street is unsafe for children,Public Safety,5
School in Velachery lacks proper toilet facilities,Education,1
A clerk asked for extra money to process ration card in Perambur,Corruption,0
Illegal tree cutting is happening near Nehru Street in Guindy,Environment,3
Illegal parking is causing traffic jams on Station Road,Traffic,9
Billing error in electricity charges for Nungambakkam residents,Electricity,2
Corruption reported in distribution of government scheme benefits in Ambattur,Corruption,0
Encroachment on the lake near Tambaram is destroying wetlands,Environment,3
Primary health center in Phase 2 is understaffed,Health,4
Garbage collection truck has not come to Perambur for 4 days,Waste Management,10
Unsafe construction site near Park Avenue lacks barricades,Public Safety,5
A local shopkeeper asked for extra money to process ration card in Kolathur,Corruption,0
Frequent traffic congestion on MG Road during peak hours,Traffic,9
Signboards are missing at the North Street intersection,Traffic,9
Illegal parking is causing traffic jams on MG Road,Traffic,9
Hospital in Mylapore lacks cleanliness and hygiene,Health,4
Newly laid road on Bypass Road is already damaged,Road Maintenance,7
Signboards are missing at the South Street intersection,Traffic,9
Water supply has been irregular in Alwarpet for 10 weeks,Water Supply,11
No bus service available to Velachery after 8 pm,Public Transport,6
Voltage fluctuation is damaging appliances in Perambur,Electricity,2
Burning of waste is causing smoke in Vadapalani,Environment,3
No traffic police present at busy junction near Church Street,Traffic,9
Signboards are missing at the Bypass Road intersection,Traffic,9
Overcrowded classrooms reported in Nungambakkam government school,Education,1
School lacks drinking water facility in the panchayat office area,Education,1
Transformer near South Street in Royapettah is not working,Electricity,2
No security personnel at the public park in Kolathur,Public Safety,5
Abandoned building near Park Avenue is unsafe for children,Public Safety,5
Hospital in the panchayat office area has no doctors available,Health,4
No bus service available to Anna Nagar after 8 pm,Public Transport,6
"No signal at the school crossing near Church Street, near the temple",Traffic,9
Street lights are not working on North Street in Saidapet,Street Lighting,8
Live wire lying on School Lane poses electrocution risk,Public Safety,5
Dark stretch on North Street due to broken street lights,Street Lighting,8
Garbage is overflowing near School Lane in Block C,Waste Management,10
Hospital in near the temple lacks cleanliness and hygiene,Health,4
Vaccination camp was cancelled without notice in Royapettah,Health,4
Traffic signal timing is too short at Market Road,Traffic,9
A clerk asked for extra money to process ration card in Perambur,Corruption,0
No security personnel at the public park in Anna Nagar,Public Safety,5
"No footpath available on Nehru Street, pedestrians face danger",Road Maintenance,7
Public dustbin near Park Avenue is broken and overflowing,Waste Management,10
Primary health center in Anna Nagar is understaffed,Health,4
Billing error in electricity charges for the housing board colony residents,Electricity,2
Billing error in electricity charges for the housing board colony residents,Electricity,2
School building near Station Road needs urgent repair,Education,1
"Low water pressure reported near Gandhi Street, Nungambakkam",Water Supply,11
Traffic signal timing is too short at Park Avenue,Traffic,9
Garbage is overflowing near Park Avenue in Saidapet,Waste Management,10
Leaking pipeline is wasting water on Nehru Street,Water Supply,11
Deep pit left uncovered near Nehru Street in Royapettah,Public Safety,5
Waterlogging occurs on Temple Street during rains,Road Maintenance,7
Money was demanded for processing a pension application in Mylapore,Corruption,0
Billing error in electricity charges for Velachery residents,Electricity,2
Money was demanded for processing a pension application in Block C,Corruption,0
No water connection provided despite application in Alwarpet,Water Supply,11
Garbage collection truck has not come to the old bus stand area for 7 days,Waste Management,10
Bribe was demanded for issuing a building permit in Adyar,Corruption,0
Road divider near Church Street is broken,Road Maintenance,7
Burning of waste is causing smoke in the panchayat office area,Environment,3
Long waiting times reported at Tambaram government hospital,Health,4
Waterlogging occurs on South Street during rains,Road Maintenance,7
Water pipe burst near Temple Street in Tambaram,Water Supply,11
Auto drivers are refusing to use the meter near Bazaar Street,Public Transport,6
Money was demanded for processing a pension application in Anna Nagar,Corruption,0
Frequent traffic congestion on Bazaar Street during peak hours,Traffic,9
School lacks drinking water facility in Perambur,Education,1
Garbage is overflowing near MG Road in the old bus stand area,Waste Management,10
Official at the Alwarpet office is demanding money for a certificate,Corruption,0
Garbage is overflowing near Ring Road in Egmore,Waste Management,10
Teacher is absent regularly at the Saidapet government school,Education,1
Frequent power cuts are occurring in Pallavaram,Electricity,2
Traffic signal timing is too short at Nehru Street,Traffic,9
Bus service is irregular on the Kolathur route,Public Transport,6
Mid day meal quality is poor at Phase 2 school,Education,1
Bribe was demanded for issuing a building permit in the panchayat office area,Corruption,0
School in Perambur lacks proper toilet facilities,Education,1
An officer at the counter is taking bribes for water connection approvals in the housing board colony,Corruption,0
No bus service available to Block C after 8 pm,Public Transport,6
Power supply tripped and not restored for 5 hours in Guindy,Electricity,2
Electric pole near Bazaar Street is leaning dangerously,Electricity,2
Waterlogging occurs on Temple Street during rains,Road Maintenance,7
Garbage collection truck has not come to Perambur for 5 days,Waste Management,10
Corruption reported in distribution of government scheme benefits in Phase 2,Corruption,0
New electricity connection is delayed in the panchayat office area,Electricity,2
Road divider near MG Road is broken,Road Maintenance,7
Newly laid road on MG Road is already damaged,Road Maintenance,7
Overcrowded classrooms reported in Perambur government school,Education,1
Water body near Egmore is being polluted by industrial waste,Environment,3
Electric pole near Station Road is leaning dangerously,Electricity,2
No water connection provided despite application in Porur,Water Supply,11
Segregated waste is being mixed by collection staff in Phase 2,Waste Management,10
Hospital in Ward 12 has no doctors available,Health,4
Stray dogs are attacking residents in the old bus stand area,Public Safety,5
Streetside electric meter is sparking in Kodambakkam,Electricity,2
Water pipe burst near Station Road in the housing board colony,Water Supply,11
Overhead tank in Egmore has not been cleaned in months,Water Supply,11
"New street light pole is needed on Temple Street, Pallavaram",Street Lighting,8
Traffic signal timing is too short at South Street,Traffic,9
Water body near Vadapalani is being polluted by industrial waste,Environment,3
Encroachment on the lake near the railway station road is destroying wetlands,Environment,3
Illegal dumping of waste is happening near Church Street,Waste Management,10
Bus stop shelter near School Lane is damaged,Public Transport,6
Frequent power cuts are occurring in Mylapore,Electricity,2
Overcrowded classrooms reported in Perambur government school,Education,1
Bus service is irregular on the T Nagar route,Public Transport,6
Open manhole causing danger on MG Road in Vadapalani,Public Safety,5
Noise pollution from construction near South Street at night,Environment,3
"New street light pole is needed on Market Road, Vadapalani",Street Lighting,8
Road divider near North Street is broken,Road Maintenance,7
No bus service available to Sector 5 after 8 pm,Public Transport,6
Bus frequency has reduced drastically on Vadapalani route,Public Transport,6
Noise pollution from construction near Station Road at night,Environment,3
"Street lights remain on during daytime in Tambaram, wasting power",Street Lighting,8
Illegal tree cutting is happening near Ring Road in Kolathur,Environment,3
Someone demanded a bribe for approval of a document in Tambaram,Corruption,0
Exposed wires near Station Road pose a danger to residents,Electricity,2
Illegal dumping of waste is happening near Nehru Street,Waste Management,10
No specialist doctor visits the the railway station road health center,Health,4
Mid day meal quality is poor at T Nagar school,Education,1
Last bus timing has been cancelled for the main market road,Public Transport,6
A government official asked for extra money to process ration card in Porur,Corruption,0
Bus frequency has reduced drastically on Phase 2 route,Public Transport,6
Waterlogging occurs on Park Avenue during rains,Road Maintenance,7
Road divider near MG Road is broken,Road Maintenance,7
Water body near Kolathur is being polluted by industrial waste,Environment,3
Government hospital near Park Avenue lacks basic medicines,Health,4
No waste collection service provided in Kolathur colony,Waste Management,10
Solar street lights installed in Royapettah are non functional,Street Lighting,8
Deep pit left uncovered near Nehru Street in Mylapore,Public Safety,5
"No footpath available on North Street, pedestrians face danger",Road Maintenance,7
Illegal tree cutting is happening near Bazaar Street in Saidapet,Environment,3
Dumping ground near the old bus stand area is causing bad odor,Waste Management,10
Auto drivers are refusing to use the meter near MG Road,Public Transport,6
Overhead tank in Guindy has not been cleaned in months,Water Supply,11
Power supply tripped and not restored for 14 hours in Chromepet,Electricity,2
Contaminated water is being supplied in Royapettah,Water Supply,11
Deep pit left uncovered near Market Road in the old bus stand area,Public Safety,5
Frequent power cuts are occurring in the railway station road,Electricity,2
Open manhole causing danger on Church Street in T Nagar,Public Safety,5
"Street lights remain on during daytime in the industrial estate, wasting power",Street Lighting,8
Street light flickers continuously on Station Road,Street Lighting,8
Voltage fluctuation is damaging appliances in Kolathur,Electricity,2
Bus conductor misbehaved with passengers on Pallavaram route,Public Transport,6
Garbage collection truck has not come to the housing board colony for 11 days,Waste Management,10
Garbage collection truck has not come to Vadapalani for 9 days,Waste Management,10
Road divider near MG Road is broken,Road Maintenance,7
Illegal parking is causing traffic jams on Church Street,Traffic,9
Vaccination camp was cancelled without notice in Kolathur,Health,4
A local shopkeeper is taking bribes for water connection approvals in Alwarpet,Corruption,0
A contractor asked for extra money to process ration card in Chromepet,Corruption,0
Illegal sand mining reported near Block C,Environment,3
Bus service is irregular on the the railway station road route,Public Transport,6
Noise pollution from construction near North Street at night,Environment,3
Dark stretch on North Street due to broken street lights,Street Lighting,8
Public dustbin near Park Avenue is broken and overflowing,Waste Management,10
Broken compound wall near Station Road is a safety hazard,Public Safety,5
Government hospital near Church Street lacks basic medicines,Health,4
"Traffic signal is damaged at Market Road junction, Pallavaram",Traffic,9
Garbage collection truck has not come to Sector 5 for 2 days,Waste Management,10
Dumping ground near T Nagar is causing bad odor,Waste Management,10
No traffic police present at busy junction near South Street,Traffic,9
Money was demanded for processing a pension application in the panchayat office area,Corruption,0
Live wire lying on Main Road poses electrocution risk,Public Safety,5
Money was demanded for processing a pension application in Phase 2,Corruption,0
Noise pollution from construction near Park Avenue at night,Environment,3
Live wire lying on School Lane poses electrocution risk,Public Safety,5
Bus stop shelter near Market Road is damaged,Public Transport,6
Power supply tripped and not restored for 9 hours in Adyar,Electricity,2
No science teacher appointed at Porur school for 9 months,Education,1
Teacher is absent regularly at the the old bus stand area government school,Education,1
Construction debris left on Bazaar Street blocking traffic,Road Maintenance,7
There is no drinking water in Guindy for the past 14 days,Water Supply,11
Ambulance service is delayed in near the temple,Health,4
New electricity connection is delayed in Velachery,Electricity,2
Electric pole near School Lane is leaning dangerously,Electricity,2
Ambulance service is delayed in Phase 2,Health,4
Contaminated water is being supplied in the housing board colony,Water Supply,11
Burning of waste is causing smoke in Perambur,Environment,3
Traffic signal timing is too short at School Lane,Traffic,9
Signboards are missing at the Bazaar Street intersection,Traffic,9
Corruption reported in distribution of government scheme benefits in T Nagar,Corruption,0
12 street lights have been off for weeks near Bypass Road,Street Lighting,8
School in Nungambakkam lacks proper toilet facilities,Education,1
Bus service is irregular on the near the temple route,Public Transport,6
Official at the near the temple office is demanding money for a certificate,Corruption,0
"New street light pole is needed on Gandhi Street, Kodambakkam",Street Lighting,8
Overcrowded classrooms reported in Ambattur government school,Education,1
Corruption reported in distribution of government scheme benefits in Ward 12,Corruption,0
Air pollution levels are high near the factory in T Nagar,Environment,3
Overcrowded classrooms reported in Alwarpet government school,Education,1
"No footpath available on Market Road, pedestrians face danger",Road Maintenance,7
Water pipe burst near Nehru Street in the main market road,Water Supply,11
Broken compound wall near Station Road is a safety hazard,Public Safety,5
Long waiting times reported at Adyar government hospital,Health,4
Auto drivers are refusing to use the meter near South Street,Public Transport,6
Primary health center in Adyar is understaffed,Health,4
"No footpath available on Bazaar Street, pedestrians face danger",Road Maintenance,7
Water supply has been irregular in Guindy for 10 weeks,Water Supply,11
Exposed wires near Gandhi Street pose a danger to residents,Electricity,2
Water supply has been irregular in Alwarpet for 12 weeks,Water Supply,11
No waste collection service provided in the main market road colony,Waste Management,10
Noise pollution from construction near School Lane at night,Environment,3
No bus service available to Sector 5 after 8 pm,Public Transport,6
Last bus timing has been cancelled for Chromepet,Public Transport,6
No security personnel at the public park in Kolathur,Public Safety,5
Open manhole causing danger on Ring Road in Egmore,Public Safety,5
Garbage is overflowing near North Street in the housing board colony,Waste Management,10
Illegal tree cutting is happening near Ring Road in the industrial estate,Environment,3
Bus stop shelter near Main Road is damaged,Public Transport,6
Government hospital near Church Street lacks basic medicines,Health,4
New electricity connection is delayed in Adyar,Electricity,2
No specialist doctor visits the the old bus stand area health center,Health,4
Road divider near Park Avenue is broken,Road Maintenance,7
Money was demanded for processing a pension application in Guindy,Corruption,0
Waterlogging occurs on Main Road during rains,Road Maintenance,7
Bribe was demanded for issuing a building permit in Egmore,Corruption,0
Live wire lying on School Lane poses electrocution risk,Public Safety,5
Government hospital near Nehru Street lacks basic medicines,Health,4
Bus stop shelter near Bypass Road is damaged,Public Transport,6
No specialist doctor visits the Guindy health center,Health,4
Noise pollution from construction near Church Street at night,Environment,3
Water supply has been irregular in the main market road for 13 weeks,Water Supply,11
Unsafe construction site near Park Avenue lacks barricades,Public Safety,5
Illegal tree cutting is happening near School Lane in Alwarpet,Environment,3
Air pollution levels are high near the factory in Velachery,Environment,3
A local shopkeeper asked for extra money to process ration card in T Nagar,Corruption,0
New electricity connection is delayed in Perambur,Electricity,2
Signboards are missing at the Nehru Street intersection,Traffic,9
Textbooks not distributed on time in Alwarpet schools,Education,1
Government hospital near School Lane lacks basic medicines,Health,4
Illegal sand mining reported near Porur,Environment,3
Water supply has been irregular in the housing board colony for 3 weeks,Water Supply,11
Hospital in Nungambakkam lacks cleanliness and hygiene,Health,4
Power supply tripped and not restored for 15 hours in Block C,Electricity,2
Road near Nehru Street has not been repaired after monsoon,Road Maintenance,7
Corruption reported in distribution of government scheme benefits in T Nagar,Corruption,0
Official at the Pallavaram office is demanding money for a certificate,Corruption,0
Stray dogs are attacking residents in Nungambakkam,Public Safety,5
Encroachment on the lake near Adyar is destroying wetlands,Environment,3
Illegal tree cutting is happening near Bazaar Street in Nungambakkam,Environment,3
Government hospital near Temple Street lacks basic medicines,Health,4
Encroachment on the lake near Phase 2 is destroying wetlands,Environment,3
Transformer near Bypass Road in the government school area is not working,Electricity,2
Hospital in Mylapore has no doctors available,Health,4
Construction debris left on Church Street blocking traffic,Road Maintenance,7
10 street lights have been off for weeks near South Street,Street Lighting,8
No traffic police present at busy junction near Market Road,Traffic,9
Transformer near Main Road in Anna Nagar is not working,Electricity,2
Corruption reported in distribution of government scheme benefits in Anna Nagar,Corruption,0
Leaking pipeline is wasting water on Ring Road,Water Supply,11
Exposed wires near North Street pose a danger to residents,Electricity,2
Leaking pipeline is wasting water on MG Road,Water Supply,11
Road divider near Park Avenue is broken,Road Maintenance,7
Dark stretch on MG Road due to broken street lights,Street Lighting,8
No science teacher appointed at the main market road school for 15 months,Education,1
Bus frequency has reduced drastically on Kodambakkam route,Public Transport,6
Bus service is irregular on the Vadapalani route,Public Transport,6
Bus service is irregular on the the main market road route,Public Transport,6
Water pipe burst near Ring Road in Kodambakkam,Water Supply,11
Electric pole near School Lane is leaning dangerously,Electricity,2
Abandoned building near Main Road is unsafe for children,Public Safety,5
Teacher is absent regularly at the the housing board colony government school,Education,1
Burning of waste is causing smoke in Chromepet,Environment,3
"Street lights remain on during daytime in Mylapore, wasting power",Street Lighting,8
Garbage collection truck has not come to Chromepet for 2 days,Waste Management,10
Exposed wires near North Street pose a danger to residents,Electricity,2
Teacher is absent regularly at the the railway station road government school,Education,1
A clerk is taking bribes for water connection approvals in near the temple,Corruption,0
School building near Station Road needs urgent repair,Education,1
Corruption reported in distribution of government scheme benefits in Porur,Corruption,0
"Street lights remain on during daytime in T Nagar, wasting power",Street Lighting,8
Someone demanded a bribe for approval of a document in Mylapore,Corruption,0
Road near Station Road has not been repaired after monsoon,Road Maintenance,7
Solar street lights installed in the old bus stand area are non functional,Street Lighting,8
Illegal sand mining reported near the railway station road,Environment,3
Transformer near Park Avenue in Tambaram is not working,Electricity,2
School in Egmore lacks proper toilet facilities,Education,1
Street light wiring is exposed and dangerous in Guindy,Street Lighting,8
Unsafe construction site near Market Road lacks barricades,Public Safety,5
School building near Ring Road needs urgent repair,Education,1
No waste collection service provided in Perambur colony,Waste Management,10
Bribe was demanded for issuing a building permit in Sector 5,Corruption,0
Last bus timing has been cancelled for Saidapet,Public Transport,6
No waste collection service provided in Mylapore colony,Waste Management,10
Exposed wires near Temple Street pose a danger to residents,Electricity,2
Zebra crossing markings have faded on Main Road,Traffic,9
"No footpath available on Main Road, pedestrians face danger",Road Maintenance,7
Illegal sand mining reported near Ward 12,Environment,3
Broken compound wall near Church Street is a safety hazard,Public Safety,5
11 street lights have been off for weeks near North Street,Street Lighting,8
Bus conductor misbehaved with passengers on Pallavaram route,Public Transport,6
"Traffic signal is damaged at Gandhi Street junction, Chromepet",Traffic,9
Garbage is overflowing near Gandhi Street in the housing board colony,Waste Management,10
Construction debris left on MG Road blocking traffic,Road Maintenance,7
Open manhole causing danger on Church Street in Vadapalani,Public Safety,5
Bribe was demanded for issuing a building permit in Phase 2,Corruption,0
Street lights are not working on Gandhi Street in Anna Nagar,Street Lighting,8
No science teacher appointed at the railway station road school for 9 months,Education,1
Illegal dumping of waste is happening near Bypass Road,Waste Management,10
Ambulance service is delayed in Adyar,Health,4
Transformer near Church Street in Saidapet is not working,Electricity,2
"New street light pole is needed on Gandhi Street, Porur",Street Lighting,8
Street light flickers continuously on Church Street,Street Lighting,8
Dumping ground near Pallavaram is causing bad odor,Waste Management,10
Electricity is unavailable in T Nagar for the past 8 days,Electricity,2
Official at the Chromepet office is demanding money for a certificate,Corruption,0
Hospital in the panchayat office area has no doctors available,Health,4
No specialist doctor visits the Ward 12 health center,Health,4
Leaking pipeline is wasting water on North Street,Water Supply,11
Billing error in electricity charges for Anna Nagar residents,Electricity,2
A contractor is taking bribes for water connection approvals in Nungambakkam,Corruption,0
Traffic signal timing is too short at Church Street,Traffic,9
"Street lights remain on during daytime in Kolathur, wasting power",Street Lighting,8
Bribe was demanded for issuing a building permit in Mylapore,Corruption,0
Overcrowded buses are running on the Anna Nagar route,Public Transport,6
No security personnel at the public park in Chromepet,Public Safety,5
Broken compound wall near Park Avenue is a safety hazard,Public Safety,5
Contaminated water is being supplied in Egmore,Water Supply,11
Bus conductor misbehaved with passengers on Pallavaram route,Public Transport,6
Leaking pipeline is wasting water on North Street,Water Supply,11
A local shopkeeper is taking bribes for water connection approvals in Egmore,Corruption,0
Vaccination camp was cancelled without notice in the railway station road,Health,4
Dead animal left uncollected on South Street in the industrial estate,Waste Management,10
"Traffic signal is damaged at Park Avenue junction, Perambur",Traffic,9
Street light wiring is exposed and dangerous in Sector 5,Street Lighting,8
Traffic signal timing is too short at MG Road,Traffic,9
Signboards are missing at the Main Road intersection,Traffic,9
Bus conductor misbehaved with passengers on near the temple route,Public Transport,6
Waterlogging occurs on Gandhi Street during rains,Road Maintenance,7
Primary health center in Vadapalani is understaffed,Health,4
No science teacher appointed at Block C school for 10 months,Education,1
Encroachment on the lake near near the temple is destroying wetlands,Environment,3
Water pipe burst near Nehru Street in Ward 12,Water Supply,11
Dark stretch on Nehru Street due to broken street lights,Street Lighting,8
Primary health center in T Nagar is understaffed,Health,4
Mid day meal quality is poor at Tambaram school,Education,1
Last bus timing has been cancelled for the panchayat office area,Public Transport,6
Transformer near South Street in Kodambakkam is not working,Electricity,2
Traffic signal timing is too short at Market Road,Traffic,9
Burning of waste is causing smoke in Tambaram,Environment,3
No security personnel at the public park in Ward 12,Public Safety,5
Dark stretch on Gandhi Street due to broken street lights,Street Lighting,8
Billing error in electricity charges for Kodambakkam residents,Electricity,2
Power supply tripped and not restored for 4 hours in the housing board colony,Electricity,2
Illegal sand mining reported near the old bus stand area,Environment,3
Street light flickers continuously on Station Road,Street Lighting,8
Broken compound wall near MG Road is a safety hazard,Public Safety,5
Abandoned building near Temple Street is unsafe for children,Public Safety,5
Road divider near MG Road is broken,Road Maintenance,7
Segregated waste is being mixed by collection staff in Sector 5,Waste Management,10
"New street light pole is needed on Bazaar Street, Chromepet",Street Lighting,8
Textbooks not distributed on time in the housing board colony schools,Education,1
Garbage is overflowing near MG Road in Porur,Waste Management,10
7 street lights have been off for weeks near MG Road,Street Lighting,8
No bus service available to Vadapalani after 8 pm,Public Transport,6
"No footpath available on Bypass Road, pedestrians face danger",Road Maintenance,7
No waste collection service provided in Sector 5 colony,Waste Management,10
Water pipe burst near Bypass Road in Mylapore,Water Supply,11
No traffic police present at busy junction near North Street,Traffic,9
Water supply has been irregular in Perambur for 12 weeks,Water Supply,11
Air pollution levels are high near the factory in Porur,Environment,3
An officer at the counter asked for extra money to process ration card in Kolathur,Corruption,0
Abandoned building near Gandhi Street is unsafe for children,Public Safety,5
Segregated waste is being mixed by collection staff in Block C,Waste Management,10
Street lights are not working on School Lane in Phase 2,Street Lighting,8
Borewell in the panchayat office area has run dry,Water Supply,11
Billing error in electricity charges for Anna Nagar residents,Electricity,2
No security personnel at the public park in the panchayat office area,Public Safety,5
Road divider near Church Street is broken,Road Maintenance,7
Newly laid road on Park Avenue is already damaged,Road Maintenance,7
Water pipe burst near School Lane in the railway station road,Water Supply,11
An officer at the counter is taking bribes for water connection approvals in near the temple,Corruption,0
Road near Main Road has not been repaired after monsoon,Road Maintenance,7
Someone demanded a bribe for approval of a document in Ambattur,Corruption,0
Mid day meal quality is poor at Ward 12 school,Education,1
Overhead tank in Nungambakkam has not been cleaned in months,Water Supply,11
No waste collection service provided in Adyar colony,Waste Management,10
Traffic signal timing is too short at Park Avenue,Traffic,9
Dead animal left uncollected on Main Road in Kolathur,Waste Management,10
No waste collection service provided in Egmore colony,Waste Management,10
No bus service available to Block C after 8 pm,Public Transport,6
Illegal dumping of waste is happening near MG Road,Waste Management,10
Mid day meal quality is poor at Chromepet school,Education,1
Mid day meal quality is poor at Royapettah school,Education,1
Street lights are not working on North Street in Kodambakkam,Street Lighting,8
Dead animal left uncollected on Gandhi Street in the housing board colony,Waste Management,10
No water connection provided despite application in Nungambakkam,Water Supply,11
Someone demanded a bribe for approval of a document in Nungambakkam,Corruption,0
Official at the Pallavaram office is demanding money for a certificate,Corruption,0
Corruption reported in distribution of government scheme benefits in Tambaram,Corruption,0
Construction debris left on School Lane blocking traffic,Road Maintenance,7
Streetside electric meter is sparking in Mylapore,Electricity,2
Solar street lights installed in the main market road are non functional,Street Lighting,8
Vaccination camp was cancelled without notice in Phase 2,Health,4
School in the main market road lacks proper toilet facilities,Education,1
6 street lights have been off for weeks near Market Road,Street Lighting,8
Open manhole causing danger on Church Street in Kodambakkam,Public Safety,5
Official at the the old bus stand area office is demanding money for a certificate,Corruption,0
School lacks drinking water facility in near the temple,Education,1
Voltage fluctuation is damaging appliances in Sector 5,Electricity,2
Overhead tank in Nungambakkam has not been cleaned in months,Water Supply,11
Open manhole causing danger on Gandhi Street in Ambattur,Public Safety,5
Hospital in Tambaram has no doctors available,Health,4
Water supply has been irregular in the industrial estate for 10 weeks,Water Supply,11
Streetside electric meter is sparking in Pallavaram,Electricity,2
Voltage fluctuation is damaging appliances in Ward 12,Electricity,2
Illegal parking is causing traffic jams on Bazaar Street,Traffic,9
Segregated waste is being mixed by collection staff in Pallavaram,Waste Management,10
Illegal tree cutting is happening near Station Road in Kolathur,Environment,3
Bus frequency has reduced drastically on Velachery route,Public Transport,6
Bus stop shelter near Gandhi Street is damaged,Public Transport,6
Transformer near South Street in Kolathur is not working,Electricity,2
Live wire lying on MG Road poses electrocution risk,Public Safety,5
Overcrowded classrooms reported in Nungambakkam government school,Education,1
Signboards are missing at the South Street intersection,Traffic,9
Water supply has been irregular in the housing board colony for 3 weeks,Water Supply,11
Contaminated water is being supplied in the panchayat office area,Water Supply,11
Bus conductor misbehaved with passengers on the old bus stand area route,Public Transport,6
Official at the Sector 5 office is demanding money for a certificate,Corruption,0
Textbooks not distributed on time in the panchayat office area schools,Education,1
Voltage fluctuation is damaging appliances in Adyar,Electricity,2
Stray dogs are attacking residents in Ambattur,Public Safety,5
Speed breakers are missing near the school on Park Avenue,Road Maintenance,7
Traffic signal timing is too short at Church Street,Traffic,9
"No footpath available on Main Road, pedestrians face danger",Road Maintenance,7
Contaminated water is being supplied in Egmore,Water Supply,11
Illegal dumping of waste is happening near Temple Street,Waste Management,10
Exposed wires near Park Avenue pose a danger to residents,Electricity,2
Illegal parking is causing traffic jams on MG Road,Traffic,9
Garbage collection truck has not come to the panchayat office area for 7 days,Waste Management,10
Frequent traffic congestion on North Street during peak hours,Traffic,9
Stray dogs are attacking residents in the housing board colony,Public Safety,5
Money was demanded for processing a pension application in the industrial estate,Corruption,0
Burning of waste is causing smoke in the industrial estate,Environment,3
No science teacher appointed at Porur school for 14 months,Education,1
"Street lights remain on during daytime in Alwarpet, wasting power",Street Lighting,8
Garbage is overflowing near School Lane in Egmore,Waste Management,10
Bus service is irregular on the Adyar route,Public Transport,6
Ambulance service is delayed in Egmore,Health,4
Borewell in Mylapore has run dry,Water Supply,11
Government hospital near Park Avenue lacks basic medicines,Health,4
Huge potholes on Nehru Street in the government school area,Road Maintenance,7
Illegal tree cutting is happening near Park Avenue in Sector 5,Environment,3
Encroachment on the lake near Block C is destroying wetlands,Environment,3
Deep pit left uncovered near Ring Road in Chromepet,Public Safety,5
Government hospital near Nehru Street lacks basic medicines,Health,4
No science teacher appointed at Mylapore school for 8 months,Education,1
Huge potholes on North Street in Pallavaram,Road Maintenance,7
Burning of waste is causing smoke in Phase 2,Environment,3
Segregated waste is being mixed by collection staff in Kodambakkam,Waste Management,10
Signboards are missing at the Church Street intersection,Traffic,9
School building near South Street needs urgent repair,Education,1
Billing error in electricity charges for Mylapore residents,Electricity,2
Segregated waste is being mixed by collection staff in Kodambakkam,Waste Management,10
No waste collection service provided in the industrial estate colony,Waste Management,10
Signboards are missing at the Bazaar Street intersection,Traffic,9
School lacks drinking water facility in Kodambakkam,Education,1
School in Adyar lacks proper toilet facilities,Education,1
Bus stop shelter near MG Road is damaged,Public Transport,6
Bus service is irregular on the Phase 2 route,Public Transport,6
Open manhole causing danger on North Street in Kodambakkam,Public Safety,5
Street lights are not working on Gandhi Street in Phase 2,Street Lighting,8
Road near School Lane has not been repaired after monsoon,Road Maintenance,7
Road divider near South Street is broken,Road Maintenance,7
Streetside electric meter is sparking in Tambaram,Electricity,2
Huge potholes on South Street in Vadapalani,Road Maintenance,7
Bus service is irregular on the T Nagar route,Public Transport,6
Dead animal left uncollected on Church Street in the government school area,Waste Management,10
"New street light pole is needed on Bypass Road, Adyar",Street Lighting,8
"Traffic signal is damaged at Park Avenue junction, T Nagar",Traffic,9
7 street lights have been off for weeks near Park Avenue,Street Lighting,8
Water tanker did not arrive in Velachery as scheduled,Water Supply,11
Illegal dumping of waste is happening near Church Street,Waste Management,10
Textbooks not distributed on time in the industrial estate schools,Education,1
Signboards are missing at the School Lane intersection,Traffic,9
Deep pit left uncovered near Nehru Street in Adyar,Public Safety,5
"Street lights remain on during daytime in near the temple, wasting power",Street Lighting,8
"Traffic signal is damaged at Park Avenue junction, Anna Nagar",Traffic,9
Speed breakers are missing near the school on Nehru Street,Road Maintenance,7
Road near South Street has not been repaired after monsoon,Road Maintenance,7
5 street lights have been off for weeks near Market Road,Street Lighting,8
Dark stretch on Park Avenue due to broken street lights,Street Lighting,8
Encroachment on the lake near Chromepet is destroying wetlands,Environment,3
Abandoned building near Market Road is unsafe for children,Public Safety,5
Air pollution levels are high near the factory in the panchayat office area,Environment,3
"Low water pressure reported near Temple Street, Guindy",Water Supply,11
Live wire lying on Gandhi Street poses electrocution risk,Public Safety,5
Overcrowded buses are running on the Vadapalani route,Public Transport,6
Encroachment on the lake near Saidapet is destroying wetlands,Environment,3
No traffic police present at busy junction near Park Avenue,Traffic,9
Dead animal left uncollected on Gandhi Street in Adyar,Waste Management,10
Deep pit left uncovered near Gandhi Street in Phase 2,Public Safety,5
Noise pollution from construction near South Street at night,Environment,3
New electricity connection is delayed in the panchayat office area,Electricity,2
Long waiting times reported at the panchayat office area government hospital,Health,4
Newly laid road on Bypass Road is already damaged,Road Maintenance,7
Last bus timing has been cancelled for Sector 5,Public Transport,6
Water supply has been irregular in T Nagar for 5 weeks,Water Supply,11
Water pipe burst near MG Road in the industrial estate,Water Supply,11
Money was demanded for processing a pension application in near the temple,Corruption,0
Corruption reported in distribution of government scheme benefits in the government school area,Corruption,0
Vaccination camp was cancelled without notice in Tambaram,Health,4
No traffic police present at busy junction near North Street,Traffic,9
"No footpath available on Church Street, pedestrians face danger",Road Maintenance,7
Corruption reported in distribution of government scheme benefits in the government school area,Corruption,0
Traffic signal timing is too short at Main Road,Traffic,9
Road near Bazaar Street has not been repaired after monsoon,Road Maintenance,7
Billing error in electricity charges for Phase 2 residents,Electricity,2
Stray dogs are attacking residents in Kodambakkam,Public Safety,5
Teacher is absent regularly at the Sector 5 government school,Education,1
Primary health center in Tambaram is understaffed,Health,4
No traffic police present at busy junction near Gandhi Street,Traffic,9
Signboards are missing at the Ring Road intersection,Traffic,9
Air pollution levels are high near the factory in near the temple,Environment,3
Electricity is unavailable in the old bus stand area for the past 7 days,Electricity,2
Electric pole near Temple Street is leaning dangerously,Electricity,2
Voltage fluctuation is damaging appliances in Porur,Electricity,2
Bus service is irregular on the Mylapore route,Public Transport,6
Bus stop shelter near Bypass Road is damaged,Public Transport,6
No waste collection service provided in Egmore colony,Waste Management,10
Plastic waste dumped near the water body in Pallavaram,Environment,3
Bribe was demanded for issuing a building permit in Alwarpet,Corruption,0
Road near South Street has not been repaired after monsoon,Road Maintenance,7
Zebra crossing markings have faded on MG Road,Traffic,9
Exposed wires near Market Road pose a danger to residents,Electricity,2
Money was demanded for processing a pension application in Phase 2,Corruption,0
Official at the Kodambakkam office is demanding money for a certificate,Corruption,0
No traffic police present at busy junction near Temple Street,Traffic,9
Zebra crossing markings have faded on Church Street,Traffic,9
Ambulance service is delayed in near the temple,Health,4
Signboards are missing at the Bazaar Street intersection,Traffic,9
Power supply tripped and not restored for 11 hours in Ambattur,Electricity,2
Auto drivers are refusing to use the meter near MG Road,Public Transport,6
Dark stretch on Ring Road due to broken street lights,Street Lighting,8
Streetside electric meter is sparking in Royapettah,Electricity,2
No specialist doctor visits the the old bus stand area health center,Health,4
Water pipe burst near Bazaar Street in Kolathur,Water Supply,11
Traffic signal timing is too short at Main Road,Traffic,9
Bribe was demanded for issuing a building permit in Alwarpet,Corruption,0
Textbooks not distributed on time in Kolathur schools,Education,1
Newly laid road on Bypass Road is already damaged,Road Maintenance,7
Billing error in electricity charges for Pallavaram residents,Electricity,2
School lacks drinking water facility in Mylapore,Education,1
Billing error in electricity charges for Velachery residents,Electricity,2
Deep pit left uncovered near Bypass Road in Alwarpet,Public Safety,5
Street lights are not working on Nehru Street in Alwarpet,Street Lighting,8
Burning of waste is causing smoke in Ward 12,Environment,3
Billing error in electricity charges for Perambur residents,Electricity,2
Noise pollution from construction near Market Road at night,Environment,3
"No footpath available on South Street, pedestrians face danger",Road Maintenance,7
"No signal at the school crossing near School Lane, Adyar",Traffic,9
Ambulance service is delayed in Perambur,Health,4
Streetside electric meter is sparking in Adyar,Electricity,2
Bus frequency has reduced drastically on Chromepet route,Public Transport,6
Speed breakers are missing near the school on Market Road,Road Maintenance,7
Signboards are missing at the Station Road intersection,Traffic,9
No traffic police present at busy junction near Gandhi Street,Traffic,9
"Low water pressure reported near MG Road, Phase 2",Water Supply,11
Frequent traffic congestion on Ring Road during peak hours,Traffic,9
Zebra crossing markings have faded on North Street,Traffic,9
Illegal sand mining reported near Kodambakkam,Environment,3
Bus stop shelter near Temple Street is damaged,Public Transport,6
Corruption reported in distribution of government scheme benefits in Sector 5,Corruption,0
Garbage is overflowing near Market Road in the panchayat office area,Waste Management,10
Abandoned building near Bypass Road is unsafe for children,Public Safety,5
School building near Main Road needs urgent repair,Education,1
Textbooks not distributed on time in Block C schools,Education,1
No water connection provided despite application in the industrial estate,Water Supply,11
Road divider near Nehru Street is broken,Road Maintenance,7
Transformer near North Street in Velachery is not working,Electricity,2
Street light flickers continuously on Church Street,Street Lighting,8
Government hospital near Park Avenue lacks basic medicines,Health,4
Electric pole near Nehru Street is leaning dangerously,Electricity,2
Voltage fluctuation is damaging appliances in Phase 2,Electricity,2
Speed breakers are missing near the school on Nehru Street,Road Maintenance,7
Air pollution levels are high near the factory in Perambur,Environment,3
Road divider near Market Road is broken,Road Maintenance,7
Road divider near Church Street is broken,Road Maintenance,7
School in Kodambakkam lacks proper toilet facilities,Education,1
Construction debris left on Station Road blocking traffic,Road Maintenance,7
No waste collection service provided in Chromepet colony,Waste Management,10
"No signal at the school crossing near School Lane, Anna Nagar",Traffic,9
Electricity is unavailable in Vadapalani for the past 13 days,Electricity,2
Dead animal left uncollected on North Street in Saidapet,Waste Management,10
Illegal tree cutting is happening near South Street in Royapettah,Environment,3
Contaminated water is being supplied in Perambur,Water Supply,11
School building near Ring Road needs urgent repair,Education,1
7 street lights have been off for weeks near Main Road,Street Lighting,8
Last bus timing has been cancelled for Ambattur,Public Transport,6
Encroachment on the lake near Saidapet is destroying wetlands,Environment,3
No waste collection service provided in Kolathur colony,Waste Management,10
Plastic waste dumped near the water body in Pallavaram,Environment,3
Traffic signal timing is too short at School Lane,Traffic,9
No traffic police present at busy junction near Market Road,Traffic,9
Mid day meal quality is poor at Pallavaram school,Education,1
Unsafe construction site near School Lane lacks barricades,Public Safety,5
Street lights are not working on Temple Street in Ward 12,Street Lighting,8
School in the main market road lacks proper toilet facilities,Education,1
No specialist doctor visits the Kodambakkam health center,Health,4
Dead animal left uncollected on Nehru Street in Tambaram,Waste Management,10
Traffic signal timing is too short at South Street,Traffic,9
Street light wiring is exposed and dangerous in the railway station road,Street Lighting,8
Air pollution levels are high near the factory in Kolathur,Environment,3
Bus frequency has reduced drastically on the industrial estate route,Public Transport,6
No bus service available to the government school area after 8 pm,Public Transport,6
Illegal parking is causing traffic jams on Station Road,Traffic,9
Bribe was demanded for issuing a building permit in near the temple,Corruption,0
Voltage fluctuation is damaging appliances in Guindy,Electricity,2
School in Tambaram lacks proper toilet facilities,Education,1
Deep pit left uncovered near Bypass Road in Sector 5,Public Safety,5
Air pollution levels are high near the factory in T Nagar,Environment,3
Hospital in Porur has no doctors available,Health,4
Abandoned building near School Lane is unsafe for children,Public Safety,5
Bribe was demanded for issuing a building permit in the government school area,Corruption,0
Voltage fluctuation is damaging appliances in Porur,Electricity,2
Primary health center in Perambur is understaffed,Health,4
Hospital in T Nagar lacks cleanliness and hygiene,Health,4
Frequent traffic congestion on Market Road during peak hours,Traffic,9
Dead animal left uncollected on Ring Road in Egmore,Waste Management,10
Zebra crossing markings have faded on Bazaar Street,Traffic,9
Huge potholes on Ring Road in Chromepet,Road Maintenance,7
Burning of waste is causing smoke in Sector 5,Environment,3
Government hospital near Station Road lacks basic medicines,Health,4
Water pipe burst near Ring Road in Alwarpet,Water Supply,11
Electric pole near South Street is leaning dangerously,Electricity,2
Stray dogs are attacking residents in Nungambakkam,Public Safety,5
Construction debris left on South Street blocking traffic,Road Maintenance,7
Dead animal left uncollected on MG Road in Chromepet,Waste Management,10
Auto drivers are refusing to use the meter near Main Road,Public Transport,6
Live wire lying on South Street poses electrocution risk,Public Safety,5
Last bus timing has been cancelled for Ambattur,Public Transport,6
Electricity is unavailable in Tambaram for the past 5 days,Electricity,2
Public dustbin near Bazaar Street is broken and overflowing,Waste Management,10
Corruption reported in distribution of government scheme benefits in near the temple,Corruption,0
Hospital in Phase 2 lacks cleanliness and hygiene,Health,4
Electricity is unavailable in Adyar for the past 14 days,Electricity,2
Frequent power cuts are occurring in T Nagar,Electricity,2
Government hospital near Bypass Road lacks basic medicines,Health,4
"New street light pole is needed on Nehru Street, Chromepet",Street Lighting,8
Contaminated water is being supplied in Ambattur,Water Supply,11
Frequent power cuts are occurring in Adyar,Electricity,2
School in T Nagar lacks proper toilet facilities,Education,1
Street light flickers continuously on Temple Street,Street Lighting,8
Teacher is absent regularly at the the industrial estate government school,Education,1
Overcrowded classrooms reported in Velachery government school,Education,1
Primary health center in Chromepet is understaffed,Health,4
Stray dogs are attacking residents in Ward 12,Public Safety,5
A contractor asked for extra money to process ration card in Mylapore,Corruption,0
No science teacher appointed at Egmore school for 10 months,Education,1
Hospital in Block C has no doctors available,Health,4
Street light flickers continuously on Park Avenue,Street Lighting,8
Water supply has been irregular in Velachery for 10 weeks,Water Supply,11
Street light flickers continuously on Gandhi Street,Street Lighting,8
Vaccination camp was cancelled without notice in the railway station road,Health,4
Newly laid road on Bypass Road is already damaged,Road Maintenance,7
No water connection provided despite application in the old bus stand area,Water Supply,11
Long waiting times reported at Adyar government hospital,Health,4
Overcrowded classrooms reported in Ambattur government school,Education,1
A local shopkeeper asked for extra money to process ration card in Nungambakkam,Corruption,0
Huge potholes on North Street in Phase 2,Road Maintenance,7
Last bus timing has been cancelled for the housing board colony,Public Transport,6
Electric pole near Nehru Street is leaning dangerously,Electricity,2
Frequent power cuts are occurring in the old bus stand area,Electricity,2
Overcrowded classrooms reported in T Nagar government school,Education,1
Textbooks not distributed on time in Egmore schools,Education,1
Money was demanded for processing a pension application in near the temple,Corruption,0
No specialist doctor visits the the main market road health center,Health,4
Noise pollution from construction near Temple Street at night,Environment,3
Overhead tank in Kolathur has not been cleaned in months,Water Supply,11
Burning of waste is causing smoke in Saidapet,Environment,3
Vaccination camp was cancelled without notice in the railway station road,Health,4
Garbage is overflowing near Nehru Street in Chromepet,Waste Management,10
Electric pole near School Lane is leaning dangerously,Electricity,2
No specialist doctor visits the Kolathur health center,Health,4
Deep pit left uncovered near Nehru Street in T Nagar,Public Safety,5
Illegal sand mining reported near near the temple,Environment,3
Road near School Lane has not been repaired after monsoon,Road Maintenance,7
Illegal sand mining reported near Guindy,Environment,3
Power supply tripped and not restored for 8 hours in the railway station road,Electricity,2
Billing error in electricity charges for Block C residents,Electricity,2
Illegal parking is causing traffic jams on Bypass Road,Traffic,9
Water tanker did not arrive in the government school area as scheduled,Water Supply,11
Road divider near Ring Road is broken,Road Maintenance,7
Dumping ground near Nungambakkam is causing bad odor,Waste Management,10
Traffic signal timing is too short at South Street,Traffic,9
Official at the Royapettah office is demanding money for a certificate,Corruption,0
Illegal dumping of waste is happening near Bypass Road,Waste Management,10
Someone demanded a bribe for approval of a document in Porur,Corruption,0
Street lights are not working on Nehru Street in Phase 2,Street Lighting,8
No traffic police present at busy junction near Church Street,Traffic,9
Road divider near Temple Street is broken,Road Maintenance,7
No specialist doctor visits the Velachery health center,Health,4
No specialist doctor visits the Sector 5 health center,Health,4
Plastic waste dumped near the water body in the old bus stand area,Environment,3
Vaccination camp was cancelled without notice in Perambur,Health,4
Road divider near Park Avenue is broken,Road Maintenance,7
Government hospital near Park Avenue lacks basic medicines,Health,4
Auto drivers are refusing to use the meter near Gandhi Street,Public Transport,6
School in Velachery lacks proper toilet facilities,Education,1
Overhead tank in Anna Nagar has not been cleaned in months,Water Supply,11
Overcrowded buses are running on the Tambaram route,Public Transport,6
A municipal worker asked for extra money to process ration card in Alwarpet,Corruption,0
Illegal sand mining reported near Egmore,Environment,3
No traffic police present at busy junction near South Street,Traffic,9
Ambulance service is delayed in the railway station road,Health,4
Auto drivers are refusing to use the meter near Main Road,Public Transport,6
Water pipe burst near Ring Road in Royapettah,Water Supply,11
Bus stop shelter near Market Road is damaged,Public Transport,6
Hospital in Kolathur has no doctors available,Health,4
Street light wiring is exposed and dangerous in Anna Nagar,Street Lighting,8
Voltage fluctuation is damaging appliances in Nungambakkam,Electricity,2
Plastic waste dumped near the water body in Porur,Environment,3
Speed breakers are missing near the school on Nehru Street,Road Maintenance,7
Money was demanded for processing a pension application in Velachery,Corruption,0
Contaminated water is being supplied in Block C,Water Supply,11
Signboards are missing at the MG Road intersection,Traffic,9
"No signal at the school crossing near Temple Street, the panchayat office area",Traffic,9
Water supply has been irregular in Chromepet for 13 weeks,Water Supply,11
Encroachment on the lake near Ward 12 is destroying wetlands,Environment,3
Deep pit left uncovered near Bypass Road in Nungambakkam,Public Safety,5
Public dustbin near South Street is broken and overflowing,Waste Management,10
Air pollution levels are high near the factory in the old bus stand area,Environment,3
Bus stop shelter near Market Road is damaged,Public Transport,6
School lacks drinking water facility in Porur,Education,1
Abandoned building near School Lane is unsafe for children,Public Safety,5
A local shopkeeper asked for extra money to process ration card in Egmore,Corruption,0
Waterlogging occurs on Main Road during rains,Road Maintenance,7
Illegal parking is causing traffic jams on Gandhi Street,Traffic,9
Open manhole causing danger on Main Road in Adyar,Public Safety,5
Billing error in electricity charges for the housing board colony residents,Electricity,2
3 street lights have been off for weeks near Market Road,Street Lighting,8
Zebra crossing markings have faded on North Street,Traffic,9
Textbooks not distributed on time in Kodambakkam schools,Education,1
Overhead tank in Mylapore has not been cleaned in months,Water Supply,11
Abandoned building near MG Road is unsafe for children,Public Safety,5
"No signal at the school crossing near Temple Street, Perambur",Traffic,9
Frequent traffic congestion on Park Avenue during peak hours,Traffic,9
Mid day meal quality is poor at Ward 12 school,Education,1
Bus frequency has reduced drastically on Royapettah route,Public Transport,6
Traffic signal timing is too short at Bypass Road,Traffic,9
Street lights are not working on Station Road in Tambaram,Street Lighting,8
Signboards are missing at the Main Road intersection,Traffic,9
Water supply has been irregular in Phase 2 for 6 weeks,Water Supply,11
No specialist doctor visits the Pallavaram health center,Health,4
Dumping ground near Ambattur is causing bad odor,Waste Management,10
No water connection provided despite application in Pallavaram,Water Supply,11
School in the housing board colony lacks proper toilet facilities,Education,1
Streetside electric meter is sparking in Nungambakkam,Electricity,2
Official at the Block C office is demanding money for a certificate,Corruption,0
Segregated waste is being mixed by collection staff in Kolathur,Waste Management,10
3 street lights have been off for weeks near Ring Road,Street Lighting,8
School lacks drinking water facility in Vadapalani,Education,1
Teacher is absent regularly at the the government school area government school,Education,1
Illegal parking is causing traffic jams on Nehru Street,Traffic,9
Dumping ground near Chromepet is causing bad odor,Waste Management,10
Overcrowded buses are running on the T Nagar route,Public Transport,6
Contaminated water is being supplied in the industrial estate,Water Supply,11
Electricity is unavailable in Saidapet for the past 7 days,Electricity,2
An officer at the counter asked for extra money to process ration card in the panchayat office area,Corruption,0
Water supply has been irregular in Tambaram for 4 weeks,Water Supply,11
Transformer near Church Street in Kodambakkam is not working,Electricity,2
Live wire lying on Station Road poses electrocution risk,Public Safety,5
Noise pollution from construction near Nehru Street at night,Environment,3
Leaking pipeline is wasting water on Park Avenue,Water Supply,11
Water pipe burst near South Street in the panchayat office area,Water Supply,11
Public dustbin near MG Road is broken and overflowing,Waste Management,10
Water tanker did not arrive in Mylapore as scheduled,Water Supply,11
Overcrowded classrooms reported in Phase 2 government school,Education,1
Frequent power cuts are occurring in Anna Nagar,Electricity,2
Signboards are missing at the Gandhi Street intersection,Traffic,9
Dead animal left uncollected on School Lane in Perambur,Waste Management,10
Money was demanded for processing a pension application in the old bus stand area,Corruption,0
Traffic signal timing is too short at Gandhi Street,Traffic,9
Burning of waste is causing smoke in T Nagar,Environment,3
Dumping ground near Mylapore is causing bad odor,Waste Management,10
Illegal dumping of waste is happening near School Lane,Waste Management,10
"No signal at the school crossing near Bazaar Street, Adyar",Traffic,9
Streetside electric meter is sparking in Ambattur,Electricity,2
School in Kolathur lacks proper toilet facilities,Education,1
Zebra crossing markings have faded on Gandhi Street,Traffic,9
No waste collection service provided in Porur colony,Waste Management,10
Solar street lights installed in the housing board colony are non functional,Street Lighting,8
Electric pole near Station Road is leaning dangerously,Electricity,2
Frequent power cuts are occurring in Adyar,Electricity,2
Water supply has been irregular in the industrial estate for 2 weeks,Water Supply,11
School in the government school area lacks proper toilet facilities,Education,1
Signboards are missing at the Gandhi Street intersection,Traffic,9
Teacher is absent regularly at the Phase 2 government school,Education,1
Abandoned building near Temple Street is unsafe for children,Public Safety,5
Garbage is overflowing near MG Road in Porur,Waste Management,10
Open manhole causing danger on MG Road in Kodambakkam,Public Safety,5
Electricity is unavailable in Vadapalani for the past 4 days,Electricity,2
Huge potholes on Church Street in Kolathur,Road Maintenance,7
Garbage is overflowing near Station Road in Saidapet,Waste Management,10
Government hospital near Nehru Street lacks basic medicines,Health,4
"New street light pole is needed on Church Street, Kolathur",Street Lighting,8
Exposed wires near Main Road pose a danger to residents,Electricity,2
Solar street lights installed in the panchayat office area are non functional,Street Lighting,8
"Street lights remain on during daytime in Alwarpet, wasting power",Street Lighting,8
Mid day meal quality is poor at Perambur school,Education,1
Voltage fluctuation is damaging appliances in Guindy,Electricity,2
Unsafe construction site near Bazaar Street lacks barricades,Public Safety,5
Water supply has been irregular in Saidapet for 7 weeks,Water Supply,11
Borewell in the government school area has run dry,Water Supply,11
Garbage is overflowing near School Lane in Chromepet,Waste Management,10
Noise pollution from construction near North Street at night,Environment,3
Illegal tree cutting is happening near Temple Street in Mylapore,Environment,3
Textbooks not distributed on time in the housing board colony schools,Education,1
Live wire lying on Bypass Road poses electrocution risk,Public Safety,5
Live wire lying on School Lane poses electrocution risk,Public Safety,5
Dark stretch on Church Street due to broken street lights,Street Lighting,8
No waste collection service provided in Royapettah colony,Waste Management,10
"Street lights remain on during daytime in near the temple, wasting power",Street Lighting,8
No water connection provided despite application in Kolathur,Water Supply,11
Encroachment on the lake near Royapettah is destroying wetlands,Environment,3
Public dustbin near Gandhi Street is broken and overflowing,Waste Management,10
Water pipe burst near Ring Road in Kolathur,Water Supply,11
"Low water pressure reported near Bypass Road, Perambur",Water Supply,11
"Street lights remain on during daytime in Perambur, wasting power",Street Lighting,8
Live wire lying on Church Street poses electrocution risk,Public Safety,5
Dead animal left uncollected on Bypass Road in near the temple,Waste Management,10
Street light wiring is exposed and dangerous in Vadapalani,Street Lighting,8
Public dustbin near Bazaar Street is broken and overflowing,Waste Management,10
Traffic signal timing is too short at MG Road,Traffic,9
Plastic waste dumped near the water body in the industrial estate,Environment,3
School building near Nehru Street needs urgent repair,Education,1
"No footpath available on Park Avenue, pedestrians face danger",Road Maintenance,7
Construction debris left on Nehru Street blocking traffic,Road Maintenance,7
Plastic waste dumped near the water body in Nungambakkam,Environment,3
Garbage is overflowing near Station Road in Adyar,Waste Management,10
Overcrowded classrooms reported in Nungambakkam government school,Education,1
Bus conductor misbehaved with passengers on Kodambakkam route,Public Transport,6
Live wire lying on South Street poses electrocution risk,Public Safety,5
Long waiting times reported at Anna Nagar government hospital,Health,4
Burning of waste is causing smoke in Velachery,Environment,3
Segregated waste is being mixed by collection staff in Porur,Waste Management,10
Official at the the panchayat office area office is demanding money for a certificate,Corruption,0
Illegal tree cutting is happening near Nehru Street in the government school area,Environment,3
Ambulance service is delayed in Ward 12,Health,4
Bribe was demanded for issuing a building permit in the old bus stand area,Corruption,0
Dumping ground near Royapettah is causing bad odor,Waste Management,10
Illegal dumping of waste is happening near Ring Road,Waste Management,10
Public dustbin near Bypass Road is broken and overflowing,Waste Management,10
Official at the T Nagar office is demanding money for a certificate,Corruption,0
Contaminated water is being supplied in Ambattur,Water Supply,11
Hospital in the housing board colony lacks cleanliness and hygiene,Health,4
Bus frequency has reduced drastically on Nungambakkam route,Public Transport,6
Bus stop shelter near MG Road is damaged,Public Transport,6
Construction debris left on Market Road blocking traffic,Road Maintenance,7
Frequent traffic congestion on Bazaar Street during peak hours,Traffic,9
Stray dogs are attacking residents in Sector 5,Public Safety,5
Someone demanded a bribe for approval of a document in Kodambakkam,Corruption,0
Dead animal left uncollected on Nehru Street in Block C,Waste Management,10
No science teacher appointed at Ward 12 school for 6 months,Education,1
Long waiting times reported at Tambaram government hospital,Health,4
Waterlogging occurs on Temple Street during rains,Road Maintenance,7
No water connection provided despite application in Alwarpet,Water Supply,11
Money was demanded for processing a pension application in Tambaram,Corruption,0
Street light wiring is exposed and dangerous in Phase 2,Street Lighting,8
Teacher is absent regularly at the Ambattur government school,Education,1
Vaccination camp was cancelled without notice in Anna Nagar,Health,4
Long waiting times reported at Tambaram government hospital,Health,4
Power supply tripped and not restored for 3 hours in near the temple,Electricity,2
Bus stop shelter near Main Road is damaged,Public Transport,6
New electricity connection is delayed in the industrial estate,Electricity,2
Road divider near Main Road is broken,Road Maintenance,7
Street light flickers continuously on Market Road,Street Lighting,8
Last bus timing has been cancelled for Saidapet,Public Transport,6
"No signal at the school crossing near Gandhi Street, Adyar",Traffic,9
No security personnel at the public park in the panchayat office area,Public Safety,5
Noise pollution from construction near Park Avenue at night,Environment,3
Bribe was demanded for issuing a building permit in Nungambakkam,Corruption,0
Someone demanded a bribe for approval of a document in the panchayat office area,Corruption,0
Noise pollution from construction near Station Road at night,Environment,3
Ambulance service is delayed in Guindy,Health,4
No bus service available to the housing board colony after 8 pm,Public Transport,6
Huge potholes on MG Road in Tambaram,Road Maintenance,7
Government hospital near Temple Street lacks basic medicines,Health,4
Leaking pipeline is wasting water on Park Avenue,Water Supply,11
Official at the Phase 2 office is demanding money for a certificate,Corruption,0
"New street light pole is needed on Nehru Street, Adyar",Street Lighting,8
Hospital in Ward 12 lacks cleanliness and hygiene,Health,4
"Street lights remain on during daytime in Sector 5, wasting power",Street Lighting,8
Transformer near Church Street in Velachery is not working,Electricity,2
No science teacher appointed at near the temple school for 2 months,Education,1
Bus stop shelter near Temple Street is damaged,Public Transport,6
Unsafe construction site near South Street lacks barricades,Public Safety,5
No bus service available to Perambur after 8 pm,Public Transport,6
No waste collection service provided in Kodambakkam colony,Waste Management,10
Air pollution levels are high near the factory in Ambattur,Environment,3
Government hospital near Church Street lacks basic medicines,Health,4
Bribe was demanded for issuing a building permit in Kolathur,Corruption,0
Streetside electric meter is sparking in Alwarpet,Electricity,2
A middleman asked for extra money to process ration card in the industrial estate,Corruption,0
Segregated waste is being mixed by collection staff in the industrial estate,Waste Management,10
Stray dogs are attacking residents in the industrial estate,Public Safety,5
No traffic police present at busy junction near Main Road,Traffic,9
Illegal parking is causing traffic jams on South Street,Traffic,9
Segregated waste is being mixed by collection staff in Ambattur,Waste Management,10
Solar street lights installed in Kolathur are non functional,Street Lighting,8
Overcrowded classrooms reported in the main market road government school,Education,1
School in the panchayat office area lacks proper toilet facilities,Education,1
Unsafe construction site near Station Road lacks barricades,Public Safety,5
Official at the Vadapalani office is demanding money for a certificate,Corruption,0
Road divider near Ring Road is broken,Road Maintenance,7
"Traffic signal is damaged at Park Avenue junction, Perambur",Traffic,9
Electric pole near Nehru Street is leaning dangerously,Electricity,2
No water connection provided despite application in Guindy,Water Supply,11
Road near Ring Road has not been repaired after monsoon,Road Maintenance,7
Street lights are not working on Main Road in near the temple,Street Lighting,8
Money was demanded for processing a pension application in Phase 2,Corruption,0
Water pipe burst near Gandhi Street in Block C,Water Supply,11
Zebra crossing markings have faded on Temple Street,Traffic,9
Corruption reported in distribution of government scheme benefits in Saidapet,Corruption,0
Official at the Phase 2 office is demanding money for a certificate,Corruption,0
Abandoned building near MG Road is unsafe for children,Public Safety,5
Frequent traffic congestion on Station Road during peak hours,Traffic,9
Primary health center in Royapettah is understaffed,Health,4
Abandoned building near Bypass Road is unsafe for children,Public Safety,5
Money was demanded for processing a pension application in Tambaram,Corruption,0
Road divider near Main Road is broken,Road Maintenance,7
"Low water pressure reported near Market Road, near the temple",Water Supply,11
Official at the Egmore office is demanding money for a certificate,Corruption,0
Live wire lying on Gandhi Street poses electrocution risk,Public Safety,5
No traffic police present at busy junction near Ring Road,Traffic,9
Stray dogs are attacking residents in Vadapalani,Public Safety,5
Illegal tree cutting is happening near Market Road in Guindy,Environment,3
Voltage fluctuation is damaging appliances in Tambaram,Electricity,2
Unsafe construction site near Gandhi Street lacks barricades,Public Safety,5
Garbage collection truck has not come to Ward 12 for 11 days,Waste Management,10
Air pollution levels are high near the factory in the panchayat office area,Environment,3
Bribe was demanded for issuing a building permit in Royapettah,Corruption,0
Mid day meal quality is poor at Royapettah school,Education,1
Garbage collection truck has not come to Velachery for 8 days,Waste Management,10
There is no drinking water in Vadapalani for the past 2 days,Water Supply,11
Overcrowded classrooms reported in Adyar government school,Education,1
Dark stretch on Bypass Road due to broken street lights,Street Lighting,8
Dead animal left uncollected on Nehru Street in near the temple,Waste Management,10
Road divider near Park Avenue is broken,Road Maintenance,7
Electric pole near Market Road is leaning dangerously,Electricity,2
2 street lights have been off for weeks near Nehru Street,Street Lighting,8
Water body near the government school area is being polluted by industrial waste,Environment,3
Someone demanded a bribe for approval of a document in Tambaram,Corruption,0
Public dustbin near Bazaar Street is broken and overflowing,Waste Management,10
Dead animal left uncollected on South Street in Egmore,Waste Management,10
Plastic waste dumped near the water body in Block C,Environment,3
Hospital in the housing board colony has no doctors available,Health,4
Billing error in electricity charges for the panchayat office area residents,Electricity,2
No security personnel at the public park in Saidapet,Public Safety,5
Newly laid road on North Street is already damaged,Road Maintenance,7
Auto drivers are refusing to use the meter near Park Avenue,Public Transport,6
Someone demanded a bribe for approval of a document in Tambaram,Corruption,0
Illegal sand mining reported near Saidapet,Environment,3
No waste collection service provided in Block C colony,Waste Management,10
Frequent traffic congestion on Ring Road during peak hours,Traffic,9
Last bus timing has been cancelled for Anna Nagar,Public Transport,6
Overcrowded buses are running on the Perambur route,Public Transport,6
Burning of waste is causing smoke in Kodambakkam,Environment,3
Illegal dumping of waste is happening near Main Road,Waste Management,10
Construction debris left on Ring Road blocking traffic,Road Maintenance,7
Water body near the main market road is being polluted by industrial waste,Environment,3
Dumping ground near the railway station road is causing bad odor,Waste Management,10
Leaking pipeline is wasting water on Market Road,Water Supply,11
Water body near Adyar is being polluted by industrial waste,Environment,3
Hospital in the old bus stand area has no doctors available,Health,4
School building near Nehru Street needs urgent repair,Education,1
Illegal parking is causing traffic jams on MG Road,Traffic,9
Electric pole near Market Road is leaning dangerously,Electricity,2
Streetside electric meter is sparking in near the temple,Electricity,2
Borewell in Royapettah has run dry,Water Supply,11
Streetside electric meter is sparking in the government school area,Electricity,2
"No footpath available on MG Road, pedestrians face danger",Road Maintenance,7
Dark stretch on Church Street due to broken street lights,Street Lighting,8
Live wire lying on Gandhi Street poses electrocution risk,Public Safety,5
Billing error in electricity charges for Block C residents,Electricity,2
Bus service is irregular on the Adyar route,Public Transport,6
Voltage fluctuation is damaging appliances in Porur,Electricity,2
"No footpath available on Station Road, pedestrians face danger",Road Maintenance,7
Money was demanded for processing a pension application in Chromepet,Corruption,0
Water body near Sector 5 is being polluted by industrial waste,Environment,3
"No footpath available on Bazaar Street, pedestrians face danger",Road Maintenance,7
An officer at the counter is taking bribes for water connection approvals in near the temple,Corruption,0
Leaking pipeline is wasting water on Nehru Street,Water Supply,11
Burning of waste is causing smoke in Pallavaram,Environment,3
Teacher is absent regularly at the Kolathur government school,Education,1
A contractor is taking bribes for water connection approvals in Nungambakkam,Corruption,0
Abandoned building near North Street is unsafe for children,Public Safety,5
Textbooks not distributed on time in the industrial estate schools,Education,1
Garbage collection truck has not come to the housing board colony for 6 days,Waste Management,10
No security personnel at the public park in the railway station road,Public Safety,5
Exposed wires near School Lane pose a danger to residents,Electricity,2
Voltage fluctuation is damaging appliances in T Nagar,Electricity,2
11 street lights have been off for weeks near Park Avenue,Street Lighting,8
Illegal parking is causing traffic jams on South Street,Traffic,9
Transformer near Main Road in Perambur is not working,Electricity,2
Official at the Chromepet office is demanding money for a certificate,Corruption,0
Street light wiring is exposed and dangerous in the panchayat office area,Street Lighting,8
Open manhole causing danger on Main Road in Saidapet,Public Safety,5
Dumping ground near Sector 5 is causing bad odor,Waste Management,10
Contaminated water is being supplied in the housing board colony,Water Supply,11
No science teacher appointed at the panchayat office area school for 11 months,Education,1
Corruption reported in distribution of government scheme benefits in Ambattur,Corruption,0
Contaminated water is being supplied in Sector 5,Water Supply,11
Air pollution levels are high near the factory in the main market road,Environment,3
School building near School Lane needs urgent repair,Education,1
Exposed wires near Bypass Road pose a danger to residents,Electricity,2
Public dustbin near School Lane is broken and overflowing,Waste Management,10
"Traffic signal is damaged at School Lane junction, Perambur",Traffic,9
"Low water pressure reported near Church Street, Perambur",Water Supply,11
Someone demanded a bribe for approval of a document in Kodambakkam,Corruption,0
Borewell in the main market road has run dry,Water Supply,11
Water tanker did not arrive in Block C as scheduled,Water Supply,11
Road divider near Ring Road is broken,Road Maintenance,7
Textbooks not distributed on time in the railway station road schools,Education,1
Illegal dumping of waste is happening near School Lane,Waste Management,10
Long waiting times reported at the panchayat office area government hospital,Health,4
Hospital in Adyar lacks cleanliness and hygiene,Health,4
Live wire lying on Ring Road poses electrocution risk,Public Safety,5
Huge potholes on Ring Road in the old bus stand area,Road Maintenance,7
Frequent power cuts are occurring in the industrial estate,Electricity,2
Open manhole causing danger on Station Road in the old bus stand area,Public Safety,5
Water tanker did not arrive in Phase 2 as scheduled,Water Supply,11
Borewell in Tambaram has run dry,Water Supply,11
Ambulance service is delayed in Adyar,Health,4
"No signal at the school crossing near Bazaar Street, the railway station road",Traffic,9
School building near Market Road needs urgent repair,Education,1
School lacks drinking water facility in the old bus stand area,Education,1
Road near MG Road has not been repaired after monsoon,Road Maintenance,7
Plastic waste dumped near the water body in Tambaram,Environment,3
Billing error in electricity charges for Tambaram residents,Electricity,2
Open manhole causing danger on MG Road in Porur,Public Safety,5
Bribe was demanded for issuing a building permit in the railway station road,Corruption,0
Burning of waste is causing smoke in T Nagar,Environment,3
Garbage collection truck has not come to Tambaram for 11 days,Waste Management,10
Newly laid road on Church Street is already damaged,Road Maintenance,7
Waterlogging occurs on Bypass Road during rains,Road Maintenance,7
Road divider near Nehru Street is broken,Road Maintenance,7
Exposed wires near Gandhi Street pose a danger to residents,Electricity,2
Overhead tank in Ambattur has not been cleaned in months,Water Supply,11
New electricity connection is delayed in Anna Nagar,Electricity,2
Mid day meal quality is poor at Kodambakkam school,Education,1
Street lights are not working on Bazaar Street in the old bus stand area,Street Lighting,8
No waste collection service provided in Saidapet colony,Waste Management,10
Dark stretch on South Street due to broken street lights,Street Lighting,8
Money was demanded for processing a pension application in Block C,Corruption,0
Frequent traffic congestion on Market Road during peak hours,Traffic,9
Someone demanded a bribe for approval of a document in Vadapalani,Corruption,0
No bus service available to Kolathur after 8 pm,Public Transport,6
Bus stop shelter near South Street is damaged,Public Transport,6
Solar street lights installed in Ambattur are non functional,Street Lighting,8
Burning of waste is causing smoke in Alwarpet,Environment,3
Public dustbin near South Street is broken and overflowing,Waste Management,10
Traffic signal timing is too short at Main Road,Traffic,9
Hospital in Kodambakkam lacks cleanliness and hygiene,Health,4
Unsafe construction site near Gandhi Street lacks barricades,Public Safety,5
"Street lights remain on during daytime in Chromepet, wasting power",Street Lighting,8
No security personnel at the public park in Tambaram,Public Safety,5
Overhead tank in Anna Nagar has not been cleaned in months,Water Supply,11
Zebra crossing markings have faded on Bazaar Street,Traffic,9
Open manhole causing danger on South Street in Guindy,Public Safety,5
"No signal at the school crossing near Park Avenue, T Nagar",Traffic,9
Street lights are not working on Market Road in Vadapalani,Street Lighting,8
Overhead tank in Alwarpet has not been cleaned in months,Water Supply,11
School lacks drinking water facility in Pallavaram,Education,1
Hospital in Saidapet has no doctors available,Health,4
Last bus timing has been cancelled for the industrial estate,Public Transport,6
Bus frequency has reduced drastically on Saidapet route,Public Transport,6
No bus service available to Perambur after 8 pm,Public Transport,6
Hospital in Egmore has no doctors available,Health,4
Unsafe construction site near Bazaar Street lacks barricades,Public Safety,5
Live wire lying on School Lane poses electrocution risk,Public Safety,5
No bus service available to Kolathur after 8 pm,Public Transport,6
No science teacher appointed at T Nagar school for 11 months,Education,1
Illegal parking is causing traffic jams on Nehru Street,Traffic,9
Solar street lights installed in Pallavaram are non functional,Street Lighting,8
Auto drivers are refusing to use the meter near Nehru Street,Public Transport,6
Auto drivers are refusing to use the meter near Park Avenue,Public Transport,6
No science teacher appointed at the main market road school for 4 months,Education,1
Broken compound wall near Ring Road is a safety hazard,Public Safety,5
Vaccination camp was cancelled without notice in Ambattur,Health,4
Illegal dumping of waste is happening near Gandhi Street,Waste Management,10
Overcrowded classrooms reported in Kodambakkam government school,Education,1
Water body near Guindy is being polluted by industrial waste,Environment,3
Huge potholes on Ring Road in Tambaram,Road Maintenance,7
Garbage collection truck has not come to Phase 2 for 9 days,Waste Management,10
Road divider near Church Street is broken,Road Maintenance,7
Bus conductor misbehaved with passengers on the railway station road route,Public Transport,6
Hospital in T Nagar lacks cleanliness and hygiene,Health,4
Encroachment on the lake near the railway station road is destroying wetlands,Environment,3
Primary health center in Saidapet is understaffed,Health,4
Overcrowded buses are running on the the government school area route,Public Transport,6
Construction debris left on MG Road blocking traffic,Road Maintenance,7
Water tanker did not arrive in Tambaram as scheduled,Water Supply,11
Mid day meal quality is poor at the railway station road school,Education,1
Plastic waste dumped near the water body in Royapettah,Environment,3
Overcrowded buses are running on the Mylapore route,Public Transport,6
School building near Market Road needs urgent repair,Education,1
Traffic signal timing is too short at Bypass Road,Traffic,9
Encroachment on the lake near Anna Nagar is destroying wetlands,Environment,3
Air pollution levels are high near the factory in Royapettah,Environment,3
Street light flickers continuously on Church Street,Street Lighting,8
Plastic waste dumped near the water body in Velachery,Environment,3
Plastic waste dumped near the water body in Chromepet,Environment,3
Hospital in Porur has no doctors available,Health,4
"Traffic signal is damaged at Park Avenue junction, Adyar",Traffic,9
"Street lights remain on during daytime in T Nagar, wasting power",Street Lighting,8
Auto drivers are refusing to use the meter near Nehru Street,Public Transport,6
No security personnel at the public park in Kodambakkam,Public Safety,5
Hospital in Pallavaram lacks cleanliness and hygiene,Health,4
School in Royapettah lacks proper toilet facilities,Education,1
Overcrowded classrooms reported in Chromepet government school,Education,1
A local shopkeeper asked for extra money to process ration card in Kolathur,Corruption,0
"No footpath available on Bypass Road, pedestrians face danger",Road Maintenance,7
Auto drivers are refusing to use the meter near Church Street,Public Transport,6
No traffic police present at busy junction near Station Road,Traffic,9
There is no drinking water in Pallavaram for the past 12 days,Water Supply,11
Borewell in Perambur has run dry,Water Supply,11
Traffic signal timing is too short at School Lane,Traffic,9
Teacher is absent regularly at the Phase 2 government school,Education,1
A government official asked for extra money to process ration card in Ambattur,Corruption,0
Bus stop shelter near MG Road is damaged,Public Transport,6
Zebra crossing markings have faded on North Street,Traffic,9
Street lights are not working on Station Road in Porur,Street Lighting,8
Construction debris left on South Street blocking traffic,Road Maintenance,7
Exposed wires near Bazaar Street pose a danger to residents,Electricity,2
Primary health center in Porur is understaffed,Health,4
Waterlogging occurs on Ring Road during rains,Road Maintenance,7
Abandoned building near Station Road is unsafe for children,Public Safety,5
Water supply has been irregular in Royapettah for 4 weeks,Water Supply,11
Street light flickers continuously on Temple Street,Street Lighting,8
Bus service is irregular on the the old bus stand area route,Public Transport,6
No water connection provided despite application in Adyar,Water Supply,11
Overcrowded buses are running on the Guindy route,Public Transport,6
Bus frequency has reduced drastically on the industrial estate route,Public Transport,6
Broken compound wall near Church Street is a safety hazard,Public Safety,5
Water body near the industrial estate is being polluted by industrial waste,Environment,3
Mid day meal quality is poor at the panchayat office area school,Education,1
Deep pit left uncovered near Temple Street in T Nagar,Public Safety,5
No security personnel at the public park in Egmore,Public Safety,5
Bus stop shelter near Market Road is damaged,Public Transport,6
Frequent power cuts are occurring in the old bus stand area,Electricity,2
Auto drivers are refusing to use the meter near Station Road,Public Transport,6
Dark stretch on North Street due to broken street lights,Street Lighting,8
Ambulance service is delayed in near the temple,Health,4
Last bus timing has been cancelled for Saidapet,Public Transport,6
No water connection provided despite application in Guindy,Water Supply,11
Deep pit left uncovered near Nehru Street in near the temple,Public Safety,5
Segregated waste is being mixed by collection staff in Kodambakkam,Waste Management,10
Last bus timing has been cancelled for Chromepet,Public Transport,6
Leaking pipeline is wasting water on Park Avenue,Water Supply,11
Hospital in the old bus stand area lacks cleanliness and hygiene,Health,4
A government official asked for extra money to process ration card in Royapettah,Corruption,0
Speed breakers are missing near the school on North Street,Road Maintenance,7
Abandoned building near Nehru Street is unsafe for children,Public Safety,5
Electric pole near School Lane is leaning dangerously,Electricity,2
Electric pole near South Street is leaning dangerously,Electricity,2
Bus service is irregular on the Guindy route,Public Transport,6
"No signal at the school crossing near Gandhi Street, Velachery",Traffic,9
Billing error in electricity charges for Royapettah residents,Electricity,2
Overhead tank in Phase 2 has not been cleaned in months,Water Supply,11
Hospital in the panchayat office area lacks cleanliness and hygiene,Health,4
Hospital in Tambaram has no doctors available,Health,4
Ambulance service is delayed in T Nagar,Health,4
Corruption reported in distribution of government scheme benefits in Saidapet,Corruption,0
Billing error in electricity charges for the railway station road residents,Electricity,2
Contaminated water is being supplied in Kolathur,Water Supply,11
"No signal at the school crossing near Ring Road, Porur",Traffic,9
Water tanker did not arrive in Sector 5 as scheduled,Water Supply,11
Electricity is unavailable in the main market road for the past 11 days,Electricity,2
Ambulance service is delayed in T Nagar,Health,4
Noise pollution from construction near Temple Street at night,Environment,3
No bus service available to Saidapet after 8 pm,Public Transport,6
Waterlogging occurs on Gandhi Street during rains,Road Maintenance,7
Hospital in Ambattur has no doctors available,Health,4
Official at the Kodambakkam office is demanding money for a certificate,Corruption,0
Speed breakers are missing near the school on South Street,Road Maintenance,7
New electricity connection is delayed in the industrial estate,Electricity,2
Illegal dumping of waste is happening near Church Street,Waste Management,10
Electric pole near Main Road is leaning dangerously,Electricity,2
Construction debris left on North Street blocking traffic,Road Maintenance,7
Hospital in Egmore has no doctors available,Health,4
Water supply has been irregular in Kodambakkam for 6 weeks,Water Supply,11
"Traffic signal is damaged at Church Street junction, the government school area",Traffic,9
Segregated waste is being mixed by collection staff in Adyar,Waste Management,10
Frequent traffic congestion on Temple Street during peak hours,Traffic,9
Billing error in electricity charges for Phase 2 residents,Electricity,2
Air pollution levels are high near the factory in Egmore,Environment,3
Hospital in Block C lacks cleanliness and hygiene,Health,4
Corruption reported in distribution of government scheme benefits in Perambur,Corruption,0
Encroachment on the lake near near the temple is destroying wetlands,Environment,3
A local shopkeeper asked for extra money to process ration card in Royapettah,Corruption,0
Plastic waste dumped near the water body in T Nagar,Environment,3
Last bus timing has been cancelled for the old bus stand area,Public Transport,6
Water body near Porur is being polluted by industrial waste,Environment,3
Money was demanded for processing a pension application in Pallavaram,Corruption,0
Power supply tripped and not restored for 11 hours in the panchayat office area,Electricity,2
New electricity connection is delayed in Saidapet,Electricity,2
Noise pollution from construction near Bazaar Street at night,Environment,3
Corruption reported in distribution of government scheme benefits in Guindy,Corruption,0
Public dustbin near School Lane is broken and overflowing,Waste Management,10
New electricity connection is delayed in Pallavaram,Electricity,2
Illegal dumping of waste is happening near South Street,Waste Management,10
Garbage is overflowing near Ring Road in Phase 2,Waste Management,10
Dead animal left uncollected on Gandhi Street in near the temple,Waste Management,10
Transformer near Nehru Street in the main market road is not working,Electricity,2
Transformer near Market Road in Royapettah is not working,Electricity,2
Contaminated water is being supplied in the government school area,Water Supply,11
There is no drinking water in Mylapore for the past 15 days,Water Supply,11
Streetside electric meter is sparking in the housing board colony,Electricity,2
Public dustbin near Bazaar Street is broken and overflowing,Waste Management,10
Construction debris left on Bazaar Street blocking traffic,Road Maintenance,7
Unsafe construction site near Bypass Road lacks barricades,Public Safety,5
Street lights are not working on Main Road in Block C,Street Lighting,8
Bribe was demanded for issuing a building permit in Ward 12,Corruption,0
Huge potholes on Station Road in Sector 5,Road Maintenance,7
Last bus timing has been cancelled for the industrial estate,Public Transport,6
"No signal at the school crossing near Nehru Street, Block C",Traffic,9
Speed breakers are missing near the school on Temple Street,Road Maintenance,7
Bus frequency has reduced drastically on the railway station road route,Public Transport,6
Official at the the old bus stand area office is demanding money for a certificate,Corruption,0
Public dustbin near Temple Street is broken and overflowing,Waste Management,10
Government hospital near MG Road lacks basic medicines,Health,4
Streetside electric meter is sparking in Saidapet,Electricity,2
Someone demanded a bribe for approval of a document in Porur,Corruption,0
Dark stretch on Temple Street due to broken street lights,Street Lighting,8
No bus service available to Block C after 8 pm,Public Transport,6
Streetside electric meter is sparking in Ambattur,Electricity,2
Huge potholes on Nehru Street in the housing board colony,Road Maintenance,7
Water body near Chromepet is being polluted by industrial waste,Environment,3
Transformer near Temple Street in Perambur is not working,Electricity,2
Garbage collection truck has not come to Adyar for 13 days,Waste Management,10
Ambulance service is delayed in the main market road,Health,4
Zebra crossing markings have faded on Bazaar Street,Traffic,9
Borewell in T Nagar has run dry,Water Supply,11
Money was demanded for processing a pension application in Porur,Corruption,0
Someone demanded a bribe for approval of a document in Pallavaram,Corruption,0
"No footpath available on Nehru Street, pedestrians face danger",Road Maintenance,7
Dumping ground near Kolathur is causing bad odor,Waste Management,10
Zebra crossing markings have faded on Ring Road,Traffic,9
Streetside electric meter is sparking in Anna Nagar,Electricity,2
School lacks drinking water facility in the railway station road,Education,1
Air pollution levels are high near the factory in Kodambakkam,Environment,3
Traffic signal timing is too short at Station Road,Traffic,9
Road divider near Station Road is broken,Road Maintenance,7
Last bus timing has been cancelled for Velachery,Public Transport,6
Newly laid road on Gandhi Street is already damaged,Road Maintenance,7
Bus frequency has reduced drastically on Tambaram route,Public Transport,6
Road divider near MG Road is broken,Road Maintenance,7
Stray dogs are attacking residents in the government school area,Public Safety,5
School lacks drinking water facility in Perambur,Education,1
No water connection provided despite application in Ward 12,Water Supply,11
Long waiting times reported at Tambaram government hospital,Health,4
School building near MG Road needs urgent repair,Education,1
Power supply tripped and not restored for 15 hours in Ward 12,Electricity,2
Bus stop shelter near Church Street is damaged,Public Transport,6
No specialist doctor visits the Tambaram health center,Health,4
Long waiting times reported at the panchayat office area government hospital,Health,4
"No footpath available on Bypass Road, pedestrians face danger",Road Maintenance,7
Water supply has been irregular in the industrial estate for 11 weeks,Water Supply,11
"Street lights remain on during daytime in Ward 12, wasting power",Street Lighting,8
Overcrowded classrooms reported in Ambattur government school,Education,1
Bribe was demanded for issuing a building permit in Alwarpet,Corruption,0
Stray dogs are attacking residents in near the temple,Public Safety,5
Huge potholes on South Street in Block C,Road Maintenance,7
Teacher is absent regularly at the the industrial estate government school,Education,1
Bus conductor misbehaved with passengers on Sector 5 route,Public Transport,6
Road divider near North Street is broken,Road Maintenance,7
Dark stretch on Park Avenue due to broken street lights,Street Lighting,8
Official at the the main market road office is demanding money for a certificate,Corruption,0
Overcrowded classrooms reported in Perambur government school,Education,1
Teacher is absent regularly at the the railway station road government school,Education,1
Air pollution levels are high near the factory in Anna Nagar,Environment,3
Encroachment on the lake near the old bus stand area is destroying wetlands,Environment,3
School in near the temple lacks proper toilet facilities,Education,1
Voltage fluctuation is damaging appliances in Anna Nagar,Electricity,2
Encroachment on the lake near the government school area is destroying wetlands,Environment,3
Exposed wires near South Street pose a danger to residents,Electricity,2
Voltage fluctuation is damaging appliances in Ambattur,Electricity,2
"Traffic signal is damaged at Ring Road junction, Pallavaram",Traffic,9
Exposed wires near Market Road pose a danger to residents,Electricity,2
Frequent traffic congestion on South Street during peak hours,Traffic,9
Illegal parking is causing traffic jams on South Street,Traffic,9
Water supply has been irregular in the main market road for 13 weeks,Water Supply,11
Hospital in the main market road has no doctors available,Health,4
Illegal sand mining reported near Block C,Environment,3
No waste collection service provided in the industrial estate colony,Waste Management,10
Air pollution levels are high near the factory in Royapettah,Environment,3
Street light flickers continuously on School Lane,Street Lighting,8
Newly laid road on Bazaar Street is already damaged,Road Maintenance,7
Long waiting times reported at Sector 5 government hospital,Health,4
Open manhole causing danger on South Street in Porur,Public Safety,5
Corruption reported in distribution of government scheme benefits in near the temple,Corruption,0
No specialist doctor visits the Anna Nagar health center,Health,4
Unsafe construction site near Market Road lacks barricades,Public Safety,5
Dark stretch on Bazaar Street due to broken street lights,Street Lighting,8
Hospital in Egmore has no doctors available,Health,4
"Low water pressure reported near Bazaar Street, Perambur",Water Supply,11
Water supply has been irregular in Kolathur for 14 weeks,Water Supply,11
New electricity connection is delayed in Tambaram,Electricity,2
Air pollution levels are high near the factory in the panchayat office area,Environment,3
Borewell in near the temple has run dry,Water Supply,11
Newly laid road on Main Road is already damaged,Road Maintenance,7
Exposed wires near Bypass Road pose a danger to residents,Electricity,2
Overhead tank in the old bus stand area has not been cleaned in months,Water Supply,11
Government hospital near Gandhi Street lacks basic medicines,Health,4
14 street lights have been off for weeks near MG Road,Street Lighting,8
A government official asked for extra money to process ration card in near the temple,Corruption,0
No science teacher appointed at Vadapalani school for 5 months,Education,1
9 street lights have been off for weeks near Bypass Road,Street Lighting,8
Waterlogging occurs on Park Avenue during rains,Road Maintenance,7
Last bus timing has been cancelled for Ward 12,Public Transport,6
Bus conductor misbehaved with passengers on Vadapalani route,Public Transport,6
Bus conductor misbehaved with passengers on Anna Nagar route,Public Transport,6
Live wire lying on South Street poses electrocution risk,Public Safety,5
Primary health center in Tambaram is understaffed,Health,4
Speed breakers are missing near the school on MG Road,Road Maintenance,7
Newly laid road on School Lane is already damaged,Road Maintenance,7
Dark stretch on Temple Street due to broken street lights,Street Lighting,8
Textbooks not distributed on time in Saidapet schools,Education,1
Transformer near North Street in the main market road is not working,Electricity,2
Public dustbin near Nehru Street is broken and overflowing,Waste Management,10
Overhead tank in Phase 2 has not been cleaned in months,Water Supply,11
Electricity is unavailable in Velachery for the past 12 days,Electricity,2
No science teacher appointed at Royapettah school for 6 months,Education,1
Someone demanded a bribe for approval of a document in Kodambakkam,Corruption,0
Public dustbin near Church Street is broken and overflowing,Waste Management,10
Garbage collection truck has not come to Egmore for 9 days,Waste Management,10
"Low water pressure reported near Park Avenue, Ward 12",Water Supply,11
Contaminated water is being supplied in the main market road,Water Supply,11
Illegal dumping of waste is happening near Ring Road,Waste Management,10
Power supply tripped and not restored for 7 hours in Ambattur,Electricity,2
Live wire lying on Temple Street poses electrocution risk,Public Safety,5
"New street light pole is needed on MG Road, Anna Nagar",Street Lighting,8
Huge potholes on MG Road in Tambaram,Road Maintenance,7
Hospital in Ward 12 lacks cleanliness and hygiene,Health,4
Street lights are not working on MG Road in the housing board colony,Street Lighting,8
Illegal dumping of waste is happening near Market Road,Waste Management,10
Street light flickers continuously on School Lane,Street Lighting,8
Frequent traffic congestion on School Lane during peak hours,Traffic,9
"Street lights remain on during daytime in Porur, wasting power",Street Lighting,8
Water body near Chromepet is being polluted by industrial waste,Environment,3
No security personnel at the public park in Vadapalani,Public Safety,5
Speed breakers are missing near the school on Temple Street,Road Maintenance,7
3 street lights have been off for weeks near North Street,Street Lighting,8
Long waiting times reported at Phase 2 government hospital,Health,4
Last bus timing has been cancelled for Velachery,Public Transport,6
Overcrowded classrooms reported in Ambattur government school,Education,1
Water body near Velachery is being polluted by industrial waste,Environment,3
Long waiting times reported at Egmore government hospital,Health,4
Live wire lying on South Street poses electrocution risk,Public Safety,5
Zebra crossing markings have faded on Ring Road,Traffic,9
Overcrowded classrooms reported in Guindy government school,Education,1
Hospital in Adyar lacks cleanliness and hygiene,Health,4
Money was demanded for processing a pension application in the railway station road,Corruption,0
"New street light pole is needed on Ring Road, the government school area",Street Lighting,8
School lacks drinking water facility in T Nagar,Education,1
School in Adyar lacks proper toilet facilities,Education,1
Deep pit left uncovered near Bazaar Street in the housing board colony,Public Safety,5
Encroachment on the lake near Alwarpet is destroying wetlands,Environment,3
Money was demanded for processing a pension application in Velachery,Corruption,0
14 street lights have been off for weeks near Main Road,Street Lighting,8
Hospital in Mylapore has no doctors available,Health,4
No traffic police present at busy junction near Bypass Road,Traffic,9
A municipal worker is taking bribes for water connection approvals in Tambaram,Corruption,0
Solar street lights installed in Velachery are non functional,Street Lighting,8
Traffic signal timing is too short at Bazaar Street,Traffic,9
No science teacher appointed at Alwarpet school for 5 months,Education,1
No bus service available to Guindy after 8 pm,Public Transport,6
Dead animal left uncollected on Market Road in Anna Nagar,Waste Management,10
15 street lights have been off for weeks near Church Street,Street Lighting,8
Traffic signal timing is too short at South Street,Traffic,9
"Traffic signal is damaged at North Street junction, Kolathur",Traffic,9
Money was demanded for processing a pension application in Ward 12,Corruption,0
Ambulance service is delayed in Royapettah,Health,4
Water supply has been irregular in the government school area for 11 weeks,Water Supply,11
Public dustbin near MG Road is broken and overflowing,Waste Management,10
Teacher is absent regularly at the Adyar government school,Education,1
Stray dogs are attacking residents in Royapettah,Public Safety,5
School in Pallavaram lacks proper toilet facilities,Education,1
Long waiting times reported at Chromepet government hospital,Health,4
Encroachment on the lake near near the temple is destroying wetlands,Environment,3
Primary health center in Ambattur is understaffed,Health,4
Transformer near Nehru Street in the housing board colony is not working,Electricity,2
Garbage collection truck has not come to the industrial estate for 13 days,Waste Management,10
Garbage is overflowing near South Street in Sector 5,Waste Management,10
Air pollution levels are high near the factory in Egmore,Environment,3
Bus service is irregular on the near the temple route,Public Transport,6
Government hospital near South Street lacks basic medicines,Health,4
Primary health center in Royapettah is understaffed,Health,4
Stray dogs are attacking residents in near the temple,Public Safety,5
Water body near Guindy is being polluted by industrial waste,Environment,3
Huge potholes on Church Street in Alwarpet,Road Maintenance,7
2 street lights have been off for weeks near Park Avenue,Street Lighting,8
Primary health center in the old bus stand area is understaffed,Health,4
Burning of waste is causing smoke in Vadapalani,Environment,3
School in Nungambakkam lacks proper toilet facilities,Education,1
Bus service is irregular on the T Nagar route,Public Transport,6
Live wire lying on Park Avenue poses electrocution risk,Public Safety,5
No specialist doctor visits the Vadapalani health center,Health,4
Last bus timing has been cancelled for Pallavaram,Public Transport,6
Exposed wires near Station Road pose a danger to residents,Electricity,2
Public dustbin near Main Road is broken and overflowing,Waste Management,10
Street light wiring is exposed and dangerous in near the temple,Street Lighting,8
Long waiting times reported at Saidapet government hospital,Health,4
Illegal parking is causing traffic jams on School Lane,Traffic,9
"New street light pole is needed on Church Street, the panchayat office area",Street Lighting,8
Traffic signal timing is too short at Ring Road,Traffic,9
Official at the Mylapore office is demanding money for a certificate,Corruption,0
Live wire lying on Park Avenue poses electrocution risk,Public Safety,5
Voltage fluctuation is damaging appliances in Velachery,Electricity,2
Overcrowded buses are running on the Saidapet route,Public Transport,6
"Low water pressure reported near Bazaar Street, Guindy",Water Supply,11
Broken compound wall near School Lane is a safety hazard,Public Safety,5
Power supply tripped and not restored for 14 hours in the industrial estate,Electricity,2
No bus service available to Vadapalani after 8 pm,Public Transport,6
Vaccination camp was cancelled without notice in Anna Nagar,Health,4
Streetside electric meter is sparking in Anna Nagar,Electricity,2
Abandoned building near Nehru Street is unsafe for children,Public Safety,5
6 street lights have been off for weeks near Gandhi Street,Street Lighting,8
Mid day meal quality is poor at the old bus stand area school,Education,1
Overcrowded buses are running on the Vadapalani route,Public Transport,6
Transformer near Temple Street in Adyar is not working,Electricity,2
Contaminated water is being supplied in Sector 5,Water Supply,11
Garbage collection truck has not come to Block C for 2 days,Waste Management,10
Burning of waste is causing smoke in Guindy,Environment,3
"Traffic signal is damaged at Nehru Street junction, Kodambakkam",Traffic,9
Zebra crossing markings have faded on Temple Street,Traffic,9
Voltage fluctuation is damaging appliances in Royapettah,Electricity,2
Waterlogging occurs on School Lane during rains,Road Maintenance,7
Long waiting times reported at Velachery government hospital,Health,4
Dead animal left uncollected on Gandhi Street in T Nagar,Waste Management,10
Unsafe construction site near Nehru Street lacks barricades,Public Safety,5
Bus service is irregular on the Pallavaram route,Public Transport,6
Deep pit left uncovered near Park Avenue in Kodambakkam,Public Safety,5
Bus stop shelter near Gandhi Street is damaged,Public Transport,6
Money was demanded for processing a pension application in Tambaram,Corruption,0
No waste collection service provided in the main market road colony,Waste Management,10
Bus conductor misbehaved with passengers on Adyar route,Public Transport,6
Official at the Block C office is demanding money for a certificate,Corruption,0
Broken compound wall near North Street is a safety hazard,Public Safety,5
Waterlogging occurs on Gandhi Street during rains,Road Maintenance,7
Someone demanded a bribe for approval of a document in Alwarpet,Corruption,0
Dark stretch on Temple Street due to broken street lights,Street Lighting,8
Billing error in electricity charges for Mylapore residents,Electricity,2
Frequent power cuts are occurring in Block C,Electricity,2
Illegal sand mining reported near Ward 12,Environment,3
Road near Park Avenue has not been repaired after monsoon,Road Maintenance,7
Noise pollution from construction near South Street at night,Environment,3
"No signal at the school crossing near Main Road, Nungambakkam",Traffic,9
"Traffic signal is damaged at Nehru Street junction, the railway station road",Traffic,9
No traffic police present at busy junction near Gandhi Street,Traffic,9
Bus conductor misbehaved with passengers on the government school area route,Public Transport,6
Electricity is unavailable in the panchayat office area for the past 9 days,Electricity,2
Burning of waste is causing smoke in Mylapore,Environment,3
Corruption reported in distribution of government scheme benefits in Mylapore,Corruption,0
Plastic waste dumped near the water body in Vadapalani,Environment,3
No security personnel at the public park in Nungambakkam,Public Safety,5
Teacher is absent regularly at the Pallavaram government school,Education,1
Long waiting times reported at Kolathur government hospital,Health,4
Solar street lights installed in Velachery are non functional,Street Lighting,8
Abandoned building near Station Road is unsafe for children,Public Safety,5
Street light flickers continuously on North Street,Street Lighting,8
Overcrowded classrooms reported in Vadapalani government school,Education,1
Unsafe construction site near Main Road lacks barricades,Public Safety,5
Traffic signal timing is too short at Gandhi Street,Traffic,9
Plastic waste dumped near the water body in Egmore,Environment,3
Garbage is overflowing near Park Avenue in Perambur,Waste Management,10
Dead animal left uncollected on Ring Road in Velachery,Waste Management,10
Encroachment on the lake near Nungambakkam is destroying wetlands,Environment,3
A middleman is taking bribes for water connection approvals in the government school area,Corruption,0
Long waiting times reported at Porur government hospital,Health,4
No bus service available to Sector 5 after 8 pm,Public Transport,6
Money was demanded for processing a pension application in the railway station road,Corruption,0
Water tanker did not arrive in Sector 5 as scheduled,Water Supply,11
Traffic signal timing is too short at Nehru Street,Traffic,9
Speed breakers are missing near the school on Bypass Road,Road Maintenance,7
Official at the Vadapalani office is demanding money for a certificate,Corruption,0
Solar street lights installed in the panchayat office area are non functional,Street Lighting,8
Street light wiring is exposed and dangerous in Tambaram,Street Lighting,8
Live wire lying on North Street poses electrocution risk,Public Safety,5
Dark stretch on Station Road due to broken street lights,Street Lighting,8
Stray dogs are attacking residents in Vadapalani,Public Safety,5
Garbage is overflowing near Church Street in Alwarpet,Waste Management,10
"Low water pressure reported near Market Road, the main market road",Water Supply,11
Water pipe burst near Nehru Street in the industrial estate,Water Supply,11
Someone demanded a bribe for approval of a document in Kodambakkam,Corruption,0
Water pipe burst near Ring Road in the railway station road,Water Supply,11
School in Guindy lacks proper toilet facilities,Education,1
Overcrowded buses are running on the Guindy route,Public Transport,6
Zebra crossing markings have faded on Gandhi Street,Traffic,9
Contaminated water is being supplied in T Nagar,Water Supply,11
Road near MG Road has not been repaired after monsoon,Road Maintenance,7
Construction debris left on School Lane blocking traffic,Road Maintenance,7
No specialist doctor visits the Nungambakkam health center,Health,4
"New street light pole is needed on Church Street, the government school area",Street Lighting,8
Stray dogs are attacking residents in Royapettah,Public Safety,5
School building near Park Avenue needs urgent repair,Education,1
Hospital in the government school area lacks cleanliness and hygiene,Health,4
Hospital in the housing board colony lacks cleanliness and hygiene,Health,4
Open manhole causing danger on Nehru Street in Kodambakkam,Public Safety,5
Electricity is unavailable in the main market road for the past 6 days,Electricity,2
Bus service is irregular on the Phase 2 route,Public Transport,6
Road near School Lane has not been repaired after monsoon,Road Maintenance,7
"No footpath available on MG Road, pedestrians face danger",Road Maintenance,7
Unsafe construction site near Bypass Road lacks barricades,Public Safety,5
Dead animal left uncollected on North Street in Block C,Waste Management,10
Exposed wires near Market Road pose a danger to residents,Electricity,2
Waterlogging occurs on Ring Road during rains,Road Maintenance,7
Frequent traffic congestion on Bazaar Street during peak hours,Traffic,9
Bus conductor misbehaved with passengers on near the temple route,Public Transport,6
Traffic signal timing is too short at Bazaar Street,Traffic,9
Road near Temple Street has not been repaired after monsoon,Road Maintenance,7
Billing error in electricity charges for Kolathur residents,Electricity,2
Garbage is overflowing near South Street in the old bus stand area,Waste Management,10
Mid day meal quality is poor at the industrial estate school,Education,1
Last bus timing has been cancelled for Vadapalani,Public Transport,6
"No signal at the school crossing near Station Road, Kolathur",Traffic,9
Overcrowded classrooms reported in Ambattur government school,Education,1
Last bus timing has been cancelled for Adyar,Public Transport,6
Hospital in Sector 5 lacks cleanliness and hygiene,Health,4
Last bus timing has been cancelled for Tambaram,Public Transport,6
Signboards are missing at the Ring Road intersection,Traffic,9
Water pipe burst near Market Road in Kodambakkam,Water Supply,11
Official at the Phase 2 office is demanding money for a certificate,Corruption,0
"No signal at the school crossing near MG Road, the railway station road",Traffic,9
Dead animal left uncollected on South Street in Royapettah,Waste Management,10
Power supply tripped and not restored for 12 hours in Royapettah,Electricity,2
No specialist doctor visits the the old bus stand area health center,Health,4
School in Royapettah lacks proper toilet facilities,Education,1
School lacks drinking water facility in Pallavaram,Education,1
Dark stretch on Main Road due to broken street lights,Street Lighting,8
Traffic signal timing is too short at Gandhi Street,Traffic,9
Long waiting times reported at Alwarpet government hospital,Health,4
"Traffic signal is damaged at Ring Road junction, the railway station road",Traffic,9
Segregated waste is being mixed by collection staff in Egmore,Waste Management,10
Corruption reported in distribution of government scheme benefits in near the temple,Corruption,0
Broken compound wall near Bazaar Street is a safety hazard,Public Safety,5
A local shopkeeper is taking bribes for water connection approvals in Adyar,Corruption,0
Street light wiring is exposed and dangerous in Guindy,Street Lighting,8
Overcrowded buses are running on the Vadapalani route,Public Transport,6
Illegal sand mining reported near Phase 2,Environment,3
Illegal parking is causing traffic jams on Main Road,Traffic,9
Street light flickers continuously on Church Street,Street Lighting,8
Teacher is absent regularly at the Ward 12 government school,Education,1
Bus service is irregular on the the main market road route,Public Transport,6
15 street lights have been off for weeks near Main Road,Street Lighting,8
Abandoned building near Nehru Street is unsafe for children,Public Safety,5
New electricity connection is delayed in Anna Nagar,Electricity,2
Ambulance service is delayed in the government school area,Health,4
Power supply tripped and not restored for 14 hours in Mylapore,Electricity,2
School lacks drinking water facility in T Nagar,Education,1
Voltage fluctuation is damaging appliances in Kodambakkam,Electricity,2
Deep pit left uncovered near School Lane in Velachery,Public Safety,5
An officer at the counter is taking bribes for water connection approvals in Pallavaram,Corruption,0
No traffic police present at busy junction near Bazaar Street,Traffic,9
School in Kodambakkam lacks proper toilet facilities,Education,1
Teacher is absent regularly at the the panchayat office area government school,Education,1
Solar street lights installed in the government school area are non functional,Street Lighting,8
"Traffic signal is damaged at School Lane junction, Saidapet",Traffic,9
Signboards are missing at the Station Road intersection,Traffic,9
Government hospital near Main Road lacks basic medicines,Health,4
Plastic waste dumped near the water body in Perambur,Environment,3
A middleman is taking bribes for water connection approvals in Nungambakkam,Corruption,0
Bus service is irregular on the Vadapalani route,Public Transport,6
Primary health center in Tambaram is understaffed,Health,4
Bus frequency has reduced drastically on near the temple route,Public Transport,6
No bus service available to the housing board colony after 8 pm,Public Transport,6
A clerk asked for extra money to process ration card in Perambur,Corruption,0
Money was demanded for processing a pension application in Velachery,Corruption,0
Signboards are missing at the Bazaar Street intersection,Traffic,9
Plastic waste dumped near the water body in Kodambakkam,Environment,3
Stray dogs are attacking residents in T Nagar,Public Safety,5
Construction debris left on Main Road blocking traffic,Road Maintenance,7
Textbooks not distributed on time in Kolathur schools,Education,1
Bus frequency has reduced drastically on Kolathur route,Public Transport,6
Noise pollution from construction near Main Road at night,Environment,3
No traffic police present at busy junction near School Lane,Traffic,9
Vaccination camp was cancelled without notice in Pallavaram,Health,4
Dead animal left uncollected on Gandhi Street in the railway station road,Waste Management,10
Noise pollution from construction near Bazaar Street at night,Environment,3
Hospital in T Nagar lacks cleanliness and hygiene,Health,4
Stray dogs are attacking residents in the government school area,Public Safety,5
Overcrowded classrooms reported in T Nagar government school,Education,1
Illegal tree cutting is happening near North Street in Velachery,Environment,3
Long waiting times reported at Perambur government hospital,Health,4
14 street lights have been off for weeks near Gandhi Street,Street Lighting,8
Live wire lying on Gandhi Street poses electrocution risk,Public Safety,5
Streetside electric meter is sparking in Velachery,Electricity,2
No security personnel at the public park in the main market road,Public Safety,5
Zebra crossing markings have faded on MG Road,Traffic,9
Unsafe construction site near Nehru Street lacks barricades,Public Safety,5
Water supply has been irregular in the government school area for 12 weeks,Water Supply,11
There is no drinking water in Egmore for the past 7 days,Water Supply,11
Zebra crossing markings have faded on North Street,Traffic,9
2 street lights have been off for weeks near South Street,Street Lighting,8
Water pipe burst near South Street in Guindy,Water Supply,11
Power supply tripped and not restored for 2 hours in Sector 5,Electricity,2
Money was demanded for processing a pension application in Pallavaram,Corruption,0
"Traffic signal is damaged at Ring Road junction, Perambur",Traffic,9
Garbage collection truck has not come to the railway station road for 8 days,Waste Management,10
No waste collection service provided in Vadapalani colony,Waste Management,10
Burning of waste is causing smoke in Kodambakkam,Environment,3
Billing error in electricity charges for the old bus stand area residents,Electricity,2
Noise pollution from construction near Bazaar Street at night,Environment,3
A clerk asked for extra money to process ration card in the old bus stand area,Corruption,0
Transformer near Market Road in Velachery is not working,Electricity,2
Frequent power cuts are occurring in Tambaram,Electricity,2
Signboards are missing at the Church Street intersection,Traffic,9
Garbage is overflowing near School Lane in the housing board colony,Waste Management,10
Water pipe burst near Market Road in Anna Nagar,Water Supply,11
Frequent traffic congestion on South Street during peak hours,Traffic,9
Overcrowded classrooms reported in the panchayat office area government school,Education,1
Signboards are missing at the Church Street intersection,Traffic,9
Street light flickers continuously on Temple Street,Street Lighting,8
Speed breakers are missing near the school on South Street,Road Maintenance,7
Electricity is unavailable in the housing board colony for the past 11 days,Electricity,2
Hospital in the government school area has no doctors available,Health,4
Textbooks not distributed on time in Kolathur schools,Education,1
Illegal dumping of waste is happening near North Street,Waste Management,10
Bribe was demanded for issuing a building permit in Ward 12,Corruption,0
Water supply has been irregular in Adyar for 7 weeks,Water Supply,11
Deep pit left uncovered near Ring Road in the panchayat office area,Public Safety,5
Money was demanded for processing a pension application in Ambattur,Corruption,0
Hospital in Porur has no doctors available,Health,4
Water pipe burst near North Street in Royapettah,Water Supply,11
Leaking pipeline is wasting water on Main Road,Water Supply,11
Corruption reported in distribution of government scheme benefits in Alwarpet,Corruption,0
Money was demanded for processing a pension application in the industrial estate,Corruption,0
Billing error in electricity charges for the panchayat office area residents,Electricity,2
"No signal at the school crossing near Temple Street, Saidapet",Traffic,9
School building near Ring Road needs urgent repair,Education,1
Textbooks not distributed on time in Nungambakkam schools,Education,1
Borewell in Adyar has run dry,Water Supply,11
Live wire lying on Nehru Street poses electrocution risk,Public Safety,5
Illegal dumping of waste is happening near Bazaar Street,Waste Management,10
Traffic signal timing is too short at School Lane,Traffic,9
Overcrowded buses are running on the Nungambakkam route,Public Transport,6
Someone demanded a bribe for approval of a document in Guindy,Corruption,0
Water tanker did not arrive in Ambattur as scheduled,Water Supply,11
Water tanker did not arrive in Porur as scheduled,Water Supply,11
Overcrowded classrooms reported in Pallavaram government school,Education,1
Bus service is irregular on the Ambattur route,Public Transport,6
"Street lights remain on during daytime in Mylapore, wasting power",Street Lighting,8
"Traffic signal is damaged at Nehru Street junction, Ward 12",Traffic,9
Ambulance service is delayed in Royapettah,Health,4
Broken compound wall near School Lane is a safety hazard,Public Safety,5
Official at the Guindy office is demanding money for a certificate,Corruption,0
No water connection provided despite application in Kolathur,Water Supply,11
Speed breakers are missing near the school on Station Road,Road Maintenance,7
"No footpath available on Ring Road, pedestrians face danger",Road Maintenance,7
Textbooks not distributed on time in Vadapalani schools,Education,1
Electricity is unavailable in Pallavaram for the past 7 days,Electricity,2
15 street lights have been off for weeks near Station Road,Street Lighting,8
No water connection provided despite application in Block C,Water Supply,11
A clerk asked for extra money to process ration card in Block C,Corruption,0
Contaminated water is being supplied in near the temple,Water Supply,11
Electricity is unavailable in Kodambakkam for the past 7 days,Electricity,2
Deep pit left uncovered near Nehru Street in Mylapore,Public Safety,5
Vaccination camp was cancelled without notice in Vadapalani,Health,4
"No signal at the school crossing near Main Road, the railway station road",Traffic,9
Power supply tripped and not restored for 14 hours in Vadapalani,Electricity,2
School building near North Street needs urgent repair,Education,1
Road near Church Street has not been repaired after monsoon,Road Maintenance,7
Illegal tree cutting is happening near Ring Road in Kodambakkam,Environment,3
Live wire lying on Station Road poses electrocution risk,Public Safety,5
Frequent traffic congestion on Park Avenue during peak hours,Traffic,9
An officer at the counter asked for extra money to process ration card in Sector 5,Corruption,0
Hospital in Chromepet lacks cleanliness and hygiene,Health,4
No specialist doctor visits the T Nagar health center,Health,4
Corruption reported in distribution of government scheme benefits in Block C,Corruption,0
Frequent traffic congestion on Station Road during peak hours,Traffic,9
Hospital in the industrial estate has no doctors available,Health,4
Public dustbin near Park Avenue is broken and overflowing,Waste Management,10
Government hospital near Bypass Road lacks basic medicines,Health,4
Huge potholes on South Street in Kodambakkam,Road Maintenance,7
Illegal tree cutting is happening near North Street in the main market road,Environment,3
Abandoned building near Bypass Road is unsafe for children,Public Safety,5
Signboards are missing at the Market Road intersection,Traffic,9
Huge potholes on Park Avenue in Vadapalani,Road Maintenance,7
Burning of waste is causing smoke in the main market road,Environment,3
Auto drivers are refusing to use the meter near MG Road,Public Transport,6
"No footpath available on North Street, pedestrians face danger",Road Maintenance,7
Street light flickers continuously on Nehru Street,Street Lighting,8
Encroachment on the lake near the main market road is destroying wetlands,Environment,3
Newly laid road on Ring Road is already damaged,Road Maintenance,7
Teacher is absent regularly at the Egmore government school,Education,1
Bus stop shelter near Gandhi Street is damaged,Public Transport,6
Ambulance service is delayed in Adyar,Health,4
Hospital in the industrial estate has no doctors available,Health,4
Overcrowded buses are running on the Ambattur route,Public Transport,6
4 street lights have been off for weeks near Main Road,Street Lighting,8
"Street lights remain on during daytime in the industrial estate, wasting power",Street Lighting,8
Street light flickers continuously on Gandhi Street,Street Lighting,8
Water pipe burst near Station Road in Perambur,Water Supply,11
Textbooks not distributed on time in the panchayat office area schools,Education,1
Zebra crossing markings have faded on Church Street,Traffic,9
No traffic police present at busy junction near Market Road,Traffic,9
Billing error in electricity charges for Royapettah residents,Electricity,2
Illegal sand mining reported near Anna Nagar,Environment,3
"Street lights remain on during daytime in the housing board colony, wasting power",Street Lighting,8
Road near Nehru Street has not been repaired after monsoon,Road Maintenance,7
Mid day meal quality is poor at Royapettah school,Education,1
Leaking pipeline is wasting water on Main Road,Water Supply,11
Solar street lights installed in Mylapore are non functional,Street Lighting,8
Street light wiring is exposed and dangerous in Pallavaram,Street Lighting,8
Encroachment on the lake near Royapettah is destroying wetlands,Environment,3
Dead animal left uncollected on Bypass Road in Nungambakkam,Waste Management,10
No traffic police present at busy junction near Market Road,Traffic,9
Unsafe construction site near Station Road lacks barricades,Public Safety,5
School building near North Street needs urgent repair,Education,1
Waterlogging occurs on Temple Street during rains,Road Maintenance,7
Primary health center in Perambur is understaffed,Health,4
Deep pit left uncovered near Bazaar Street in Nungambakkam,Public Safety,5
Official at the the main market road office is demanding money for a certificate,Corruption,0
3 street lights have been off for weeks near Station Road,Street Lighting,8
Primary health center in Chromepet is understaffed,Health,4
Official at the Ambattur office is demanding money for a certificate,Corruption,0
Bus frequency has reduced drastically on Perambur route,Public Transport,6
Huge potholes on Church Street in the main market road,Road Maintenance,7
Encroachment on the lake near Adyar is destroying wetlands,Environment,3
Solar street lights installed in Sector 5 are non functional,Street Lighting,8
Signboards are missing at the Ring Road intersection,Traffic,9
No water connection provided despite application in Kodambakkam,Water Supply,11
Corruption reported in distribution of government scheme benefits in Kodambakkam,Corruption,0
Illegal parking is causing traffic jams on Main Road,Traffic,9
Hospital in Sector 5 has no doctors available,Health,4
Street light flickers continuously on MG Road,Street Lighting,8
An officer at the counter is taking bribes for water connection approvals in Alwarpet,Corruption,0
Street lights are not working on Temple Street in Sector 5,Street Lighting,8
Road divider near Gandhi Street is broken,Road Maintenance,7
Last bus timing has been cancelled for the railway station road,Public Transport,6
Huge potholes on Main Road in Pallavaram,Road Maintenance,7
Long waiting times reported at Block C government hospital,Health,4
Hospital in Anna Nagar has no doctors available,Health,4
Billing error in electricity charges for Saidapet residents,Electricity,2
Signboards are missing at the Station Road intersection,Traffic,9
Street light wiring is exposed and dangerous in the housing board colony,Street Lighting,8
Exposed wires near Market Road pose a danger to residents,Electricity,2
Corruption reported in distribution of government scheme benefits in Ward 12,Corruption,0
Road divider near Station Road is broken,Road Maintenance,7
Traffic signal timing is too short at Gandhi Street,Traffic,9
Power supply tripped and not restored for 8 hours in the panchayat office area,Electricity,2
Street lights are not working on Temple Street in Ward 12,Street Lighting,8
Overcrowded classrooms reported in Vadapalani government school,Education,1
Deep pit left uncovered near Bypass Road in Pallavaram,Public Safety,5
Vaccination camp was cancelled without notice in Perambur,Health,4
Long waiting times reported at Chromepet government hospital,Health,4
Billing error in electricity charges for Porur residents,Electricity,2
Road divider near North Street is broken,Road Maintenance,7
No bus service available to Nungambakkam after 8 pm,Public Transport,6
No specialist doctor visits the the government school area health center,Health,4
Bus conductor misbehaved with passengers on Porur route,Public Transport,6
Plastic waste dumped near the water body in Royapettah,Environment,3
No security personnel at the public park in Kodambakkam,Public Safety,5
Water supply has been irregular in Sector 5 for 9 weeks,Water Supply,11
Voltage fluctuation is damaging appliances in Pallavaram,Electricity,2
Traffic signal timing is too short at Temple Street,Traffic,9
A middleman is taking bribes for water connection approvals in Kodambakkam,Corruption,0
Plastic waste dumped near the water body in Mylapore,Environment,3
A middleman asked for extra money to process ration card in the industrial estate,Corruption,0
Street light wiring is exposed and dangerous in Chromepet,Street Lighting,8
Street lights are not working on Bazaar Street in T Nagar,Street Lighting,8
New electricity connection is delayed in Ambattur,Electricity,2
Someone demanded a bribe for approval of a document in the main market road,Corruption,0
Road near Nehru Street has not been repaired after monsoon,Road Maintenance,7
No science teacher appointed at Velachery school for 12 months,Education,1
A local shopkeeper asked for extra money to process ration card in the industrial estate,Corruption,0
Textbooks not distributed on time in Block C schools,Education,1
"Street lights remain on during daytime in Anna Nagar, wasting power",Street Lighting,8
Frequent traffic congestion on Park Avenue during peak hours,Traffic,9
Water tanker did not arrive in the housing board colony as scheduled,Water Supply,11
Road near MG Road has not been repaired after monsoon,Road Maintenance,7
Street lights are not working on Gandhi Street in Anna Nagar,Street Lighting,8
Contaminated water is being supplied in Phase 2,Water Supply,11
No specialist doctor visits the the railway station road health center,Health,4
Overcrowded classrooms reported in Nungambakkam government school,Education,1
Exposed wires near Temple Street pose a danger to residents,Electricity,2
Newly laid road on Main Road is already damaged,Road Maintenance,7
Vaccination camp was cancelled without notice in Anna Nagar,Health,4
Illegal parking is causing traffic jams on Church Street,Traffic,9
9 street lights have been off for weeks near MG Road,Street Lighting,8
There is no drinking water in Nungambakkam for the past 2 days,Water Supply,11
Primary health center in the government school area is understaffed,Health,4
Bus frequency has reduced drastically on Perambur route,Public Transport,6
Live wire lying on Nehru Street poses electrocution risk,Public Safety,5
Corruption reported in distribution of government scheme benefits in Nungambakkam,Corruption,0
Mid day meal quality is poor at Alwarpet school,Education,1
Solar street lights installed in Nungambakkam are non functional,Street Lighting,8
Waterlogging occurs on Temple Street during rains,Road Maintenance,7
Water tanker did not arrive in Velachery as scheduled,Water Supply,11
No security personnel at the public park in Vadapalani,Public Safety,5
Live wire lying on School Lane poses electrocution risk,Public Safety,5
No bus service available to Block C after 8 pm,Public Transport,6
Frequent power cuts are occurring in Pallavaram,Electricity,2
School building near Gandhi Street needs urgent repair,Education,1
Teacher is absent regularly at the Anna Nagar government school,Education,1
Contaminated water is being supplied in Kodambakkam,Water Supply,11
Ambulance service is delayed in the industrial estate,Health,4
No specialist doctor visits the Alwarpet health center,Health,4
Hospital in Anna Nagar lacks cleanliness and hygiene,Health,4
Ambulance service is delayed in Velachery,Health,4
Deep pit left uncovered near Gandhi Street in the industrial estate,Public Safety,5
Last bus timing has been cancelled for the main market road,Public Transport,6
Dark stretch on South Street due to broken street lights,Street Lighting,8
Official at the Chromepet office is demanding money for a certificate,Corruption,0
Encroachment on the lake near T Nagar is destroying wetlands,Environment,3
Primary health center in Ward 12 is understaffed,Health,4
Abandoned building near South Street is unsafe for children,Public Safety,5
Encroachment on the lake near Phase 2 is destroying wetlands,Environment,3
Bribe was demanded for issuing a building permit in the housing board colony,Corruption,0
Solar street lights installed in Kolathur are non functional,Street Lighting,8
"No signal at the school crossing near School Lane, Adyar",Traffic,9
Segregated waste is being mixed by collection staff in the industrial estate,Waste Management,10
Burning of waste is causing smoke in Guindy,Environment,3
Bus frequency has reduced drastically on T Nagar route,Public Transport,6
Exposed wires near North Street pose a danger to residents,Electricity,2
Frequent traffic congestion on MG Road during peak hours,Traffic,9
Overcrowded buses are running on the Sector 5 route,Public Transport,6
Broken compound wall near Main Road is a safety hazard,Public Safety,5
Illegal tree cutting is happening near Ring Road in Adyar,Environment,3
Exposed wires near MG Road pose a danger to residents,Electricity,2
Long waiting times reported at Kolathur government hospital,Health,4
Public dustbin near Ring Road is broken and overflowing,Waste Management,10
Last bus timing has been cancelled for Alwarpet,Public Transport,6
Water body near Royapettah is being polluted by industrial waste,Environment,3
Frequent traffic congestion on Church Street during peak hours,Traffic,9
Newly laid road on South Street is already damaged,Road Maintenance,7
Newly laid road on Bypass Road is already damaged,Road Maintenance,7
Frequent power cuts are occurring in Royapettah,Electricity,2
Textbooks not distributed on time in T Nagar schools,Education,1
Overhead tank in Sector 5 has not been cleaned in months,Water Supply,11
Streetside electric meter is sparking in Porur,Electricity,2
Dark stretch on Park Avenue due to broken street lights,Street Lighting,8
Government hospital near Park Avenue lacks basic medicines,Health,4
Overhead tank in Tambaram has not been cleaned in months,Water Supply,11
"Street lights remain on during daytime in Pallavaram, wasting power",Street Lighting,8
Speed breakers are missing near the school on Bypass Road,Road Maintenance,7
No specialist doctor visits the Alwarpet health center,Health,4
A clerk is taking bribes for water connection approvals in Saidapet,Corruption,0
"No footpath available on Station Road, pedestrians face danger",Road Maintenance,7
Huge potholes on Nehru Street in Phase 2,Road Maintenance,7
Hospital in Ambattur lacks cleanliness and hygiene,Health,4
Power supply tripped and not restored for 10 hours in Velachery,Electricity,2
Huge potholes on Bypass Road in Adyar,Road Maintenance,7
Newly laid road on MG Road is already damaged,Road Maintenance,7
Live wire lying on Park Avenue poses electrocution risk,Public Safety,5
Contaminated water is being supplied in Nungambakkam,Water Supply,11
Traffic signal timing is too short at MG Road,Traffic,9
Road divider near Station Road is broken,Road Maintenance,7
Abandoned building near Station Road is unsafe for children,Public Safety,5
Newly laid road on School Lane is already damaged,Road Maintenance,7
Unsafe construction site near Ring Road lacks barricades,Public Safety,5
Frequent traffic congestion on MG Road during peak hours,Traffic,9
Primary health center in Alwarpet is understaffed,Health,4
Electric pole near Gandhi Street is leaning dangerously,Electricity,2
Traffic signal timing is too short at School Lane,Traffic,9
Overhead tank in Sector 5 has not been cleaned in months,Water Supply,11
Textbooks not distributed on time in Ambattur schools,Education,1
"New street light pole is needed on Gandhi Street, Egmore",Street Lighting,8
Illegal sand mining reported near Ward 12,Environment,3
Broken compound wall near Ring Road is a safety hazard,Public Safety,5
Broken compound wall near Station Road is a safety hazard,Public Safety,5
Signboards are missing at the Ring Road intersection,Traffic,9
No waste collection service provided in Block C colony,Waste Management,10
No traffic police present at busy junction near Station Road,Traffic,9
New electricity connection is delayed in near the temple,Electricity,2
Official at the the old bus stand area office is demanding money for a certificate,Corruption,0
No security personnel at the public park in Tambaram,Public Safety,5
Money was demanded for processing a pension application in Ward 12,Corruption,0
School lacks drinking water facility in the government school area,Education,1
Borewell in Pallavaram has run dry,Water Supply,11
Street lights are not working on North Street in Ward 12,Street Lighting,8
There is no drinking water in Guindy for the past 12 days,Water Supply,11
Primary health center in Guindy is understaffed,Health,4
"New street light pole is needed on Station Road, Mylapore",Street Lighting,8
Segregated waste is being mixed by collection staff in Adyar,Waste Management,10
"No signal at the school crossing near Station Road, the main market road",Traffic,9
Bus frequency has reduced drastically on Royapettah route,Public Transport,6
Air pollution levels are high near the factory in Guindy,Environment,3
No security personnel at the public park in Egmore,Public Safety,5
Streetside electric meter is sparking in Sector 5,Electricity,2
Bus conductor misbehaved with passengers on the housing board colony route,Public Transport,6
13 street lights have been off for weeks near Temple Street,Street Lighting,8
No security personnel at the public park in the main market road,Public Safety,5
Bus conductor misbehaved with passengers on Block C route,Public Transport,6
Electricity is unavailable in Pallavaram for the past 13 days,Electricity,2
Illegal sand mining reported near Adyar,Environment,3
Mid day meal quality is poor at Mylapore school,Education,1
Power supply tripped and not restored for 6 hours in Velachery,Electricity,2
Textbooks not distributed on time in the industrial estate schools,Education,1
Power supply tripped and not restored for 6 hours in the old bus stand area,Electricity,2
Water tanker did not arrive in Perambur as scheduled,Water Supply,11
Textbooks not distributed on time in the railway station road schools,Education,1
Bus stop shelter near North Street is damaged,Public Transport,6
Signboards are missing at the Main Road intersection,Traffic,9
Electricity is unavailable in Pallavaram for the past 14 days,Electricity,2
Billing error in electricity charges for Alwarpet residents,Electricity,2
Overcrowded classrooms reported in Kodambakkam government school,Education,1
Plastic waste dumped near the water body in the government school area,Environment,3
"No signal at the school crossing near Station Road, Egmore",Traffic,9
Contaminated water is being supplied in Vadapalani,Water Supply,11
Newly laid road on Ring Road is already damaged,Road Maintenance,7
Corruption reported in distribution of government scheme benefits in Tambaram,Corruption,0
No water connection provided despite application in Alwarpet,Water Supply,11
Illegal tree cutting is happening near Temple Street in Ward 12,Environment,3
Long waiting times reported at Sector 5 government hospital,Health,4
Water body near Nungambakkam is being polluted by industrial waste,Environment,3
"Low water pressure reported near Park Avenue, the housing board colony",Water Supply,11
"Traffic signal is damaged at Park Avenue junction, Porur",Traffic,9
Burning of waste is causing smoke in Guindy,Environment,3
A government official asked for extra money to process ration card in Kolathur,Corruption,0
Encroachment on the lake near Ward 12 is destroying wetlands,Environment,3
Overcrowded buses are running on the Block C route,Public Transport,6
No water connection provided despite application in Porur,Water Supply,11
Bus frequency has reduced drastically on the panchayat office area route,Public Transport,6
Huge potholes on School Lane in Adyar,Road Maintenance,7
Solar street lights installed in the railway station road are non functional,Street Lighting,8
"New street light pole is needed on Bazaar Street, Adyar",Street Lighting,8
Money was demanded for processing a pension application in the railway station road,Corruption,0
Textbooks not distributed on time in Porur schools,Education,1
Hospital in the government school area has no doctors available,Health,4
No science teacher appointed at Pallavaram school for 10 months,Education,1
Transformer near Bazaar Street in Kolathur is not working,Electricity,2
Borewell in Ward 12 has run dry,Water Supply,11
Hospital in Porur has no doctors available,Health,4
Auto drivers are refusing to use the meter near Bypass Road,Public Transport,6
Government hospital near Temple Street lacks basic medicines,Health,4
Water pipe burst near Park Avenue in Mylapore,Water Supply,11
Overcrowded buses are running on the Saidapet route,Public Transport,6
Garbage is overflowing near Gandhi Street in Alwarpet,Waste Management,10
School lacks drinking water facility in Alwarpet,Education,1
A contractor is taking bribes for water connection approvals in Ward 12,Corruption,0
Encroachment on the lake near Ambattur is destroying wetlands,Environment,3
No waste collection service provided in Alwarpet colony,Waste Management,10
Waterlogging occurs on South Street during rains,Road Maintenance,7
"Traffic signal is damaged at Church Street junction, the government school area",Traffic,9
There is no drinking water in the old bus stand area for the past 13 days,Water Supply,11
Textbooks not distributed on time in the old bus stand area schools,Education,1
Ambulance service is delayed in Pallavaram,Health,4
Overcrowded buses are running on the the panchayat office area route,Public Transport,6
Bribe was demanded for issuing a building permit in Tambaram,Corruption,0
No waste collection service provided in Nungambakkam colony,Waste Management,10
Bribe was demanded for issuing a building permit in Mylapore,Corruption,0
Overcrowded classrooms reported in near the temple government school,Education,1
Abandoned building near MG Road is unsafe for children,Public Safety,5
Electric pole near Ring Road is leaning dangerously,Electricity,2
A contractor is taking bribes for water connection approvals in Alwarpet,Corruption,0
Live wire lying on South Street poses electrocution risk,Public Safety,5
Encroachment on the lake near Phase 2 is destroying wetlands,Environment,3
Long waiting times reported at Sector 5 government hospital,Health,4
Frequent traffic congestion on Church Street during peak hours,Traffic,9
Someone demanded a bribe for approval of a document in Pallavaram,Corruption,0
Money was demanded for processing a pension application in Kodambakkam,Corruption,0
Signboards are missing at the Station Road intersection,Traffic,9
Unsafe construction site near Nehru Street lacks barricades,Public Safety,5
Electricity is unavailable in Porur for the past 4 days,Electricity,2
Last bus timing has been cancelled for Alwarpet,Public Transport,6
Air pollution levels are high near the factory in Pallavaram,Environment,3
Unsafe construction site near Gandhi Street lacks barricades,Public Safety,5
Exposed wires near Temple Street pose a danger to residents,Electricity,2
School building near MG Road needs urgent repair,Education,1
No specialist doctor visits the Adyar health center,Health,4
Power supply tripped and not restored for 13 hours in Pallavaram,Electricity,2
Transformer near Park Avenue in the railway station road is not working,Electricity,2
Burning of waste is causing smoke in Egmore,Environment,3
Hospital in the main market road lacks cleanliness and hygiene,Health,4
Water tanker did not arrive in Anna Nagar as scheduled,Water Supply,11
Segregated waste is being mixed by collection staff in the main market road,Waste Management,10
2 street lights have been off for weeks near Station Road,Street Lighting,8
"No footpath available on Station Road, pedestrians face danger",Road Maintenance,7
Bus conductor misbehaved with passengers on the industrial estate route,Public Transport,6
Leaking pipeline is wasting water on Station Road,Water Supply,11
No traffic police present at busy junction near Park Avenue,Traffic,9
Bus service is irregular on the Ward 12 route,Public Transport,6
Bus frequency has reduced drastically on Velachery route,Public Transport,6
A middleman asked for extra money to process ration card in the panchayat office area,Corruption,0
Ambulance service is delayed in Ward 12,Health,4
School lacks drinking water facility in Velachery,Education,1
Street light wiring is exposed and dangerous in T Nagar,Street Lighting,8
Overcrowded classrooms reported in Kodambakkam government school,Education,1
Garbage collection truck has not come to Royapettah for 11 days,Waste Management,10
Illegal dumping of waste is happening near Temple Street,Waste Management,10
Frequent traffic congestion on Bypass Road during peak hours,Traffic,9
Transformer near Bypass Road in the industrial estate is not working,Electricity,2
Contaminated water is being supplied in Ambattur,Water Supply,11
New electricity connection is delayed in Anna Nagar,Electricity,2
No specialist doctor visits the Saidapet health center,Health,4
Money was demanded for processing a pension application in Sector 5,Corruption,0
Overcrowded buses are running on the Porur route,Public Transport,6
Solar street lights installed in Mylapore are non functional,Street Lighting,8
Overcrowded buses are running on the Alwarpet route,Public Transport,6
School lacks drinking water facility in Perambur,Education,1
No traffic police present at busy junction near Market Road,Traffic,9
An officer at the counter asked for extra money to process ration card in T Nagar,Corruption,0
Garbage collection truck has not come to Sector 5 for 10 days,Waste Management,10
Illegal sand mining reported near the government school area,Environment,3
Waterlogging occurs on Bypass Road during rains,Road Maintenance,7
Street light flickers continuously on Main Road,Street Lighting,8
Huge potholes on MG Road in Phase 2,Road Maintenance,7
Dead animal left uncollected on Temple Street in the main market road,Waste Management,10
Public dustbin near Church Street is broken and overflowing,Waste Management,10
Huge potholes on Main Road in Adyar,Road Maintenance,7
Voltage fluctuation is damaging appliances in the old bus stand area,Electricity,2
Illegal tree cutting is happening near Station Road in Egmore,Environment,3
No science teacher appointed at Anna Nagar school for 6 months,Education,1
Deep pit left uncovered near Temple Street in Saidapet,Public Safety,5
Water body near Pallavaram is being polluted by industrial waste,Environment,3
Water tanker did not arrive in Perambur as scheduled,Water Supply,11
Frequent power cuts are occurring in Alwarpet,Electricity,2
Burning of waste is causing smoke in Kolathur,Environment,3
Official at the Phase 2 office is demanding money for a certificate,Corruption,0
Long waiting times reported at Kodambakkam government hospital,Health,4
Bus conductor misbehaved with passengers on Mylapore route,Public Transport,6
Road near Station Road has not been repaired after monsoon,Road Maintenance,7
Bus service is irregular on the the railway station road route,Public Transport,6
A middleman asked for extra money to process ration card in Block C,Corruption,0
Voltage fluctuation is damaging appliances in Chromepet,Electricity,2
Waterlogging occurs on Church Street during rains,Road Maintenance,7
Borewell in Ward 12 has run dry,Water Supply,11
Overcrowded buses are running on the the panchayat office area route,Public Transport,6
Deep pit left uncovered near Gandhi Street in Anna Nagar,Public Safety,5
Government hospital near Bazaar Street lacks basic medicines,Health,4
Primary health center in Anna Nagar is understaffed,Health,4
School in Perambur lacks proper toilet facilities,Education,1
Hospital in Kodambakkam lacks cleanliness and hygiene,Health,4
There is no drinking water in Kolathur for the past 5 days,Water Supply,11
Street light flickers continuously on South Street,Street Lighting,8
Live wire lying on School Lane poses electrocution risk,Public Safety,5
Traffic signal timing is too short at Main Road,Traffic,9
Vaccination camp was cancelled without notice in Royapettah,Health,4
Bribe was demanded for issuing a building permit in Mylapore,Corruption,0
Traffic signal timing is too short at Bazaar Street,Traffic,9
No bus service available to Porur after 8 pm,Public Transport,6
Official at the Kolathur office is demanding money for a certificate,Corruption,0
No water connection provided despite application in the old bus stand area,Water Supply,11
Road divider near Station Road is broken,Road Maintenance,7
Road near Church Street has not been repaired after monsoon,Road Maintenance,7
New electricity connection is delayed in Tambaram,Electricity,2
Voltage fluctuation is damaging appliances in Mylapore,Electricity,2
No traffic police present at busy junction near Station Road,Traffic,9
Streetside electric meter is sparking in Chromepet,Electricity,2
An officer at the counter is taking bribes for water connection approvals in Perambur,Corruption,0
Hospital in Kolathur has no doctors available,Health,4
Long waiting times reported at Ward 12 government hospital,Health,4
Traffic signal timing is too short at School Lane,Traffic,9
Traffic signal timing is too short at Ring Road,Traffic,9
Live wire lying on Church Street poses electrocution risk,Public Safety,5
There is no drinking water in Anna Nagar for the past 7 days,Water Supply,11
Primary health center in the railway station road is understaffed,Health,4
Mid day meal quality is poor at Kodambakkam school,Education,1
Waterlogging occurs on Church Street during rains,Road Maintenance,7
School building near Ring Road needs urgent repair,Education,1
Billing error in electricity charges for the main market road residents,Electricity,2
Construction debris left on Station Road blocking traffic,Road Maintenance,7
No science teacher appointed at near the temple school for 3 months,Education,1
Vaccination camp was cancelled without notice in the old bus stand area,Health,4
New electricity connection is delayed in Kolathur,Electricity,2
School building near Bypass Road needs urgent repair,Education,1
Water tanker did not arrive in Chromepet as scheduled,Water Supply,11
"Low water pressure reported near Gandhi Street, Porur",Water Supply,11
Textbooks not distributed on time in Pallavaram schools,Education,1
Exposed wires near Station Road pose a danger to residents,Electricity,2
Billing error in electricity charges for near the temple residents,Electricity,2
No science teacher appointed at Pallavaram school for 6 months,Education,1
School building near Park Avenue needs urgent repair,Education,1
Overcrowded buses are running on the near the temple route,Public Transport,6
Garbage collection truck has not come to Velachery for 3 days,Waste Management,10
Speed breakers are missing near the school on North Street,Road Maintenance,7
Illegal sand mining reported near the old bus stand area,Environment,3
Hospital in the industrial estate has no doctors available,Health,4
Water tanker did not arrive in the panchayat office area as scheduled,Water Supply,11
An officer at the counter is taking bribes for water connection approvals in Royapettah,Corruption,0
Auto drivers are refusing to use the meter near Nehru Street,Public Transport,6
Road divider near North Street is broken,Road Maintenance,7
No security personnel at the public park in Phase 2,Public Safety,5
Exposed wires near Station Road pose a danger to residents,Electricity,2
13 street lights have been off for weeks near Main Road,Street Lighting,8
Garbage collection truck has not come to Saidapet for 4 days,Waste Management,10
No specialist doctor visits the Block C health center,Health,4
Voltage fluctuation is damaging appliances in the housing board colony,Electricity,2
School building near South Street needs urgent repair,Education,1
No specialist doctor visits the T Nagar health center,Health,4
Teacher is absent regularly at the Kolathur government school,Education,1
Speed breakers are missing near the school on Ring Road,Road Maintenance,7
12 street lights have been off for weeks near Bazaar Street,Street Lighting,8
Dark stretch on North Street due to broken street lights,Street Lighting,8
Illegal parking is causing traffic jams on Main Road,Traffic,9
No security personnel at the public park in Adyar,Public Safety,5
Primary health center in Sector 5 is understaffed,Health,4
Textbooks not distributed on time in the government school area schools,Education,1
No waste collection service provided in Kodambakkam colony,Waste Management,10
Signboards are missing at the Bazaar Street intersection,Traffic,9
Bus service is irregular on the Ambattur route,Public Transport,6
Dumping ground near Mylapore is causing bad odor,Waste Management,10
No water connection provided despite application in Sector 5,Water Supply,11
Bus stop shelter near Station Road is damaged,Public Transport,6
Water supply has been irregular in Anna Nagar for 9 weeks,Water Supply,11
Overcrowded classrooms reported in the main market road government school,Education,1
Voltage fluctuation is damaging appliances in Alwarpet,Electricity,2
Leaking pipeline is wasting water on Bazaar Street,Water Supply,11
Street light flickers continuously on Bazaar Street,Street Lighting,8
Street light wiring is exposed and dangerous in Ambattur,Street Lighting,8
Zebra crossing markings have faded on Nehru Street,Traffic,9
Money was demanded for processing a pension application in the railway station road,Corruption,0
Bribe was demanded for issuing a building permit in Saidapet,Corruption,0
Hospital in Porur has no doctors available,Health,4
Speed breakers are missing near the school on North Street,Road Maintenance,7
Illegal dumping of waste is happening near Ring Road,Waste Management,10
Street lights are not working on MG Road in near the temple,Street Lighting,8
School lacks drinking water facility in Porur,Education,1
Plastic waste dumped near the water body in Nungambakkam,Environment,3
Overcrowded buses are running on the the industrial estate route,Public Transport,6
Official at the Chromepet office is demanding money for a certificate,Corruption,0
5 street lights have been off for weeks near Bypass Road,Street Lighting,8
New electricity connection is delayed in Royapettah,Electricity,2
Road near Park Avenue has not been repaired after monsoon,Road Maintenance,7
Vaccination camp was cancelled without notice in the panchayat office area,Health,4
"No signal at the school crossing near North Street, the industrial estate",Traffic,9
There is no drinking water in the industrial estate for the past 11 days,Water Supply,11
Solar street lights installed in Anna Nagar are non functional,Street Lighting,8
Street light flickers continuously on North Street,Street Lighting,8
Hospital in the government school area has no doctors available,Health,4
Dark stretch on School Lane due to broken street lights,Street Lighting,8
Street light wiring is exposed and dangerous in Kodambakkam,Street Lighting,8
"No footpath available on Bypass Road, pedestrians face danger",Road Maintenance,7
Stray dogs are attacking residents in Kolathur,Public Safety,5
Bus conductor misbehaved with passengers on Anna Nagar route,Public Transport,6
Illegal tree cutting is happening near Church Street in Ambattur,Environment,3
Electric pole near Nehru Street is leaning dangerously,Electricity,2
"Low water pressure reported near Temple Street, Porur",Water Supply,11
Voltage fluctuation is damaging appliances in the main market road,Electricity,2
School building near Ring Road needs urgent repair,Education,1
School in the government school area lacks proper toilet facilities,Education,1
Street light flickers continuously on Church Street,Street Lighting,8
Billing error in electricity charges for Adyar residents,Electricity,2
Public dustbin near Market Road is broken and overflowing,Waste Management,10
Hospital in Tambaram has no doctors available,Health,4
"Low water pressure reported near Gandhi Street, Vadapalani",Water Supply,11
Deep pit left uncovered near Temple Street in Saidapet,Public Safety,5
Corruption reported in distribution of government scheme benefits in the old bus stand area,Corruption,0
Street light wiring is exposed and dangerous in near the temple,Street Lighting,8
Dark stretch on Ring Road due to broken street lights,Street Lighting,8
"No footpath available on Bypass Road, pedestrians face danger",Road Maintenance,7
"Traffic signal is damaged at Park Avenue junction, Nungambakkam",Traffic,9
No security personnel at the public park in Royapettah,Public Safety,5
Borewell in the panchayat office area has run dry,Water Supply,11
Street lights are not working on Temple Street in the industrial estate,Street Lighting,8
Ambulance service is delayed in the main market road,Health,4
Overcrowded classrooms reported in the government school area government school,Education,1
Plastic waste dumped near the water body in Ward 12,Environment,3
Exposed wires near Bypass Road pose a danger to residents,Electricity,2
Bus conductor misbehaved with passengers on near the temple route,Public Transport,6
Dead animal left uncollected on Church Street in the main market road,Waste Management,10
4 street lights have been off for weeks near Park Avenue,Street Lighting,8
Broken compound wall near MG Road is a safety hazard,Public Safety,5
Bus service is irregular on the Royapettah route,Public Transport,6
No science teacher appointed at Chromepet school for 14 months,Education,1
"Street lights remain on during daytime in the panchayat office area, wasting power",Street Lighting,8
Last bus timing has been cancelled for Adyar,Public Transport,6
An officer at the counter asked for extra money to process ration card in Mylapore,Corruption,0
Overcrowded classrooms reported in Anna Nagar government school,Education,1
Road divider near MG Road is broken,Road Maintenance,7
Bus conductor misbehaved with passengers on Sector 5 route,Public Transport,6
Deep pit left uncovered near North Street in Vadapalani,Public Safety,5
Illegal dumping of waste is happening near Bypass Road,Waste Management,10
Leaking pipeline is wasting water on Main Road,Water Supply,11
Stray dogs are attacking residents in the government school area,Public Safety,5
Abandoned building near North Street is unsafe for children,Public Safety,5
Exposed wires near Gandhi Street pose a danger to residents,Electricity,2
No waste collection service provided in Kolathur colony,Waste Management,10
Garbage is overflowing near Ring Road in Kodambakkam,Waste Management,10
Unsafe construction site near Main Road lacks barricades,Public Safety,5
Streetside electric meter is sparking in the industrial estate,Electricity,2
Open manhole causing danger on School Lane in Pallavaram,Public Safety,5
Illegal dumping of waste is happening near Church Street,Waste Management,10
Voltage fluctuation is damaging appliances in the old bus stand area,Electricity,2
School building near Church Street needs urgent repair,Education,1
Stray dogs are attacking residents in Vadapalani,Public Safety,5
A municipal worker asked for extra money to process ration card in Chromepet,Corruption,0
Money was demanded for processing a pension application in Royapettah,Corruption,0
11 street lights have been off for weeks near Market Road,Street Lighting,8
A municipal worker is taking bribes for water connection approvals in T Nagar,Corruption,0
Illegal parking is causing traffic jams on Gandhi Street,Traffic,9
Official at the Saidapet office is demanding money for a certificate,Corruption,0
Borewell in near the temple has run dry,Water Supply,11
Plastic waste dumped near the water body in Alwarpet,Environment,3
No security personnel at the public park in Perambur,Public Safety,5
"Traffic signal is damaged at Temple Street junction, the main market road",Traffic,9
Garbage is overflowing near MG Road in Sector 5,Waste Management,10
Waterlogging occurs on School Lane during rains,Road Maintenance,7
Electric pole near Park Avenue is leaning dangerously,Electricity,2
Newly laid road on Bazaar Street is already damaged,Road Maintenance,7
Dumping ground near near the temple is causing bad odor,Waste Management,10
Construction debris left on North Street blocking traffic,Road Maintenance,7
Signboards are missing at the North Street intersection,Traffic,9
Burning of waste is causing smoke in Kodambakkam,Environment,3
Construction debris left on Temple Street blocking traffic,Road Maintenance,7
Stray dogs are attacking residents in Pallavaram,Public Safety,5
Illegal tree cutting is happening near Main Road in Sector 5,Environment,3
Segregated waste is being mixed by collection staff in the housing board colony,Waste Management,10
Exposed wires near Station Road pose a danger to residents,Electricity,2
Auto drivers are refusing to use the meter near North Street,Public Transport,6
"No footpath available on School Lane, pedestrians face danger",Road Maintenance,7
Solar street lights installed in Kodambakkam are non functional,Street Lighting,8
Burning of waste is causing smoke in Nungambakkam,Environment,3
Overcrowded classrooms reported in the housing board colony government school,Education,1
"Traffic signal is damaged at Park Avenue junction, Kolathur",Traffic,9
"New street light pole is needed on Gandhi Street, Vadapalani",Street Lighting,8
Road near Temple Street has not been repaired after monsoon,Road Maintenance,7
Solar street lights installed in near the temple are non functional,Street Lighting,8
Dead animal left uncollected on North Street in Tambaram,Waste Management,10
Illegal dumping of waste is happening near Nehru Street,Waste Management,10
Traffic signal timing is too short at Nehru Street,Traffic,9
Overcrowded buses are running on the T Nagar route,Public Transport,6
Ambulance service is delayed in Ambattur,Health,4
A contractor is taking bribes for water connection approvals in Pallavaram,Corruption,0
Transformer near Bazaar Street in Phase 2 is not working,Electricity,2
Billing error in electricity charges for Egmore residents,Electricity,2
Government hospital near School Lane lacks basic medicines,Health,4
Money was demanded for processing a pension application in Vadapalani,Corruption,0
Air pollution levels are high near the factory in the railway station road,Environment,3
Newly laid road on Park Avenue is already damaged,Road Maintenance,7
A local shopkeeper asked for extra money to process ration card in the housing board colony,Corruption,0
Billing error in electricity charges for Tambaram residents,Electricity,2
School lacks drinking water facility in Perambur,Education,1
Unsafe construction site near Park Avenue lacks barricades,Public Safety,5
Power supply tripped and not restored for 10 hours in Kodambakkam,Electricity,2
Corruption reported in distribution of government scheme benefits in Tambaram,Corruption,0
Corruption reported in distribution of government scheme benefits in Porur,Corruption,0
Transformer near Temple Street in Mylapore is not working,Electricity,2
Electric pole near Ring Road is leaning dangerously,Electricity,2
Government hospital near Station Road lacks basic medicines,Health,4
Stray dogs are attacking residents in the housing board colony,Public Safety,5
A contractor is taking bribes for water connection approvals in Egmore,Corruption,0
New electricity connection is delayed in Nungambakkam,Electricity,2
No science teacher appointed at Anna Nagar school for 6 months,Education,1
Traffic signal timing is too short at Nehru Street,Traffic,9
"No signal at the school crossing near North Street, Phase 2",Traffic,9
Water tanker did not arrive in Guindy as scheduled,Water Supply,11
Huge potholes on Main Road in the housing board colony,Road Maintenance,7
Air pollution levels are high near the factory in Kodambakkam,Environment,3
Dead animal left uncollected on Bazaar Street in Kodambakkam,Waste Management,10
Dumping ground near the old bus stand area is causing bad odor,Waste Management,10
School building near North Street needs urgent repair,Education,1
Burning of waste is causing smoke in Anna Nagar,Environment,3
School lacks drinking water facility in Anna Nagar,Education,1
Exposed wires near Church Street pose a danger to residents,Electricity,2
Unsafe construction site near Market Road lacks barricades,Public Safety,5
Stray dogs are attacking residents in Tambaram,Public Safety,5
"No footpath available on Ring Road, pedestrians face danger",Road Maintenance,7
Money was demanded for processing a pension application in Porur,Corruption,0
School lacks drinking water facility in Royapettah,Education,1
Stray dogs are attacking residents in Velachery,Public Safety,5
Power supply tripped and not restored for 6 hours in Mylapore,Electricity,2
Illegal dumping of waste is happening near Bypass Road,Waste Management,10
Official at the Vadapalani office is demanding money for a certificate,Corruption,0
A government official is taking bribes for water connection approvals in near the temple,Corruption,0
Illegal tree cutting is happening near Park Avenue in Guindy,Environment,3
Waterlogging occurs on Ring Road during rains,Road Maintenance,7
Mid day meal quality is poor at the old bus stand area school,Education,1
Electricity is unavailable in Mylapore for the past 9 days,Electricity,2
Public dustbin near Station Road is broken and overflowing,Waste Management,10
Bribe was demanded for issuing a building permit in Tambaram,Corruption,0
Billing error in electricity charges for Royapettah residents,Electricity,2
Illegal sand mining reported near the main market road,Environment,3
Electric pole near Bazaar Street is leaning dangerously,Electricity,2
Leaking pipeline is wasting water on Temple Street,Water Supply,11
Someone demanded a bribe for approval of a document in T Nagar,Corruption,0
8 street lights have been off for weeks near Park Avenue,Street Lighting,8
Overcrowded classrooms reported in near the temple government school,Education,1
Road near Park Avenue has not been repaired after monsoon,Road Maintenance,7
Corruption reported in distribution of government scheme benefits in Mylapore,Corruption,0
Mid day meal quality is poor at Sector 5 school,Education,1
Electric pole near School Lane is leaning dangerously,Electricity,2
Encroachment on the lake near Sector 5 is destroying wetlands,Environment,3
No specialist doctor visits the Ward 12 health center,Health,4
Vaccination camp was cancelled without notice in near the temple,Health,4
New electricity connection is delayed in Chromepet,Electricity,2
Illegal sand mining reported near Phase 2,Environment,3
Electric pole near Temple Street is leaning dangerously,Electricity,2
Encroachment on the lake near Guindy is destroying wetlands,Environment,3
Bus conductor misbehaved with passengers on Velachery route,Public Transport,6
Unsafe construction site near Park Avenue lacks barricades,Public Safety,5
Last bus timing has been cancelled for Ward 12,Public Transport,6
Noise pollution from construction near Nehru Street at night,Environment,3
Hospital in Pallavaram lacks cleanliness and hygiene,Health,4
School in Saidapet lacks proper toilet facilities,Education,1
Waterlogging occurs on Church Street during rains,Road Maintenance,7
Public dustbin near Bazaar Street is broken and overflowing,Waste Management,10
Solar street lights installed in Chromepet are non functional,Street Lighting,8
Overcrowded classrooms reported in Perambur government school,Education,1
There is no drinking water in Kodambakkam for the past 7 days,Water Supply,11
Hospital in Ambattur lacks cleanliness and hygiene,Health,4
Bus conductor misbehaved with passengers on near the temple route,Public Transport,6
No traffic police present at busy junction near Park Avenue,Traffic,9
"No signal at the school crossing near Church Street, the government school area",Traffic,9
"No footpath available on South Street, pedestrians face danger",Road Maintenance,7
School in Royapettah lacks proper toilet facilities,Education,1
Hospital in the old bus stand area has no doctors available,Health,4
Mid day meal quality is poor at Royapettah school,Education,1
Ambulance service is delayed in Porur,Health,4
Air pollution levels are high near the factory in Porur,Environment,3
Street light wiring is exposed and dangerous in the housing board colony,Street Lighting,8
"Street lights remain on during daytime in Alwarpet, wasting power",Street Lighting,8
No specialist doctor visits the the government school area health center,Health,4
Live wire lying on Nehru Street poses electrocution risk,Public Safety,5
A government official asked for extra money to process ration card in the government school area,Corruption,0
"Traffic signal is damaged at Bypass Road junction, the industrial estate",Traffic,9
Bribe was demanded for issuing a building permit in Sector 5,Corruption,0
Bribe was demanded for issuing a building permit in Ward 12,Corruption,0
Garbage is overflowing near Ring Road in Sector 5,Waste Management,10
School in Phase 2 lacks proper toilet facilities,Education,1
Waterlogging occurs on South Street during rains,Road Maintenance,7
No science teacher appointed at Chromepet school for 7 months,Education,1
Water tanker did not arrive in Guindy as scheduled,Water Supply,11
Illegal parking is causing traffic jams on Temple Street,Traffic,9
Hospital in Phase 2 has no doctors available,Health,4
Bus conductor misbehaved with passengers on Anna Nagar route,Public Transport,6
No water connection provided despite application in the government school area,Water Supply,11
Illegal dumping of waste is happening near Temple Street,Waste Management,10
Water pipe burst near Bazaar Street in Guindy,Water Supply,11
Illegal tree cutting is happening near Ring Road in Sector 5,Environment,3
Encroachment on the lake near Egmore is destroying wetlands,Environment,3
Air pollution levels are high near the factory in Kolathur,Environment,3
Segregated waste is being mixed by collection staff in Tambaram,Waste Management,10
2 street lights have been off for weeks near North Street,Street Lighting,8
School in Phase 2 lacks proper toilet facilities,Education,1
Hospital in Tambaram lacks cleanliness and hygiene,Health,4
Corruption reported in distribution of government scheme benefits in Saidapet,Corruption,0
Official at the Guindy office is demanding money for a certificate,Corruption,0
No waste collection service provided in the government school area colony,Waste Management,10
Streetside electric meter is sparking in Pallavaram,Electricity,2
Stray dogs are attacking residents in Ambattur,Public Safety,5
Newly laid road on Temple Street is already damaged,Road Maintenance,7
Water tanker did not arrive in the panchayat office area as scheduled,Water Supply,11
Street lights are not working on Nehru Street in Sector 5,Street Lighting,8
Dark stretch on Ring Road due to broken street lights,Street Lighting,8
Traffic signal timing is too short at MG Road,Traffic,9
Overcrowded buses are running on the Vadapalani route,Public Transport,6
Open manhole causing danger on School Lane in Velachery,Public Safety,5
Bus frequency has reduced drastically on Ambattur route,Public Transport,6
Power supply tripped and not restored for 4 hours in Kodambakkam,Electricity,2
Corruption reported in distribution of government scheme benefits in Egmore,Corruption,0
"No footpath available on North Street, pedestrians face danger",Road Maintenance,7
Water supply has been irregular in the old bus stand area for 13 weeks,Water Supply,11
Illegal parking is causing traffic jams on Temple Street,Traffic,9
Teacher is absent regularly at the Nungambakkam government school,Education,1
A government official is taking bribes for water connection approvals in the railway station road,Corruption,0
Abandoned building near MG Road is unsafe for children,Public Safety,5
Government hospital near Main Road lacks basic medicines,Health,4
"No signal at the school crossing near North Street, Vadapalani",Traffic,9
A clerk is taking bribes for water connection approvals in Adyar,Corruption,0
"New street light pole is needed on MG Road, Vadapalani",Street Lighting,8
Street light flickers continuously on Gandhi Street,Street Lighting,8
Garbage is overflowing near Main Road in Anna Nagar,Waste Management,10
Teacher is absent regularly at the the housing board colony government school,Education,1
Air pollution levels are high near the factory in Guindy,Environment,3
Frequent traffic congestion on Station Road during peak hours,Traffic,9
Traffic signal timing is too short at Ring Road,Traffic,9
Zebra crossing markings have faded on Bypass Road,Traffic,9
Water body near Chromepet is being polluted by industrial waste,Environment,3
Traffic signal timing is too short at Ring Road,Traffic,9
13 street lights have been off for weeks near Bypass Road,Street Lighting,8
Noise pollution from construction near Station Road at night,Environment,3
Illegal parking is causing traffic jams on Main Road,Traffic,9
Broken compound wall near Ring Road is a safety hazard,Public Safety,5
Solar street lights installed in the old bus stand area are non functional,Street Lighting,8
Signboards are missing at the Gandhi Street intersection,Traffic,9
Water pipe burst near Park Avenue in the railway station road,Water Supply,11
Overhead tank in Block C has not been cleaned in months,Water Supply,11
Garbage is overflowing near Bazaar Street in Alwarpet,Waste Management,10
Dumping ground near Royapettah is causing bad odor,Waste Management,10
"Street lights remain on during daytime in Alwarpet, wasting power",Street Lighting,8
Bus conductor misbehaved with passengers on Royapettah route,Public Transport,6
Frequent power cuts are occurring in Mylapore,Electricity,2
Someone demanded a bribe for approval of a document in Kodambakkam,Corruption,0
Bus service is irregular on the Royapettah route,Public Transport,6
Bus service is irregular on the Ambattur route,Public Transport,6
"Traffic signal is damaged at Bazaar Street junction, Kodambakkam",Traffic,9
Street light wiring is exposed and dangerous in Saidapet,Street Lighting,8
Overcrowded buses are running on the Anna Nagar route,Public Transport,6
Official at the Adyar office is demanding money for a certificate,Corruption,0
"No signal at the school crossing near South Street, the industrial estate",Traffic,9
School lacks drinking water facility in Anna Nagar,Education,1
Bus frequency has reduced drastically on near the temple route,Public Transport,6
Street light wiring is exposed and dangerous in Egmore,Street Lighting,8
Road divider near North Street is broken,Road Maintenance,7
Overcrowded buses are running on the Egmore route,Public Transport,6
"Street lights remain on during daytime in Guindy, wasting power",Street Lighting,8
Dumping ground near the industrial estate is causing bad odor,Waste Management,10
A middleman asked for extra money to process ration card in Vadapalani,Corruption,0
Noise pollution from construction near Temple Street at night,Environment,3
Abandoned building near South Street is unsafe for children,Public Safety,5
Road divider near MG Road is broken,Road Maintenance,7
No bus service available to Guindy after 8 pm,Public Transport,6
New electricity connection is delayed in Nungambakkam,Electricity,2
Zebra crossing markings have faded on Market Road,Traffic,9
Borewell in Phase 2 has run dry,Water Supply,11
Burning of waste is causing smoke in Velachery,Environment,3
Street lights are not working on Station Road in Ambattur,Street Lighting,8
6 street lights have been off for weeks near North Street,Street Lighting,8
Huge potholes on North Street in Phase 2,Road Maintenance,7
School lacks drinking water facility in Mylapore,Education,1
Open manhole causing danger on Church Street in Adyar,Public Safety,5
Bus conductor misbehaved with passengers on near the temple route,Public Transport,6
Burning of waste is causing smoke in Tambaram,Environment,3
Bus conductor misbehaved with passengers on Egmore route,Public Transport,6
Voltage fluctuation is damaging appliances in Saidapet,Electricity,2
Voltage fluctuation is damaging appliances in the industrial estate,Electricity,2
Water pipe burst near Main Road in Kodambakkam,Water Supply,11
Noise pollution from construction near Bypass Road at night,Environment,3
No traffic police present at busy junction near Station Road,Traffic,9
Traffic signal timing is too short at North Street,Traffic,9
Plastic waste dumped near the water body in the panchayat office area,Environment,3
Vaccination camp was cancelled without notice in Guindy,Health,4
Dead animal left uncollected on Temple Street in Egmore,Waste Management,10
Garbage collection truck has not come to the main market road for 14 days,Waste Management,10
No security personnel at the public park in Kodambakkam,Public Safety,5
No bus service available to near the temple after 8 pm,Public Transport,6
No security personnel at the public park in the main market road,Public Safety,5
Hospital in Velachery has no doctors available,Health,4
"Street lights remain on during daytime in Mylapore, wasting power",Street Lighting,8
Dead animal left uncollected on North Street in Saidapet,Waste Management,10
Solar street lights installed in Saidapet are non functional,Street Lighting,8
Noise pollution from construction near Gandhi Street at night,Environment,3
"No signal at the school crossing near Temple Street, the railway station road",Traffic,9
No security personnel at the public park in Velachery,Public Safety,5
Solar street lights installed in Phase 2 are non functional,Street Lighting,8
A middleman is taking bribes for water connection approvals in Vadapalani,Corruption,0
Illegal sand mining reported near Egmore,Environment,3
School building near North Street needs urgent repair,Education,1
Air pollution levels are high near the factory in Alwarpet,Environment,3
Burning of waste is causing smoke in the housing board colony,Environment,3
Water supply has been irregular in Kodambakkam for 3 weeks,Water Supply,11
Primary health center in Vadapalani is understaffed,Health,4
Bribe was demanded for issuing a building permit in Porur,Corruption,0
Someone demanded a bribe for approval of a document in Mylapore,Corruption,0
An officer at the counter asked for extra money to process ration card in the main market road,Corruption,0
Newly laid road on Gandhi Street is already damaged,Road Maintenance,7
Huge potholes on Ring Road in Perambur,Road Maintenance,7
Auto drivers are refusing to use the meter near North Street,Public Transport,6
Official at the Royapettah office is demanding money for a certificate,Corruption,0
No water connection provided despite application in Guindy,Water Supply,11
Road divider near MG Road is broken,Road Maintenance,7
Hospital in Phase 2 lacks cleanliness and hygiene,Health,4
Illegal sand mining reported near near the temple,Environment,3
Water tanker did not arrive in Ward 12 as scheduled,Water Supply,11
Traffic signal timing is too short at Bypass Road,Traffic,9
"No signal at the school crossing near Ring Road, T Nagar",Traffic,9
Long waiting times reported at the main market road government hospital,Health,4
Dumping ground near Ambattur is causing bad odor,Waste Management,10
Plastic waste dumped near the water body in T Nagar,Environment,3
No waste collection service provided in the government school area colony,Waste Management,10
"No footpath available on Station Road, pedestrians face danger",Road Maintenance,7
Encroachment on the lake near the government school area is destroying wetlands,Environment,3
Bus conductor misbehaved with passengers on Royapettah route,Public Transport,6
Ambulance service is delayed in the old bus stand area,Health,4
Streetside electric meter is sparking in Nungambakkam,Electricity,2
Voltage fluctuation is damaging appliances in Kolathur,Electricity,2
"Low water pressure reported near Bazaar Street, Kodambakkam",Water Supply,11
Corruption reported in distribution of government scheme benefits in Royapettah,Corruption,0
Hospital in Chromepet lacks cleanliness and hygiene,Health,4
"No footpath available on Temple Street, pedestrians face danger",Road Maintenance,7
"New street light pole is needed on MG Road, the government school area",Street Lighting,8
There is no drinking water in Saidapet for the past 12 days,Water Supply,11
No water connection provided despite application in the panchayat office area,Water Supply,11
Bribe was demanded for issuing a building permit in Ambattur,Corruption,0
There is no drinking water in Ward 12 for the past 4 days,Water Supply,11
Burning of waste is causing smoke in near the temple,Environment,3
Deep pit left uncovered near School Lane in the government school area,Public Safety,5
Zebra crossing markings have faded on Temple Street,Traffic,9
Mid day meal quality is poor at the government school area school,Education,1
Public dustbin near Main Road is broken and overflowing,Waste Management,10
Open manhole causing danger on MG Road in the railway station road,Public Safety,5
Primary health center in Nungambakkam is understaffed,Health,4
Official at the Royapettah office is demanding money for a certificate,Corruption,0
"No footpath available on Temple Street, pedestrians face danger",Road Maintenance,7
Water supply has been irregular in Guindy for 15 weeks,Water Supply,11
Auto drivers are refusing to use the meter near School Lane,Public Transport,6
Speed breakers are missing near the school on Park Avenue,Road Maintenance,7
Billing error in electricity charges for Porur residents,Electricity,2
Ambulance service is delayed in near the temple,Health,4
Abandoned building near South Street is unsafe for children,Public Safety,5
Bus conductor misbehaved with passengers on the railway station road route,Public Transport,6
Open manhole causing danger on MG Road in Saidapet,Public Safety,5
Waterlogging occurs on Temple Street during rains,Road Maintenance,7
No security personnel at the public park in Adyar,Public Safety,5
Official at the Tambaram office is demanding money for a certificate,Corruption,0
Bus service is irregular on the Porur route,Public Transport,6
"No footpath available on Station Road, pedestrians face danger",Road Maintenance,7
School building near Church Street needs urgent repair,Education,1
Road divider near Church Street is broken,Road Maintenance,7
Segregated waste is being mixed by collection staff in Chromepet,Waste Management,10
Frequent traffic congestion on Bypass Road during peak hours,Traffic,9
Bus service is irregular on the Nungambakkam route,Public Transport,6
Illegal dumping of waste is happening near Ring Road,Waste Management,10
Huge potholes on MG Road in Kolathur,Road Maintenance,7
Mid day meal quality is poor at the panchayat office area school,Education,1
School in Saidapet lacks proper toilet facilities,Education,1
Road near School Lane has not been repaired after monsoon,Road Maintenance,7
An officer at the counter asked for extra money to process ration card in Ward 12,Corruption,0
School building near Bazaar Street needs urgent repair,Education,1
Textbooks not distributed on time in the railway station road schools,Education,1
Electric pole near Ring Road is leaning dangerously,Electricity,2
Bus conductor misbehaved with passengers on Kolathur route,Public Transport,6
Overcrowded buses are running on the T Nagar route,Public Transport,6
Overhead tank in the railway station road has not been cleaned in months,Water Supply,11
Dark stretch on Park Avenue due to broken street lights,Street Lighting,8
"Low water pressure reported near North Street, the panchayat office area",Water Supply,11
Broken compound wall near Nehru Street is a safety hazard,Public Safety,5
Zebra crossing markings have faded on School Lane,Traffic,9
Air pollution levels are high near the factory in Mylapore,Environment,3
Huge potholes on Park Avenue in Mylapore,Road Maintenance,7
Signboards are missing at the Nehru Street intersection,Traffic,9
Hospital in the old bus stand area lacks cleanliness and hygiene,Health,4
New electricity connection is delayed in Velachery,Electricity,2
Dumping ground near Ambattur is causing bad odor,Waste Management,10
Street light wiring is exposed and dangerous in near the temple,Street Lighting,8
Water pipe burst near Church Street in Anna Nagar,Water Supply,11
Frequent power cuts are occurring in Guindy,Electricity,2
Primary health center in near the temple is understaffed,Health,4
Borewell in Sector 5 has run dry,Water Supply,11
School in Alwarpet lacks proper toilet facilities,Education,1
Abandoned building near Bazaar Street is unsafe for children,Public Safety,5
Auto drivers are refusing to use the meter near Bypass Road,Public Transport,6
Public dustbin near Church Street is broken and overflowing,Waste Management,10
No security personnel at the public park in Alwarpet,Public Safety,5
Encroachment on the lake near Royapettah is destroying wetlands,Environment,3
School in Guindy lacks proper toilet facilities,Education,1
"Low water pressure reported near North Street, Perambur",Water Supply,11
Illegal parking is causing traffic jams on School Lane,Traffic,9
Official at the Vadapalani office is demanding money for a certificate,Corruption,0
Street lights are not working on Church Street in Egmore,Street Lighting,8
Illegal parking is causing traffic jams on Park Avenue,Traffic,9
Waterlogging occurs on Park Avenue during rains,Road Maintenance,7
School in T Nagar lacks proper toilet facilities,Education,1
Illegal parking is causing traffic jams on South Street,Traffic,9
No waste collection service provided in Mylapore colony,Waste Management,10
Street light flickers continuously on North Street,Street Lighting,8
Water body near the panchayat office area is being polluted by industrial waste,Environment,3
School building near Nehru Street needs urgent repair,Education,1
School in Ambattur lacks proper toilet facilities,Education,1
Textbooks not distributed on time in the panchayat office area schools,Education,1
Ambulance service is delayed in the panchayat office area,Health,4
Frequent power cuts are occurring in the panchayat office area,Electricity,2
Waterlogging occurs on Bazaar Street during rains,Road Maintenance,7
Overcrowded classrooms reported in Nungambakkam government school,Education,1
Frequent traffic congestion on Temple Street during peak hours,Traffic,9
Water body near Kodambakkam is being polluted by industrial waste,Environment,3
Bus frequency has reduced drastically on the main market road route,Public Transport,6
Speed breakers are missing near the school on School Lane,Road Maintenance,7
Vaccination camp was cancelled without notice in Egmore,Health,4
Government hospital near Station Road lacks basic medicines,Health,4
Illegal tree cutting is happening near Park Avenue in Sector 5,Environment,3
No security personnel at the public park in near the temple,Public Safety,5
Illegal dumping of waste is happening near Temple Street,Waste Management,10
Waterlogging occurs on Nehru Street during rains,Road Maintenance,7
Illegal dumping of waste is happening near Ring Road,Waste Management,10
Dead animal left uncollected on MG Road in Ward 12,Waste Management,10
Traffic signal timing is too short at Bypass Road,Traffic,9
Burning of waste is causing smoke in Phase 2,Environment,3
Burning of waste is causing smoke in Sector 5,Environment,3
Bribe was demanded for issuing a building permit in near the temple,Corruption,0
Primary health center in the old bus stand area is understaffed,Health,4
Borewell in T Nagar has run dry,Water Supply,11
Contaminated water is being supplied in Kolathur,Water Supply,11
Solar street lights installed in the housing board colony are non functional,Street Lighting,8
Garbage collection truck has not come to Pallavaram for 4 days,Waste Management,10
No waste collection service provided in Mylapore colony,Waste Management,10
Teacher is absent regularly at the the old bus stand area government school,Education,1
Frequent traffic congestion on Bypass Road during peak hours,Traffic,9
Zebra crossing markings have faded on Market Road,Traffic,9
"Low water pressure reported near Nehru Street, Kodambakkam",Water Supply,11
There is no drinking water in Porur for the past 2 days,Water Supply,11
Ambulance service is delayed in Block C,Health,4
Segregated waste is being mixed by collection staff in Anna Nagar,Waste Management,10
Stray dogs are attacking residents in Porur,Public Safety,5
Voltage fluctuation is damaging appliances in the main market road,Electricity,2
Bus frequency has reduced drastically on the housing board colony route,Public Transport,6
Deep pit left uncovered near Station Road in Velachery,Public Safety,5
10 street lights have been off for weeks near Ring Road,Street Lighting,8
Bus frequency has reduced drastically on Ambattur route,Public Transport,6
Bus stop shelter near Nehru Street is damaged,Public Transport,6
Hospital in Porur has no doctors available,Health,4
Garbage collection truck has not come to near the temple for 8 days,Waste Management,10
Abandoned building near School Lane is unsafe for children,Public Safety,5
Newly laid road on Temple Street is already damaged,Road Maintenance,7
No waste collection service provided in Saidapet colony,Waste Management,10
Hospital in Porur has no doctors available,Health,4
Unsafe construction site near Bazaar Street lacks barricades,Public Safety,5
"Street lights remain on during daytime in Pallavaram, wasting power",Street Lighting,8
A clerk asked for extra money to process ration card in the old bus stand area,Corruption,0
Transformer near Station Road in Anna Nagar is not working,Electricity,2
Air pollution levels are high near the factory in Pallavaram,Environment,3
Broken compound wall near Station Road is a safety hazard,Public Safety,5
Dumping ground near Kodambakkam is causing bad odor,Waste Management,10
Road near Nehru Street has not been repaired after monsoon,Road Maintenance,7
Power supply tripped and not restored for 4 hours in Porur,Electricity,2
Speed breakers are missing near the school on Bazaar Street,Road Maintenance,7
Streetside electric meter is sparking in Alwarpet,Electricity,2
Broken compound wall near MG Road is a safety hazard,Public Safety,5
Official at the Saidapet office is demanding money for a certificate,Corruption,0
Overcrowded buses are running on the Velachery route,Public Transport,6
No science teacher appointed at Kolathur school for 11 months,Education,1
No water connection provided despite application in Block C,Water Supply,11
Ambulance service is delayed in the main market road,Health,4
Transformer near Station Road in the housing board colony is not working,Electricity,2
Someone demanded a bribe for approval of a document in the industrial estate,Corruption,0
Traffic signal timing is too short at Gandhi Street,Traffic,9
Street light flickers continuously on Market Road,Street Lighting,8
Unsafe construction site near Gandhi Street lacks barricades,Public Safety,5
Government hospital near Market Road lacks basic medicines,Health,4
Plastic waste dumped near the water body in Phase 2,Environment,3
Speed breakers are missing near the school on Gandhi Street,Road Maintenance,7
Deep pit left uncovered near Bazaar Street in Porur,Public Safety,5
9 street lights have been off for weeks near North Street,Street Lighting,8
"Low water pressure reported near Ring Road, Guindy",Water Supply,11
Zebra crossing markings have faded on Park Avenue,Traffic,9
Bus service is irregular on the Guindy route,Public Transport,6
7 street lights have been off for weeks near Church Street,Street Lighting,8
Corruption reported in distribution of government scheme benefits in Royapettah,Corruption,0
Deep pit left uncovered near MG Road in the housing board colony,Public Safety,5
Illegal dumping of waste is happening near Temple Street,Waste Management,10
Mid day meal quality is poor at Ambattur school,Education,1
Textbooks not distributed on time in Kodambakkam schools,Education,1
Auto drivers are refusing to use the meter near Gandhi Street,Public Transport,6
Noise pollution from construction near Bypass Road at night,Environment,3
Waterlogging occurs on Bypass Road during rains,Road Maintenance,7
New electricity connection is delayed in T Nagar,Electricity,2
Traffic signal timing is too short at Market Road,Traffic,9
Frequent traffic congestion on Nehru Street during peak hours,Traffic,9
Borewell in Porur has run dry,Water Supply,11
Long waiting times reported at Kodambakkam government hospital,Health,4
Stray dogs are attacking residents in Porur,Public Safety,5
Water tanker did not arrive in Perambur as scheduled,Water Supply,11
A government official is taking bribes for water connection approvals in Tambaram,Corruption,0
Illegal sand mining reported near Mylapore,Environment,3
Someone demanded a bribe for approval of a document in Royapettah,Corruption,0
Road divider near Park Avenue is broken,Road Maintenance,7
Long waiting times reported at Vadapalani government hospital,Health,4
An officer at the counter asked for extra money to process ration card in Ward 12,Corruption,0
Teacher is absent regularly at the the railway station road government school,Education,1
Public dustbin near MG Road is broken and overflowing,Waste Management,10
Abandoned building near Bypass Road is unsafe for children,Public Safety,5
Last bus timing has been cancelled for the industrial estate,Public Transport,6
Plastic waste dumped near the water body in Velachery,Environment,3
Garbage is overflowing near Market Road in Alwarpet,Waste Management,10
Segregated waste is being mixed by collection staff in near the temple,Waste Management,10
Streetside electric meter is sparking in Guindy,Electricity,2
No science teacher appointed at T Nagar school for 4 months,Education,1
"No footpath available on Church Street, pedestrians face danger",Road Maintenance,7
Teacher is absent regularly at the Sector 5 government school,Education,1
Hospital in Velachery lacks cleanliness and hygiene,Health,4
Zebra crossing markings have faded on Ring Road,Traffic,9
No specialist doctor visits the the industrial estate health center,Health,4
Hospital in Vadapalani lacks cleanliness and hygiene,Health,4
Bribe was demanded for issuing a building permit in Ambattur,Corruption,0
Last bus timing has been cancelled for the industrial estate,Public Transport,6
School building near Nehru Street needs urgent repair,Education,1
Construction debris left on Bazaar Street blocking traffic,Road Maintenance,7
Unsafe construction site near Station Road lacks barricades,Public Safety,5
Street light wiring is exposed and dangerous in Kolathur,Street Lighting,8
Garbage collection truck has not come to Vadapalani for 2 days,Waste Management,10
"No footpath available on Market Road, pedestrians face danger",Road Maintenance,7
Bus conductor misbehaved with passengers on Pallavaram route,Public Transport,6
School building near Main Road needs urgent repair,Education,1
Official at the Alwarpet office is demanding money for a certificate,Corruption,0
Illegal dumping of waste is happening near Church Street,Waste Management,10
There is no drinking water in near the temple for the past 15 days,Water Supply,11
Overcrowded buses are running on the the government school area route,Public Transport,6
Corruption reported in distribution of government scheme benefits in the government school area,Corruption,0
No science teacher appointed at Pallavaram school for 12 months,Education,1
Encroachment on the lake near Block C is destroying wetlands,Environment,3
Electricity is unavailable in Velachery for the past 4 days,Electricity,2
"New street light pole is needed on Nehru Street, Kolathur",Street Lighting,8
No science teacher appointed at Velachery school for 5 months,Education,1
"Traffic signal is damaged at School Lane junction, Kolathur",Traffic,9
No science teacher appointed at Sector 5 school for 2 months,Education,1
Illegal sand mining reported near the railway station road,Environment,3
Waterlogging occurs on Ring Road during rains,Road Maintenance,7
Billing error in electricity charges for Royapettah residents,Electricity,2
Broken compound wall near Bypass Road is a safety hazard,Public Safety,5
Overcrowded classrooms reported in the old bus stand area government school,Education,1
Overcrowded buses are running on the T Nagar route,Public Transport,6
Teacher is absent regularly at the Kodambakkam government school,Education,1
No science teacher appointed at Egmore school for 2 months,Education,1
Newly laid road on Bazaar Street is already damaged,Road Maintenance,7
A government official is taking bribes for water connection approvals in the industrial estate,Corruption,0
Overcrowded classrooms reported in Adyar government school,Education,1
Power supply tripped and not restored for 12 hours in Sector 5,Electricity,2
Speed breakers are missing near the school on Gandhi Street,Road Maintenance,7
Corruption reported in distribution of government scheme benefits in Perambur,Corruption,0
School building near Nehru Street needs urgent repair,Education,1
Mid day meal quality is poor at the railway station road school,Education,1
"New street light pole is needed on Market Road, Saidapet",Street Lighting,8
Frequent traffic congestion on School Lane during peak hours,Traffic,9
A municipal worker asked for extra money to process ration card in Chromepet,Corruption,0
Stray dogs are attacking residents in the industrial estate,Public Safety,5
Corruption reported in distribution of government scheme benefits in Egmore,Corruption,0
No waste collection service provided in the main market road colony,Waste Management,10
Road divider near Main Road is broken,Road Maintenance,7
9 street lights have been off for weeks near Gandhi Street,Street Lighting,8
Street light wiring is exposed and dangerous in Chromepet,Street Lighting,8
Bus conductor misbehaved with passengers on the railway station road route,Public Transport,6
Exposed wires near School Lane pose a danger to residents,Electricity,2
Stray dogs are attacking residents in Phase 2,Public Safety,5
No water connection provided despite application in T Nagar,Water Supply,11
"No footpath available on Bazaar Street, pedestrians face danger",Road Maintenance,7
Air pollution levels are high near the factory in Chromepet,Environment,3
Abandoned building near South Street is unsafe for children,Public Safety,5
Someone demanded a bribe for approval of a document in Porur,Corruption,0
Zebra crossing markings have faded on Market Road,Traffic,9
Open manhole causing danger on Market Road in Chromepet,Public Safety,5
No bus service available to Phase 2 after 8 pm,Public Transport,6
Air pollution levels are high near the factory in Sector 5,Environment,3
Overcrowded buses are running on the the railway station road route,Public Transport,6
Electricity is unavailable in Phase 2 for the past 13 days,Electricity,2
Noise pollution from construction near Bypass Road at night,Environment,3
School building near Main Road needs urgent repair,Education,1
Last bus timing has been cancelled for near the temple,Public Transport,6
Frequent traffic congestion on Gandhi Street during peak hours,Traffic,9
Contaminated water is being supplied in Kolathur,Water Supply,11
Government hospital near School Lane lacks basic medicines,Health,4
Water body near Block C is being polluted by industrial waste,Environment,3
"Traffic signal is damaged at Ring Road junction, Phase 2",Traffic,9
School in Egmore lacks proper toilet facilities,Education,1
"Traffic signal is damaged at Nehru Street junction, the railway station road",Traffic,9
Deep pit left uncovered near Station Road in Tambaram,Public Safety,5
School lacks drinking water facility in the old bus stand area,Education,1
"No footpath available on Church Street, pedestrians face danger",Road Maintenance,7
Stray dogs are attacking residents in T Nagar,Public Safety,5
Borewell in near the temple has run dry,Water Supply,11
Signboards are missing at the Bypass Road intersection,Traffic,9
Traffic signal timing is too short at Market Road,Traffic,9
No security personnel at the public park in Perambur,Public Safety,5
Bus service is irregular on the Saidapet route,Public Transport,6
Transformer near Church Street in the railway station road is not working,Electricity,2
Road near Church Street has not been repaired after monsoon,Road Maintenance,7
A municipal worker asked for extra money to process ration card in Velachery,Corruption,0
Road near Main Road has not been repaired after monsoon,Road Maintenance,7
Air pollution levels are high near the factory in Block C,Environment,3
Illegal parking is causing traffic jams on Park Avenue,Traffic,9
No waste collection service provided in Kodambakkam colony,Waste Management,10
Huge potholes on MG Road in Ward 12,Road Maintenance,7
Deep pit left uncovered near School Lane in Porur,Public Safety,5
Bus service is irregular on the Porur route,Public Transport,6
Dark stretch on School Lane due to broken street lights,Street Lighting,8
Burning of waste is causing smoke in Velachery,Environment,3
Dark stretch on School Lane due to broken street lights,Street Lighting,8
Deep pit left uncovered near Bypass Road in Vadapalani,Public Safety,5
Corruption reported in distribution of government scheme benefits in Kolathur,Corruption,0
Long waiting times reported at near the temple government hospital,Health,4
Live wire lying on Temple Street poses electrocution risk,Public Safety,5
Newly laid road on Ring Road is already damaged,Road Maintenance,7
Speed breakers are missing near the school on Nehru Street,Road Maintenance,7
Illegal tree cutting is happening near MG Road in Ambattur,Environment,3
Illegal dumping of waste is happening near North Street,Waste Management,10
Encroachment on the lake near Ambattur is destroying wetlands,Environment,3
Leaking pipeline is wasting water on Church Street,Water Supply,11
Waterlogging occurs on Market Road during rains,Road Maintenance,7
No science teacher appointed at T Nagar school for 7 months,Education,1
Long waiting times reported at Mylapore government hospital,Health,4
"New street light pole is needed on Church Street, Egmore",Street Lighting,8
A municipal worker asked for extra money to process ration card in Block C,Corruption,0
Someone demanded a bribe for approval of a document in Block C,Corruption,0
"No footpath available on Bypass Road, pedestrians face danger",Road Maintenance,7
There is no drinking water in Block C for the past 9 days,Water Supply,11
Open manhole causing danger on Market Road in the main market road,Public Safety,5
No waste collection service provided in the main market road colony,Waste Management,10
Garbage collection truck has not come to Kodambakkam for 5 days,Waste Management,10
Vaccination camp was cancelled without notice in Kolathur,Health,4
Live wire lying on Main Road poses electrocution risk,Public Safety,5
Air pollution levels are high near the factory in Kolathur,Environment,3
Primary health center in the panchayat office area is understaffed,Health,4
No security personnel at the public park in Saidapet,Public Safety,5
Illegal dumping of waste is happening near Bazaar Street,Waste Management,10
Unsafe construction site near North Street lacks barricades,Public Safety,5
Plastic waste dumped near the water body in Kolathur,Environment,3
Streetside electric meter is sparking in Kodambakkam,Electricity,2
Overcrowded classrooms reported in Adyar government school,Education,1
Voltage fluctuation is damaging appliances in Perambur,Electricity,2
No traffic police present at busy junction near Main Road,Traffic,9
Dead animal left uncollected on South Street in T Nagar,Waste Management,10
Noise pollution from construction near Nehru Street at night,Environment,3
Bribe was demanded for issuing a building permit in T Nagar,Corruption,0
Overcrowded buses are running on the Tambaram route,Public Transport,6
Noise pollution from construction near Market Road at night,Environment,3
A municipal worker asked for extra money to process ration card in Mylapore,Corruption,0
Dead animal left uncollected on Park Avenue in the main market road,Waste Management,10
Auto drivers are refusing to use the meter near Bazaar Street,Public Transport,6
"Traffic signal is damaged at Station Road junction, Ward 12",Traffic,9
Road near Ring Road has not been repaired after monsoon,Road Maintenance,7
Hospital in Egmore lacks cleanliness and hygiene,Health,4
School lacks drinking water facility in Porur,Education,1
Broken compound wall near Main Road is a safety hazard,Public Safety,5
Electricity is unavailable in Pallavaram for the past 3 days,Electricity,2
Stray dogs are attacking residents in Kolathur,Public Safety,5
There is no drinking water in Velachery for the past 8 days,Water Supply,11
Unsafe construction site near Station Road lacks barricades,Public Safety,5
Electric pole near Temple Street is leaning dangerously,Electricity,2
Huge potholes on MG Road in the panchayat office area,Road Maintenance,7
Solar street lights installed in Tambaram are non functional,Street Lighting,8
Textbooks not distributed on time in Pallavaram schools,Education,1
Mid day meal quality is poor at Ambattur school,Education,1
Contaminated water is being supplied in Porur,Water Supply,11
Abandoned building near School Lane is unsafe for children,Public Safety,5
Illegal parking is causing traffic jams on South Street,Traffic,9
Illegal parking is causing traffic jams on North Street,Traffic,9
Dead animal left uncollected on South Street in the old bus stand area,Waste Management,10
Primary health center in near the temple is understaffed,Health,4
A municipal worker is taking bribes for water connection approvals in Vadapalani,Corruption,0
Streetside electric meter is sparking in Saidapet,Electricity,2
Government hospital near Station Road lacks basic medicines,Health,4
Illegal parking is causing traffic jams on Nehru Street,Traffic,9
Overcrowded buses are running on the Guindy route,Public Transport,6
Traffic signal timing is too short at Bypass Road,Traffic,9
Garbage collection truck has not come to Anna Nagar for 14 days,Waste Management,10
Noise pollution from construction near Nehru Street at night,Environment,3
Electric pole near Station Road is leaning dangerously,Electricity,2
Garbage collection truck has not come to Tambaram for 15 days,Waste Management,10
Corruption reported in distribution of government scheme benefits in Guindy,Corruption,0
Water pipe burst near School Lane in Perambur,Water Supply,11
"New street light pole is needed on Gandhi Street, Block C",Street Lighting,8
Air pollution levels are high near the factory in Anna Nagar,Environment,3
Corruption reported in distribution of government scheme benefits in Ward 12,Corruption,0
Overcrowded classrooms reported in Kolathur government school,Education,1
Unsafe construction site near Temple Street lacks barricades,Public Safety,5
Bribe was demanded for issuing a building permit in the main market road,Corruption,0
"New street light pole is needed on Nehru Street, Porur",Street Lighting,8
Streetside electric meter is sparking in the panchayat office area,Electricity,2
Solar street lights installed in Kodambakkam are non functional,Street Lighting,8
Stray dogs are attacking residents in Adyar,Public Safety,5
Illegal sand mining reported near Kodambakkam,Environment,3
Water tanker did not arrive in the industrial estate as scheduled,Water Supply,11
School building near Main Road needs urgent repair,Education,1
"Street lights remain on during daytime in Kodambakkam, wasting power",Street Lighting,8
No science teacher appointed at Guindy school for 7 months,Education,1
A government official is taking bribes for water connection approvals in Saidapet,Corruption,0
Water tanker did not arrive in T Nagar as scheduled,Water Supply,11
Money was demanded for processing a pension application in Porur,Corruption,0
Money was demanded for processing a pension application in Kodambakkam,Corruption,0
No security personnel at the public park in Porur,Public Safety,5
Plastic waste dumped near the water body in Nungambakkam,Environment,3
Dumping ground near Guindy is causing bad odor,Waste Management,10
Signboards are missing at the Station Road intersection,Traffic,9
No security personnel at the public park in the old bus stand area,Public Safety,5
Street light flickers continuously on South Street,Street Lighting,8
"Traffic signal is damaged at Station Road junction, the industrial estate",Traffic,9
Auto drivers are refusing to use the meter near Park Avenue,Public Transport,6
Overcrowded classrooms reported in the old bus stand area government school,Education,1
Bribe was demanded for issuing a building permit in Ward 12,Corruption,0
Exposed wires near Bypass Road pose a danger to residents,Electricity,2
Illegal tree cutting is happening near School Lane in Chromepet,Environment,3
Burning of waste is causing smoke in Perambur,Environment,3
Noise pollution from construction near North Street at night,Environment,3
Bus frequency has reduced drastically on Pallavaram route,Public Transport,6
Illegal sand mining reported near Porur,Environment,3
Bus service is irregular on the Phase 2 route,Public Transport,6
No science teacher appointed at Anna Nagar school for 6 months,Education,1
No waste collection service provided in Mylapore colony,Waste Management,10
Encroachment on the lake near Nungambakkam is destroying wetlands,Environment,3
Overcrowded classrooms reported in Kodambakkam government school,Education,1
Newly laid road on Ring Road is already damaged,Road Maintenance,7
Ambulance service is delayed in near the temple,Health,4
Stray dogs are attacking residents in Kolathur,Public Safety,5
Dumping ground near Egmore is causing bad odor,Waste Management,10
Segregated waste is being mixed by collection staff in Kolathur,Waste Management,10
Deep pit left uncovered near Park Avenue in Adyar,Public Safety,5
A government official asked for extra money to process ration card in Kolathur,Corruption,0
Public dustbin near South Street is broken and overflowing,Waste Management,10
Bribe was demanded for issuing a building permit in Saidapet,Corruption,0
Public dustbin near Church Street is broken and overflowing,Waste Management,10
No science teacher appointed at the government school area school for 10 months,Education,1
A middleman asked for extra money to process ration card in the government school area,Corruption,0
Overcrowded classrooms reported in Phase 2 government school,Education,1
Bus service is irregular on the Royapettah route,Public Transport,6
A middleman is taking bribes for water connection approvals in Chromepet,Corruption,0
Stray dogs are attacking residents in Ward 12,Public Safety,5
Huge potholes on Nehru Street in Vadapalani,Road Maintenance,7
Speed breakers are missing near the school on Gandhi Street,Road Maintenance,7
Contaminated water is being supplied in the industrial estate,Water Supply,11
Street light flickers continuously on Bazaar Street,Street Lighting,8
No water connection provided despite application in the railway station road,Water Supply,11
Voltage fluctuation is damaging appliances in the old bus stand area,Electricity,2
Huge potholes on South Street in Royapettah,Road Maintenance,7
Exposed wires near Park Avenue pose a danger to residents,Electricity,2
School in Kolathur lacks proper toilet facilities,Education,1
Abandoned building near Bypass Road is unsafe for children,Public Safety,5
Bus stop shelter near Nehru Street is damaged,Public Transport,6
Stray dogs are attacking residents in Alwarpet,Public Safety,5
No traffic police present at busy junction near Main Road,Traffic,9
Dumping ground near Adyar is causing bad odor,Waste Management,10
Frequent power cuts are occurring in T Nagar,Electricity,2
Speed breakers are missing near the school on Station Road,Road Maintenance,7
Hospital in Royapettah has no doctors available,Health,4
Frequent traffic congestion on Gandhi Street during peak hours,Traffic,9
Official at the Velachery office is demanding money for a certificate,Corruption,0
Billing error in electricity charges for Anna Nagar residents,Electricity,2
Dumping ground near Guindy is causing bad odor,Waste Management,10
Electricity is unavailable in Alwarpet for the past 4 days,Electricity,2
Voltage fluctuation is damaging appliances in Kodambakkam,Electricity,2
Hospital in Ward 12 has no doctors available,Health,4
Auto drivers are refusing to use the meter near Ring Road,Public Transport,6
Corruption reported in distribution of government scheme benefits in Kolathur,Corruption,0
No security personnel at the public park in the industrial estate,Public Safety,5
Exposed wires near Nehru Street pose a danger to residents,Electricity,2
Bribe was demanded for issuing a building permit in Adyar,Corruption,0
Electricity is unavailable in Ambattur for the past 4 days,Electricity,2
A local shopkeeper is taking bribes for water connection approvals in Royapettah,Corruption,0
Waterlogging occurs on Nehru Street during rains,Road Maintenance,7
Hospital in Porur lacks cleanliness and hygiene,Health,4
Illegal sand mining reported near Porur,Environment,3
Plastic waste dumped near the water body in Anna Nagar,Environment,3
Long waiting times reported at the main market road government hospital,Health,4
No bus service available to Sector 5 after 8 pm,Public Transport,6
Street light flickers continuously on Church Street,Street Lighting,8
Burning of waste is causing smoke in Mylapore,Environment,3
Dark stretch on Main Road due to broken street lights,Street Lighting,8
School lacks drinking water facility in the panchayat office area,Education,1
Teacher is absent regularly at the Ambattur government school,Education,1
Ambulance service is delayed in Ambattur,Health,4
No science teacher appointed at the panchayat office area school for 6 months,Education,1
Overhead tank in Anna Nagar has not been cleaned in months,Water Supply,11
Textbooks not distributed on time in Sector 5 schools,Education,1
Hospital in Velachery lacks cleanliness and hygiene,Health,4
Frequent power cuts are occurring in the old bus stand area,Electricity,2
Leaking pipeline is wasting water on Park Avenue,Water Supply,11
Traffic signal timing is too short at Bypass Road,Traffic,9
Overcrowded buses are running on the the government school area route,Public Transport,6
School in Guindy lacks proper toilet facilities,Education,1
Dead animal left uncollected on Temple Street in Saidapet,Waste Management,10
No specialist doctor visits the Sector 5 health center,Health,4
Hospital in Royapettah has no doctors available,Health,4
No security personnel at the public park in Chromepet,Public Safety,5
Leaking pipeline is wasting water on MG Road,Water Supply,11
School building near Church Street needs urgent repair,Education,1
Water tanker did not arrive in Ward 12 as scheduled,Water Supply,11
"No signal at the school crossing near Gandhi Street, Mylapore",Traffic,9
"Street lights remain on during daytime in the housing board colony, wasting power",Street Lighting,8
Government hospital near School Lane lacks basic medicines,Health,4
Garbage collection truck has not come to near the temple for 11 days,Waste Management,10
Street light flickers continuously on Ring Road,Street Lighting,8
"No signal at the school crossing near Bazaar Street, Anna Nagar",Traffic,9
No security personnel at the public park in the housing board colony,Public Safety,5
Dead animal left uncollected on School Lane in Kodambakkam,Waste Management,10
Noise pollution from construction near Nehru Street at night,Environment,3
Illegal sand mining reported near the railway station road,Environment,3
Zebra crossing markings have faded on South Street,Traffic,9
Water body near Vadapalani is being polluted by industrial waste,Environment,3
Segregated waste is being mixed by collection staff in the panchayat office area,Waste Management,10
Water tanker did not arrive in the industrial estate as scheduled,Water Supply,11
Bribe was demanded for issuing a building permit in Royapettah,Corruption,0
Huge potholes on MG Road in the government school area,Road Maintenance,7
Illegal dumping of waste is happening near Bazaar Street,Waste Management,10
Open manhole causing danger on MG Road in Chromepet,Public Safety,5
Billing error in electricity charges for Porur residents,Electricity,2
Traffic signal timing is too short at Gandhi Street,Traffic,9
Primary health center in Adyar is understaffed,Health,4
Traffic signal timing is too short at Bypass Road,Traffic,9
Long waiting times reported at Pallavaram government hospital,Health,4
Stray dogs are attacking residents in the main market road,Public Safety,5
Illegal parking is causing traffic jams on MG Road,Traffic,9
Last bus timing has been cancelled for the railway station road,Public Transport,6
School lacks drinking water facility in Kodambakkam,Education,1
Bus frequency has reduced drastically on Velachery route,Public Transport,6
Leaking pipeline is wasting water on Gandhi Street,Water Supply,11
Water body near the industrial estate is being polluted by industrial waste,Environment,3
Streetside electric meter is sparking in the government school area,Electricity,2
Overcrowded buses are running on the Anna Nagar route,Public Transport,6
Official at the Perambur office is demanding money for a certificate,Corruption,0
Textbooks not distributed on time in Block C schools,Education,1
Water pipe burst near Bypass Road in Egmore,Water Supply,11
Water body near Nungambakkam is being polluted by industrial waste,Environment,3
Last bus timing has been cancelled for Perambur,Public Transport,6
Dark stretch on Main Road due to broken street lights,Street Lighting,8
Air pollution levels are high near the factory in the old bus stand area,Environment,3
Transformer near Bazaar Street in near the temple is not working,Electricity,2
Illegal parking is causing traffic jams on Market Road,Traffic,9
Transformer near Main Road in the railway station road is not working,Electricity,2
Textbooks not distributed on time in Porur schools,Education,1
"New street light pole is needed on Nehru Street, the main market road",Street Lighting,8
"New street light pole is needed on North Street, the railway station road",Street Lighting,8
"No signal at the school crossing near Ring Road, Royapettah",Traffic,9
Air pollution levels are high near the factory in T Nagar,Environment,3
Street light wiring is exposed and dangerous in the panchayat office area,Street Lighting,8
Signboards are missing at the Bypass Road intersection,Traffic,9
Overcrowded buses are running on the Ambattur route,Public Transport,6
Bribe was demanded for issuing a building permit in Anna Nagar,Corruption,0
Dead animal left uncollected on North Street in the main market road,Waste Management,10
Overcrowded classrooms reported in near the temple government school,Education,1
Hospital in Block C lacks cleanliness and hygiene,Health,4
Construction debris left on Temple Street blocking traffic,Road Maintenance,7
No water connection provided despite application in Anna Nagar,Water Supply,11
Streetside electric meter is sparking in Nungambakkam,Electricity,2
Street light flickers continuously on Church Street,Street Lighting,8
No waste collection service provided in Vadapalani colony,Waste Management,10
Electric pole near Gandhi Street is leaning dangerously,Electricity,2
Overhead tank in Kolathur has not been cleaned in months,Water Supply,11
Road near Church Street has not been repaired after monsoon,Road Maintenance,7
Segregated waste is being mixed by collection staff in Porur,Waste Management,10
Someone demanded a bribe for approval of a document in Adyar,Corruption,0
6 street lights have been off for weeks near Nehru Street,Street Lighting,8
School lacks drinking water facility in the industrial estate,Education,1
"Traffic signal is damaged at Temple Street junction, Velachery",Traffic,9
Road near Gandhi Street has not been repaired after monsoon,Road Maintenance,7
Speed breakers are missing near the school on Temple Street,Road Maintenance,7
Overhead tank in the panchayat office area has not been cleaned in months,Water Supply,11
Noise pollution from construction near Market Road at night,Environment,3
Electricity is unavailable in the housing board colony for the past 11 days,Electricity,2
Bus conductor misbehaved with passengers on the old bus stand area route,Public Transport,6
Bus stop shelter near Nehru Street is damaged,Public Transport,6
School building near Bypass Road needs urgent repair,Education,1
Plastic waste dumped near the water body in Kolathur,Environment,3
Public dustbin near School Lane is broken and overflowing,Waste Management,10
Official at the Ambattur office is demanding money for a certificate,Corruption,0
No security personnel at the public park in Vadapalani,Public Safety,5
Road near South Street has not been repaired after monsoon,Road Maintenance,7
"No signal at the school crossing near Market Road, Mylapore",Traffic,9
Illegal tree cutting is happening near Gandhi Street in the railway station road,Environment,3
Overcrowded buses are running on the Perambur route,Public Transport,6
No specialist doctor visits the Anna Nagar health center,Health,4
Ambulance service is delayed in Adyar,Health,4
Hospital in Vadapalani has no doctors available,Health,4
Segregated waste is being mixed by collection staff in Kolathur,Waste Management,10
Leaking pipeline is wasting water on Temple Street,Water Supply,11
Road divider near MG Road is broken,Road Maintenance,7
Water body near Saidapet is being polluted by industrial waste,Environment,3
Official at the the main market road office is demanding money for a certificate,Corruption,0
Teacher is absent regularly at the Block C government school,Education,1
Transformer near Main Road in the housing board colony is not working,Electricity,2
Public dustbin near School Lane is broken and overflowing,Waste Management,10
Open manhole causing danger on Bypass Road in the main market road,Public Safety,5
Air pollution levels are high near the factory in Alwarpet,Environment,3
Signboards are missing at the South Street intersection,Traffic,9
School in near the temple lacks proper toilet facilities,Education,1
Textbooks not distributed on time in the railway station road schools,Education,1
Contaminated water is being supplied in Mylapore,Water Supply,11
"No signal at the school crossing near Market Road, Ambattur",Traffic,9
Encroachment on the lake near Nungambakkam is destroying wetlands,Environment,3
Road near Bazaar Street has not been repaired after monsoon,Road Maintenance,7
Construction debris left on School Lane blocking traffic,Road Maintenance,7
Hospital in Kolathur has no doctors available,Health,4
Water supply has been irregular in Pallavaram for 4 weeks,Water Supply,11
Dumping ground near near the temple is causing bad odor,Waste Management,10
Borewell in Adyar has run dry,Water Supply,11
Bus frequency has reduced drastically on Saidapet route,Public Transport,6
Abandoned building near Bazaar Street is unsafe for children,Public Safety,5
Streetside electric meter is sparking in the government school area,Electricity,2
Leaking pipeline is wasting water on Gandhi Street,Water Supply,11
Bus service is irregular on the Kodambakkam route,Public Transport,6
Official at the Anna Nagar office is demanding money for a certificate,Corruption,0
Water tanker did not arrive in the housing board colony as scheduled,Water Supply,11
Water pipe burst near Main Road in the industrial estate,Water Supply,11
No specialist doctor visits the Kodambakkam health center,Health,4
Dark stretch on School Lane due to broken street lights,Street Lighting,8
Deep pit left uncovered near Station Road in Vadapalani,Public Safety,5
Speed breakers are missing near the school on Market Road,Road Maintenance,7
Burning of waste is causing smoke in Phase 2,Environment,3
School in Anna Nagar lacks proper toilet facilities,Education,1
Hospital in Nungambakkam lacks cleanliness and hygiene,Health,4
Water body near Porur is being polluted by industrial waste,Environment,3
Electricity is unavailable in Velachery for the past 7 days,Electricity,2
"No footpath available on Market Road, pedestrians face danger",Road Maintenance,7
No water connection provided despite application in Egmore,Water Supply,11
No specialist doctor visits the T Nagar health center,Health,4
No water connection provided despite application in the government school area,Water Supply,11
Waterlogging occurs on Bypass Road during rains,Road Maintenance,7
Street light flickers continuously on Gandhi Street,Street Lighting,8
Stray dogs are attacking residents in Saidapet,Public Safety,5
Illegal dumping of waste is happening near Bypass Road,Waste Management,10
Road divider near Church Street is broken,Road Maintenance,7
Corruption reported in distribution of government scheme benefits in the industrial estate,Corruption,0
Garbage collection truck has not come to Kolathur for 8 days,Waste Management,10
Street light wiring is exposed and dangerous in Block C,Street Lighting,8
Solar street lights installed in the main market road are non functional,Street Lighting,8
Waterlogging occurs on North Street during rains,Road Maintenance,7
Corruption reported in distribution of government scheme benefits in Guindy,Corruption,0
Illegal dumping of waste is happening near Market Road,Waste Management,10
Overcrowded classrooms reported in Phase 2 government school,Education,1
Dumping ground near the industrial estate is causing bad odor,Waste Management,10
No water connection provided despite application in the housing board colony,Water Supply,11
Leaking pipeline is wasting water on Station Road,Water Supply,11
Unsafe construction site near Church Street lacks barricades,Public Safety,5
"New street light pole is needed on Church Street, Kodambakkam",Street Lighting,8
No science teacher appointed at Mylapore school for 3 months,Education,1
Transformer near Bypass Road in Kodambakkam is not working,Electricity,2
Textbooks not distributed on time in the housing board colony schools,Education,1
Street light wiring is exposed and dangerous in Nungambakkam,Street Lighting,8
Dark stretch on Gandhi Street due to broken street lights,Street Lighting,8
Illegal dumping of waste is happening near North Street,Waste Management,10
Road near Nehru Street has not been repaired after monsoon,Road Maintenance,7
Illegal tree cutting is happening near South Street in Kolathur,Environment,3
Frequent power cuts are occurring in Adyar,Electricity,2
Garbage is overflowing near Church Street in the government school area,Waste Management,10
Huge potholes on South Street in Nungambakkam,Road Maintenance,7
"New street light pole is needed on Market Road, Royapettah",Street Lighting,8
Overcrowded classrooms reported in Ambattur government school,Education,1
Abandoned building near Park Avenue is unsafe for children,Public Safety,5
Illegal tree cutting is happening near Market Road in Vadapalani,Environment,3
Deep pit left uncovered near MG Road in Kodambakkam,Public Safety,5
Abandoned building near Main Road is unsafe for children,Public Safety,5
Water pipe burst near School Lane in Nungambakkam,Water Supply,11
Overhead tank in Pallavaram has not been cleaned in months,Water Supply,11
School building near School Lane needs urgent repair,Education,1
Ambulance service is delayed in T Nagar,Health,4
A middleman asked for extra money to process ration card in Porur,Corruption,0
Encroachment on the lake near Guindy is destroying wetlands,Environment,3
Deep pit left uncovered near School Lane in near the temple,Public Safety,5
Burning of waste is causing smoke in Block C,Environment,3
Overcrowded buses are running on the the railway station road route,Public Transport,6
A local shopkeeper asked for extra money to process ration card in the old bus stand area,Corruption,0
Primary health center in the panchayat office area is understaffed,Health,4
Signboards are missing at the North Street intersection,Traffic,9
Segregated waste is being mixed by collection staff in Perambur,Waste Management,10
Plastic waste dumped near the water body in the housing board colony,Environment,3
Dark stretch on Church Street due to broken street lights,Street Lighting,8
Teacher is absent regularly at the Perambur government school,Education,1
Auto drivers are refusing to use the meter near Main Road,Public Transport,6
No science teacher appointed at the housing board colony school for 11 months,Education,1
Ambulance service is delayed in Phase 2,Health,4
Speed breakers are missing near the school on School Lane,Road Maintenance,7
Garbage is overflowing near Bypass Road in Alwarpet,Waste Management,10
Encroachment on the lake near the government school area is destroying wetlands,Environment,3
Transformer near MG Road in Mylapore is not working,Electricity,2
Ambulance service is delayed in Guindy,Health,4
No bus service available to the old bus stand area after 8 pm,Public Transport,6
Garbage is overflowing near North Street in Ward 12,Waste Management,10
Newly laid road on Market Road is already damaged,Road Maintenance,7
Official at the Block C office is demanding money for a certificate,Corruption,0
Power supply tripped and not restored for 15 hours in the panchayat office area,Electricity,2
Money was demanded for processing a pension application in near the temple,Corruption,0
"Traffic signal is damaged at Station Road junction, Perambur",Traffic,9
Electricity is unavailable in Royapettah for the past 6 days,Electricity,2
Street light flickers continuously on Temple Street,Street Lighting,8
Illegal tree cutting is happening near Main Road in Kodambakkam,Environment,3
Dead animal left uncollected on North Street in Nungambakkam,Waste Management,10
Last bus timing has been cancelled for Ambattur,Public Transport,6
Road near MG Road has not been repaired after monsoon,Road Maintenance,7
Overcrowded buses are running on the Tambaram route,Public Transport,6
Last bus timing has been cancelled for Kodambakkam,Public Transport,6
"Street lights remain on during daytime in Sector 5, wasting power",Street Lighting,8
Textbooks not distributed on time in the main market road schools,Education,1
"New street light pole is needed on South Street, the railway station road",Street Lighting,8
Noise pollution from construction near Park Avenue at night,Environment,3
Unsafe construction site near Bypass Road lacks barricades,Public Safety,5
Overcrowded classrooms reported in the main market road government school,Education,1
Road near Temple Street has not been repaired after monsoon,Road Maintenance,7
Abandoned building near MG Road is unsafe for children,Public Safety,5
Burning of waste is causing smoke in Perambur,Environment,3
New electricity connection is delayed in T Nagar,Electricity,2
Frequent power cuts are occurring in Anna Nagar,Electricity,2
Unsafe construction site near Ring Road lacks barricades,Public Safety,5
Leaking pipeline is wasting water on Park Avenue,Water Supply,11
Official at the Egmore office is demanding money for a certificate,Corruption,0
Electricity is unavailable in Sector 5 for the past 13 days,Electricity,2
Road near Main Road has not been repaired after monsoon,Road Maintenance,7
Broken compound wall near Bypass Road is a safety hazard,Public Safety,5
Transformer near South Street in the housing board colony is not working,Electricity,2
Overhead tank in Egmore has not been cleaned in months,Water Supply,11
Dumping ground near Pallavaram is causing bad odor,Waste Management,10
Solar street lights installed in Adyar are non functional,Street Lighting,8
"No signal at the school crossing near Nehru Street, near the temple",Traffic,9
Burning of waste is causing smoke in Tambaram,Environment,3
Speed breakers are missing near the school on Market Road,Road Maintenance,7
Electric pole near North Street is leaning dangerously,Electricity,2
Power supply tripped and not restored for 7 hours in Kodambakkam,Electricity,2
Street light flickers continuously on MG Road,Street Lighting,8
"No footpath available on Main Road, pedestrians face danger",Road Maintenance,7
Money was demanded for processing a pension application in Vadapalani,Corruption,0
New electricity connection is delayed in Adyar,Electricity,2
Air pollution levels are high near the factory in Saidapet,Environment,3
Construction debris left on South Street blocking traffic,Road Maintenance,7
Borewell in the main market road has run dry,Water Supply,11
Primary health center in Royapettah is understaffed,Health,4
Street light flickers continuously on Bypass Road,Street Lighting,8
Traffic signal timing is too short at North Street,Traffic,9
School lacks drinking water facility in Royapettah,Education,1
An officer at the counter asked for extra money to process ration card in Alwarpet,Corruption,0
An officer at the counter is taking bribes for water connection approvals in Saidapet,Corruption,0
Plastic waste dumped near the water body in the main market road,Environment,3
"Street lights remain on during daytime in Vadapalani, wasting power",Street Lighting,8
Signboards are missing at the Temple Street intersection,Traffic,9
Hospital in Guindy lacks cleanliness and hygiene,Health,4
Primary health center in Royapettah is understaffed,Health,4
Zebra crossing markings have faded on MG Road,Traffic,9
"No footpath available on School Lane, pedestrians face danger",Road Maintenance,7
Bus service is irregular on the Ward 12 route,Public Transport,6
"Street lights remain on during daytime in the industrial estate, wasting power",Street Lighting,8
Construction debris left on South Street blocking traffic,Road Maintenance,7
Long waiting times reported at the main market road government hospital,Health,4
Open manhole causing danger on School Lane in Ward 12,Public Safety,5
Borewell in the old bus stand area has run dry,Water Supply,11
Burning of waste is causing smoke in the old bus stand area,Environment,3
Corruption reported in distribution of government scheme benefits in Nungambakkam,Corruption,0
Huge potholes on Station Road in Anna Nagar,Road Maintenance,7
Illegal tree cutting is happening near School Lane in T Nagar,Environment,3
Signboards are missing at the Temple Street intersection,Traffic,9
Leaking pipeline is wasting water on North Street,Water Supply,11
Money was demanded for processing a pension application in the main market road,Corruption,0
"No signal at the school crossing near Bypass Road, Kolathur",Traffic,9
Illegal sand mining reported near Nungambakkam,Environment,3
Electric pole near Church Street is leaning dangerously,Electricity,2
Vaccination camp was cancelled without notice in the railway station road,Health,4
"Street lights remain on during daytime in Ward 12, wasting power",Street Lighting,8
Corruption reported in distribution of government scheme benefits in Kolathur,Corruption,0
Dumping ground near Ambattur is causing bad odor,Waste Management,10
Auto drivers are refusing to use the meter near School Lane,Public Transport,6
Contaminated water is being supplied in Alwarpet,Water Supply,11
Ambulance service is delayed in Phase 2,Health,4
Bus stop shelter near MG Road is damaged,Public Transport,6
Dead animal left uncollected on Gandhi Street in Phase 2,Waste Management,10
Illegal sand mining reported near Block C,Environment,3
Plastic waste dumped near the water body in Kolathur,Environment,3
Bus service is irregular on the the railway station road route,Public Transport,6
Water pipe burst near Main Road in Alwarpet,Water Supply,11
Leaking pipeline is wasting water on Park Avenue,Water Supply,11
Contaminated water is being supplied in Vadapalani,Water Supply,11
Solar street lights installed in Alwarpet are non functional,Street Lighting,8
There is no drinking water in Block C for the past 8 days,Water Supply,11
Street light flickers continuously on Gandhi Street,Street Lighting,8
Someone demanded a bribe for approval of a document in T Nagar,Corruption,0
Frequent traffic congestion on Bypass Road during peak hours,Traffic,9
Speed breakers are missing near the school on South Street,Road Maintenance,7
Bus service is irregular on the Tambaram route,Public Transport,6
Street light flickers continuously on Park Avenue,Street Lighting,8
Overcrowded buses are running on the Chromepet route,Public Transport,6
Corruption reported in distribution of government scheme benefits in the main market road,Corruption,0
School building near South Street needs urgent repair,Education,1
Street light flickers continuously on School Lane,Street Lighting,8
Noise pollution from construction near Bypass Road at night,Environment,3
Open manhole causing danger on Ring Road in near the temple,Public Safety,5
Street lights are not working on Church Street in Mylapore,Street Lighting,8
"New street light pole is needed on Park Avenue, the government school area",Street Lighting,8
Street lights are not working on Main Road in Alwarpet,Street Lighting,8
Overcrowded classrooms reported in Sector 5 government school,Education,1
Noise pollution from construction near North Street at night,Environment,3
Someone demanded a bribe for approval of a document in the housing board colony,Corruption,0
Electric pole near Bazaar Street is leaning dangerously,Electricity,2
Overcrowded classrooms reported in the panchayat office area government school,Education,1
Power supply tripped and not restored for 15 hours in Ambattur,Electricity,2
Government hospital near Gandhi Street lacks basic medicines,Health,4
Ambulance service is delayed in the main market road,Health,4
Money was demanded for processing a pension application in Pallavaram,Corruption,0
Mid day meal quality is poor at Vadapalani school,Education,1
Teacher is absent regularly at the Guindy government school,Education,1
Traffic signal timing is too short at Bypass Road,Traffic,9
Water tanker did not arrive in the government school area as scheduled,Water Supply,11
Dead animal left uncollected on School Lane in T Nagar,Waste Management,10
Hospital in the panchayat office area lacks cleanliness and hygiene,Health,4
Money was demanded for processing a pension application in Royapettah,Corruption,0
No traffic police present at busy junction near School Lane,Traffic,9
Illegal sand mining reported near Egmore,Environment,3
Illegal dumping of waste is happening near Station Road,Waste Management,10
No water connection provided despite application in Vadapalani,Water Supply,11
Dark stretch on North Street due to broken street lights,Street Lighting,8
Air pollution levels are high near the factory in the railway station road,Environment,3
Road divider near Market Road is broken,Road Maintenance,7
Newly laid road on Church Street is already damaged,Road Maintenance,7
Burning of waste is causing smoke in Kolathur,Environment,3
No security personnel at the public park in Anna Nagar,Public Safety,5
Illegal tree cutting is happening near Bazaar Street in Egmore,Environment,3
Unsafe construction site near Bazaar Street lacks barricades,Public Safety,5
Stray dogs are attacking residents in Sector 5,Public Safety,5
Exposed wires near Market Road pose a danger to residents,Electricity,2
Bus stop shelter near Bazaar Street is damaged,Public Transport,6
An officer at the counter asked for extra money to process ration card in the railway station road,Corruption,0
Dead animal left uncollected on Park Avenue in Royapettah,Waste Management,10
Construction debris left on School Lane blocking traffic,Road Maintenance,7
Water tanker did not arrive in the panchayat office area as scheduled,Water Supply,11
There is no drinking water in Kolathur for the past 4 days,Water Supply,11
Encroachment on the lake near Pallavaram is destroying wetlands,Environment,3
Vaccination camp was cancelled without notice in T Nagar,Health,4
Government hospital near Park Avenue lacks basic medicines,Health,4
"New street light pole is needed on Park Avenue, Vadapalani",Street Lighting,8
Live wire lying on Bypass Road poses electrocution risk,Public Safety,5
Water pipe burst near Main Road in Block C,Water Supply,11
Illegal dumping of waste is happening near North Street,Waste Management,10
Illegal parking is causing traffic jams on Nehru Street,Traffic,9
Electricity is unavailable in T Nagar for the past 3 days,Electricity,2
Illegal parking is causing traffic jams on Bazaar Street,Traffic,9
Water pipe burst near Main Road in Velachery,Water Supply,11
A contractor asked for extra money to process ration card in Anna Nagar,Corruption,0
Plastic waste dumped near the water body in the panchayat office area,Environment,3
Money was demanded for processing a pension application in Sector 5,Corruption,0
Solar street lights installed in Porur are non functional,Street Lighting,8
Corruption reported in distribution of government scheme benefits in Adyar,Corruption,0
Voltage fluctuation is damaging appliances in the housing board colony,Electricity,2
Bus stop shelter near Station Road is damaged,Public Transport,6
"New street light pole is needed on North Street, T Nagar",Street Lighting,8
Burning of waste is causing smoke in the main market road,Environment,3
Long waiting times reported at Velachery government hospital,Health,4
Illegal tree cutting is happening near Nehru Street in Egmore,Environment,3
Live wire lying on Park Avenue poses electrocution risk,Public Safety,5
Plastic waste dumped near the water body in Anna Nagar,Environment,3
Someone demanded a bribe for approval of a document in the housing board colony,Corruption,0
Contaminated water is being supplied in the main market road,Water Supply,11
No traffic police present at busy junction near Ring Road,Traffic,9
Huge potholes on Market Road in Mylapore,Road Maintenance,7
Unsafe construction site near North Street lacks barricades,Public Safety,5
Exposed wires near Church Street pose a danger to residents,Electricity,2
"Low water pressure reported near Bazaar Street, Alwarpet",Water Supply,11
Live wire lying on Bazaar Street poses electrocution risk,Public Safety,5
Ambulance service is delayed in the industrial estate,Health,4
No science teacher appointed at Alwarpet school for 12 months,Education,1
School lacks drinking water facility in Block C,Education,1
Government hospital near Bazaar Street lacks basic medicines,Health,4
"Street lights remain on during daytime in Saidapet, wasting power",Street Lighting,8
No specialist doctor visits the Vadapalani health center,Health,4
Stray dogs are attacking residents in Kolathur,Public Safety,5
Illegal parking is causing traffic jams on South Street,Traffic,9
Streetside electric meter is sparking in the housing board colony,Electricity,2
Dead animal left uncollected on Bypass Road in Chromepet,Waste Management,10
Noise pollution from construction near Nehru Street at night,Environment,3
A clerk is taking bribes for water connection approvals in Sector 5,Corruption,0
Streetside electric meter is sparking in the old bus stand area,Electricity,2
Street light flickers continuously on South Street,Street Lighting,8
"New street light pole is needed on Nehru Street, Anna Nagar",Street Lighting,8
Garbage is overflowing near Nehru Street in Vadapalani,Waste Management,10
Bus stop shelter near Temple Street is damaged,Public Transport,6
Illegal tree cutting is happening near Main Road in Chromepet,Environment,3
Construction debris left on Market Road blocking traffic,Road Maintenance,7
Official at the Royapettah office is demanding money for a certificate,Corruption,0
Bus service is irregular on the the housing board colony route,Public Transport,6
Last bus timing has been cancelled for Anna Nagar,Public Transport,6
Long waiting times reported at Alwarpet government hospital,Health,4
Money was demanded for processing a pension application in Royapettah,Corruption,0
Construction debris left on Bazaar Street blocking traffic,Road Maintenance,7
Power supply tripped and not restored for 6 hours in Ward 12,Electricity,2
Plastic waste dumped near the water body in Kolathur,Environment,3
Street light flickers continuously on Church Street,Street Lighting,8
Overcrowded classrooms reported in Phase 2 government school,Education,1
"No footpath available on Temple Street, pedestrians face danger",Road Maintenance,7
Electricity is unavailable in Pallavaram for the past 14 days,Electricity,2
Air pollution levels are high near the factory in the housing board colony,Environment,3
Frequent power cuts are occurring in Velachery,Electricity,2
No traffic police present at busy junction near Station Road,Traffic,9
Water body near Alwarpet is being polluted by industrial waste,Environment,3
Overcrowded buses are running on the Velachery route,Public Transport,6
Money was demanded for processing a pension application in Pallavaram,Corruption,0
School in the old bus stand area lacks proper toilet facilities,Education,1
Bus service is irregular on the Egmore route,Public Transport,6
Garbage collection truck has not come to Tambaram for 11 days,Waste Management,10
Street light wiring is exposed and dangerous in Block C,Street Lighting,8
Road divider near Main Road is broken,Road Maintenance,7
Construction debris left on Ring Road blocking traffic,Road Maintenance,7
Dark stretch on Nehru Street due to broken street lights,Street Lighting,8
2 street lights have been off for weeks near Main Road,Street Lighting,8
Street lights are not working on MG Road in Guindy,Street Lighting,8
A local shopkeeper asked for extra money to process ration card in Guindy,Corruption,0
No specialist doctor visits the Pallavaram health center,Health,4
Water supply has been irregular in Ambattur for 10 weeks,Water Supply,11
Vaccination camp was cancelled without notice in Velachery,Health,4
"No signal at the school crossing near Bazaar Street, Nungambakkam",Traffic,9
Signboards are missing at the Market Road intersection,Traffic,9
"No signal at the school crossing near Gandhi Street, Alwarpet",Traffic,9
Billing error in electricity charges for Saidapet residents,Electricity,2
Primary health center in Kodambakkam is understaffed,Health,4
"New street light pole is needed on Bazaar Street, Pallavaram",Street Lighting,8
Signboards are missing at the Nehru Street intersection,Traffic,9
No traffic police present at busy junction near Main Road,Traffic,9
No water connection provided despite application in Chromepet,Water Supply,11
Exposed wires near MG Road pose a danger to residents,Electricity,2
Contaminated water is being supplied in Tambaram,Water Supply,11
New electricity connection is delayed in near the temple,Electricity,2
Vaccination camp was cancelled without notice in Porur,Health,4
Auto drivers are refusing to use the meter near Gandhi Street,Public Transport,6
Primary health center in Vadapalani is understaffed,Health,4
Zebra crossing markings have faded on MG Road,Traffic,9
Illegal dumping of waste is happening near Nehru Street,Waste Management,10
Last bus timing has been cancelled for the panchayat office area,Public Transport,6
Corruption reported in distribution of government scheme benefits in the housing board colony,Corruption,0
No waste collection service provided in Kodambakkam colony,Waste Management,10
Construction debris left on Ring Road blocking traffic,Road Maintenance,7
Open manhole causing danger on School Lane in Nungambakkam,Public Safety,5
Air pollution levels are high near the factory in the government school area,Environment,3
Construction debris left on Bazaar Street blocking traffic,Road Maintenance,7
Leaking pipeline is wasting water on Gandhi Street,Water Supply,11
Borewell in Porur has run dry,Water Supply,11
Street light flickers continuously on School Lane,Street Lighting,8
Plastic waste dumped near the water body in T Nagar,Environment,3
Zebra crossing markings have faded on North Street,Traffic,9
Dumping ground near the housing board colony is causing bad odor,Waste Management,10
Illegal tree cutting is happening near Church Street in near the temple,Environment,3
Dumping ground near the main market road is causing bad odor,Waste Management,10
Garbage is overflowing near Gandhi Street in Phase 2,Waste Management,10
Water pipe burst near Ring Road in Perambur,Water Supply,11
Money was demanded for processing a pension application in Royapettah,Corruption,0
No traffic police present at busy junction near Station Road,Traffic,9
Overhead tank in the industrial estate has not been cleaned in months,Water Supply,11
"Low water pressure reported near Temple Street, Mylapore",Water Supply,11
Illegal tree cutting is happening near Park Avenue in the panchayat office area,Environment,3
Signboards are missing at the Main Road intersection,Traffic,9
Huge potholes on Church Street in the housing board colony,Road Maintenance,7
Garbage is overflowing near Temple Street in Royapettah,Waste Management,10
Government hospital near Nehru Street lacks basic medicines,Health,4
Money was demanded for processing a pension application in Vadapalani,Corruption,0
Hospital in Ambattur has no doctors available,Health,4
Someone demanded a bribe for approval of a document in T Nagar,Corruption,0
Noise pollution from construction near North Street at night,Environment,3
Hospital in Vadapalani lacks cleanliness and hygiene,Health,4
Plastic waste dumped near the water body in Nungambakkam,Environment,3
Hospital in Alwarpet has no doctors available,Health,4
"Street lights remain on during daytime in Ward 12, wasting power",Street Lighting,8
No waste collection service provided in Alwarpet colony,Waste Management,10
Street lights are not working on School Lane in Alwarpet,Street Lighting,8
Deep pit left uncovered near School Lane in Saidapet,Public Safety,5
"Street lights remain on during daytime in Perambur, wasting power",Street Lighting,8
Signboards are missing at the North Street intersection,Traffic,9
Overcrowded classrooms reported in Vadapalani government school,Education,1
Street light wiring is exposed and dangerous in the housing board colony,Street Lighting,8
Dumping ground near Alwarpet is causing bad odor,Waste Management,10
Contaminated water is being supplied in Vadapalani,Water Supply,11
Frequent power cuts are occurring in Saidapet,Electricity,2
Bribe was demanded for issuing a building permit in the old bus stand area,Corruption,0
Garbage is overflowing near Bypass Road in Egmore,Waste Management,10
Bus stop shelter near Main Road is damaged,Public Transport,6
A government official is taking bribes for water connection approvals in Sector 5,Corruption,0
Bus conductor misbehaved with passengers on Nungambakkam route,Public Transport,6
Garbage is overflowing near Market Road in Vadapalani,Waste Management,10
Burning of waste is causing smoke in Kolathur,Environment,3
Vaccination camp was cancelled without notice in the government school area,Health,4
No water connection provided despite application in Nungambakkam,Water Supply,11
Frequent traffic congestion on School Lane during peak hours,Traffic,9
Street light flickers continuously on Nehru Street,Street Lighting,8
"Street lights remain on during daytime in Porur, wasting power",Street Lighting,8
Water body near Nungambakkam is being polluted by industrial waste,Environment,3
Overhead tank in the railway station road has not been cleaned in months,Water Supply,11
Contaminated water is being supplied in the railway station road,Water Supply,11
Last bus timing has been cancelled for Anna Nagar,Public Transport,6
Primary health center in the housing board colony is understaffed,Health,4
Stray dogs are attacking residents in Perambur,Public Safety,5
Water supply has been irregular in the old bus stand area for 7 weeks,Water Supply,11
Auto drivers are refusing to use the meter near School Lane,Public Transport,6
Broken compound wall near North Street is a safety hazard,Public Safety,5
No waste collection service provided in the government school area colony,Waste Management,10
Billing error in electricity charges for T Nagar residents,Electricity,2
Leaking pipeline is wasting water on MG Road,Water Supply,11
Traffic signal timing is too short at Church Street,Traffic,9
Segregated waste is being mixed by collection staff in Velachery,Waste Management,10
Money was demanded for processing a pension application in Guindy,Corruption,0
Garbage is overflowing near Ring Road in Nungambakkam,Waste Management,10
Broken compound wall near Gandhi Street is a safety hazard,Public Safety,5
Frequent traffic congestion on Bazaar Street during peak hours,Traffic,9
Road divider near Main Road is broken,Road Maintenance,7
Overhead tank in Saidapet has not been cleaned in months,Water Supply,11
Huge potholes on North Street in Royapettah,Road Maintenance,7
Water tanker did not arrive in Kodambakkam as scheduled,Water Supply,11
Illegal dumping of waste is happening near Main Road,Waste Management,10
No waste collection service provided in Perambur colony,Waste Management,10
Noise pollution from construction near School Lane at night,Environment,3
Streetside electric meter is sparking in the panchayat office area,Electricity,2
Open manhole causing danger on Bazaar Street in Mylapore,Public Safety,5
Water supply has been irregular in Velachery for 3 weeks,Water Supply,11
Broken compound wall near South Street is a safety hazard,Public Safety,5
Deep pit left uncovered near Market Road in Ward 12,Public Safety,5
Street light wiring is exposed and dangerous in Saidapet,Street Lighting,8
No science teacher appointed at Vadapalani school for 9 months,Education,1
Dead animal left uncollected on Bypass Road in Chromepet,Waste Management,10
No water connection provided despite application in the main market road,Water Supply,11
Garbage is overflowing near Temple Street in Alwarpet,Waste Management,10
Burning of waste is causing smoke in Adyar,Environment,3
There is no drinking water in Ward 12 for the past 3 days,Water Supply,11
Noise pollution from construction near Market Road at night,Environment,3
Waterlogging occurs on Market Road during rains,Road Maintenance,7
Contaminated water is being supplied in Royapettah,Water Supply,11
Deep pit left uncovered near Park Avenue in Mylapore,Public Safety,5
Waterlogging occurs on School Lane during rains,Road Maintenance,7
There is no drinking water in Nungambakkam for the past 2 days,Water Supply,11
Dumping ground near Ward 12 is causing bad odor,Waste Management,10
A government official is taking bribes for water connection approvals in Royapettah,Corruption,0
Frequent power cuts are occurring in near the temple,Electricity,2
Contaminated water is being supplied in Velachery,Water Supply,11
Signboards are missing at the MG Road intersection,Traffic,9
Last bus timing has been cancelled for Kodambakkam,Public Transport,6
Road divider near Bypass Road is broken,Road Maintenance,7
Traffic signal timing is too short at Gandhi Street,Traffic,9
Segregated waste is being mixed by collection staff in Guindy,Waste Management,10
Bribe was demanded for issuing a building permit in Ambattur,Corruption,0
"New street light pole is needed on Bypass Road, Saidapet",Street Lighting,8
No security personnel at the public park in Saidapet,Public Safety,5
Encroachment on the lake near Kodambakkam is destroying wetlands,Environment,3
Hospital in the panchayat office area has no doctors available,Health,4
Illegal dumping of waste is happening near Ring Road,Waste Management,10
Mid day meal quality is poor at Egmore school,Education,1
Vaccination camp was cancelled without notice in Porur,Health,4
Encroachment on the lake near Ambattur is destroying wetlands,Environment,3
Street lights are not working on Nehru Street in Velachery,Street Lighting,8
Burning of waste is causing smoke in T Nagar,Environment,3
Road divider near Station Road is broken,Road Maintenance,7
Road divider near Main Road is broken,Road Maintenance,7
School lacks drinking water facility in Velachery,Education,1
Road near MG Road has not been repaired after monsoon,Road Maintenance,7
Encroachment on the lake near Ward 12 is destroying wetlands,Environment,3
No science teacher appointed at Adyar school for 8 months,Education,1
Road near Bypass Road has not been repaired after monsoon,Road Maintenance,7
Abandoned building near Temple Street is unsafe for children,Public Safety,5
Live wire lying on Market Road poses electrocution risk,Public Safety,5
Someone demanded a bribe for approval of a document in Chromepet,Corruption,0
Street light wiring is exposed and dangerous in Velachery,Street Lighting,8
Billing error in electricity charges for near the temple residents,Electricity,2
Money was demanded for processing a pension application in Chromepet,Corruption,0
Mid day meal quality is poor at Royapettah school,Education,1
No specialist doctor visits the Block C health center,Health,4
Noise pollution from construction near Ring Road at night,Environment,3
Open manhole causing danger on Gandhi Street in Phase 2,Public Safety,5
Water supply has been irregular in Tambaram for 14 weeks,Water Supply,11
Newly laid road on Station Road is already damaged,Road Maintenance,7
"New street light pole is needed on Main Road, Phase 2",Street Lighting,8
Voltage fluctuation is damaging appliances in Anna Nagar,Electricity,2
Unsafe construction site near MG Road lacks barricades,Public Safety,5
A municipal worker asked for extra money to process ration card in Phase 2,Corruption,0
Segregated waste is being mixed by collection staff in Block C,Waste Management,10
Billing error in electricity charges for Royapettah residents,Electricity,2
Stray dogs are attacking residents in the main market road,Public Safety,5
Long waiting times reported at Kodambakkam government hospital,Health,4
"Street lights remain on during daytime in Nungambakkam, wasting power",Street Lighting,8
A clerk asked for extra money to process ration card in Nungambakkam,Corruption,0
No traffic police present at busy junction near Market Road,Traffic,9
Billing error in electricity charges for Kodambakkam residents,Electricity,2
Illegal dumping of waste is happening near MG Road,Waste Management,10
Bribe was demanded for issuing a building permit in Adyar,Corruption,0
Hospital in the old bus stand area lacks cleanliness and hygiene,Health,4
Primary health center in Sector 5 is understaffed,Health,4
Burning of waste is causing smoke in Kolathur,Environment,3
No bus service available to Adyar after 8 pm,Public Transport,6
Transformer near Nehru Street in the old bus stand area is not working,Electricity,2
Dark stretch on Park Avenue due to broken street lights,Street Lighting,8
Newly laid road on Ring Road is already damaged,Road Maintenance,7
Road near School Lane has not been repaired after monsoon,Road Maintenance,7
Street light flickers continuously on MG Road,Street Lighting,8
Plastic waste dumped near the water body in Egmore,Environment,3
Ambulance service is delayed in the old bus stand area,Health,4
Bribe was demanded for issuing a building permit in T Nagar,Corruption,0
Transformer near Church Street in Anna Nagar is not working,Electricity,2
Traffic signal timing is too short at Bypass Road,Traffic,9
Government hospital near Gandhi Street lacks basic medicines,Health,4
Segregated waste is being mixed by collection staff in Kolathur,Waste Management,10
School in Sector 5 lacks proper toilet facilities,Education,1
No security personnel at the public park in near the temple,Public Safety,5
Noise pollution from construction near Main Road at night,Environment,3
Traffic signal timing is too short at Market Road,Traffic,9
Air pollution levels are high near the factory in Nungambakkam,Environment,3
Burning of waste is causing smoke in Velachery,Environment,3
Long waiting times reported at the housing board colony government hospital,Health,4
Speed breakers are missing near the school on Nehru Street,Road Maintenance,7
Auto drivers are refusing to use the meter near School Lane,Public Transport,6
Signboards are missing at the Main Road intersection,Traffic,9
School in the panchayat office area lacks proper toilet facilities,Education,1
Auto drivers are refusing to use the meter near Bazaar Street,Public Transport,6
Long waiting times reported at Perambur government hospital,Health,4
Vaccination camp was cancelled without notice in the housing board colony,Health,4
Government hospital near MG Road lacks basic medicines,Health,4
Zebra crossing markings have faded on Temple Street,Traffic,9
"Street lights remain on during daytime in the housing board colony, wasting power",Street Lighting,8
Live wire lying on Nehru Street poses electrocution risk,Public Safety,5
Someone demanded a bribe for approval of a document in Saidapet,Corruption,0
Last bus timing has been cancelled for Alwarpet,Public Transport,6
Government hospital near Bypass Road lacks basic medicines,Health,4
Bus conductor misbehaved with passengers on the railway station road route,Public Transport,6
Road divider near Park Avenue is broken,Road Maintenance,7
Money was demanded for processing a pension application in Guindy,Corruption,0
A municipal worker asked for extra money to process ration card in Porur,Corruption,0
Ambulance service is delayed in Vadapalani,Health,4
Plastic waste dumped near the water body in Nungambakkam,Environment,3
Bus service is irregular on the Ward 12 route,Public Transport,6
Public dustbin near Temple Street is broken and overflowing,Waste Management,10
8 street lights have been off for weeks near School Lane,Street Lighting,8
Solar street lights installed in Pallavaram are non functional,Street Lighting,8
Newly laid road on North Street is already damaged,Road Maintenance,7
Streetside electric meter is sparking in Sector 5,Electricity,2
"Street lights remain on during daytime in Royapettah, wasting power",Street Lighting,8
Construction debris left on Nehru Street blocking traffic,Road Maintenance,7
A local shopkeeper is taking bribes for water connection approvals in Chromepet,Corruption,0
Voltage fluctuation is damaging appliances in Kodambakkam,Electricity,2
Last bus timing has been cancelled for Chromepet,Public Transport,6
Money was demanded for processing a pension application in Egmore,Corruption,0
Signboards are missing at the Station Road intersection,Traffic,9
Water pipe burst near Bazaar Street in the industrial estate,Water Supply,11
No specialist doctor visits the Kolathur health center,Health,4
School building near Market Road needs urgent repair,Education,1
No specialist doctor visits the Ambattur health center,Health,4
Money was demanded for processing a pension application in Ambattur,Corruption,0
No water connection provided despite application in the industrial estate,Water Supply,11
Speed breakers are missing near the school on Market Road,Road Maintenance,7
Zebra crossing markings have faded on Bypass Road,Traffic,9
Road near South Street has not been repaired after monsoon,Road Maintenance,7
Dark stretch on South Street due to broken street lights,Street Lighting,8
Overcrowded buses are running on the Mylapore route,Public Transport,6
No science teacher appointed at Alwarpet school for 2 months,Education,1
Noise pollution from construction near Nehru Street at night,Environment,3
An officer at the counter asked for extra money to process ration card in Saidapet,Corruption,0
Stray dogs are attacking residents in Ward 12,Public Safety,5
Auto drivers are refusing to use the meter near Bazaar Street,Public Transport,6
Newly laid road on Park Avenue is already damaged,Road Maintenance,7
Bribe was demanded for issuing a building permit in Ambattur,Corruption,0
There is no drinking water in Kodambakkam for the past 8 days,Water Supply,11
There is no drinking water in the government school area for the past 9 days,Water Supply,11
Plastic waste dumped near the water body in Tambaram,Environment,3
Signboards are missing at the Temple Street intersection,Traffic,9
Illegal dumping of waste is happening near Park Avenue,Waste Management,10
Noise pollution from construction near Ring Road at night,Environment,3
There is no drinking water in the industrial estate for the past 5 days,Water Supply,11
Road divider near Park Avenue is broken,Road Maintenance,7
Corruption reported in distribution of government scheme benefits in the housing board colony,Corruption,0
"Low water pressure reported near Main Road, the railway station road",Water Supply,11
Auto drivers are refusing to use the meter near Church Street,Public Transport,6
Road divider near North Street is broken,Road Maintenance,7
Air pollution levels are high near the factory in Pallavaram,Environment,3
New electricity connection is delayed in Ward 12,Electricity,2
Construction debris left on Main Road blocking traffic,Road Maintenance,7
Solar street lights installed in Vadapalani are non functional,Street Lighting,8
Plastic waste dumped near the water body in Guindy,Environment,3
Plastic waste dumped near the water body in Ambattur,Environment,3
New electricity connection is delayed in Perambur,Electricity,2
Money was demanded for processing a pension application in Velachery,Corruption,0
"Low water pressure reported near Market Road, Pallavaram",Water Supply,11
Illegal dumping of waste is happening near School Lane,Waste Management,10
Speed breakers are missing near the school on Ring Road,Road Maintenance,7
Signboards are missing at the Church Street intersection,Traffic,9
Open manhole causing danger on Ring Road in Egmore,Public Safety,5
Water pipe burst near Bypass Road in near the temple,Water Supply,11
Zebra crossing markings have faded on South Street,Traffic,9
Textbooks not distributed on time in Perambur schools,Education,1
Long waiting times reported at Kodambakkam government hospital,Health,4
Open manhole causing danger on Market Road in the housing board colony,Public Safety,5
Burning of waste is causing smoke in the main market road,Environment,3
Water pipe burst near North Street in Ambattur,Water Supply,11
Overhead tank in Vadapalani has not been cleaned in months,Water Supply,11
Public dustbin near Station Road is broken and overflowing,Waste Management,10
Broken compound wall near Nehru Street is a safety hazard,Public Safety,5
Street light wiring is exposed and dangerous in the panchayat office area,Street Lighting,8
Hospital in Ward 12 lacks cleanliness and hygiene,Health,4
Last bus timing has been cancelled for Perambur,Public Transport,6
Corruption reported in distribution of government scheme benefits in Royapettah,Corruption,0
Electricity is unavailable in Ambattur for the past 5 days,Electricity,2
Illegal sand mining reported near the old bus stand area,Environment,3
No bus service available to Royapettah after 8 pm,Public Transport,6
Borewell in Velachery has run dry,Water Supply,11
"Traffic signal is damaged at Main Road junction, Alwarpet",Traffic,9
Transformer near School Lane in the housing board colony is not working,Electricity,2
Street light wiring is exposed and dangerous in Kolathur,Street Lighting,8
Contaminated water is being supplied in Adyar,Water Supply,11
Bus stop shelter near Main Road is damaged,Public Transport,6
Last bus timing has been cancelled for Adyar,Public Transport,6
No security personnel at the public park in Anna Nagar,Public Safety,5
Live wire lying on School Lane poses electrocution risk,Public Safety,5
Unsafe construction site near Temple Street lacks barricades,Public Safety,5
No security personnel at the public park in near the temple,Public Safety,5
Government hospital near Gandhi Street lacks basic medicines,Health,4
Bribe was demanded for issuing a building permit in Chromepet,Corruption,0
Dead animal left uncollected on Park Avenue in Ambattur,Waste Management,10
Power supply tripped and not restored for 14 hours in Perambur,Electricity,2
Someone demanded a bribe for approval of a document in Mylapore,Corruption,0
Public dustbin near Nehru Street is broken and overflowing,Waste Management,10
Huge potholes on Bazaar Street in T Nagar,Road Maintenance,7
Primary health center in Saidapet is understaffed,Health,4
Street light flickers continuously on Nehru Street,Street Lighting,8
Dark stretch on South Street due to broken street lights,Street Lighting,8
Money was demanded for processing a pension application in Royapettah,Corruption,0
Zebra crossing markings have faded on Ring Road,Traffic,9
Solar street lights installed in Chromepet are non functional,Street Lighting,8
Live wire lying on Gandhi Street poses electrocution risk,Public Safety,5
"No footpath available on Nehru Street, pedestrians face danger",Road Maintenance,7
Hospital in Ambattur lacks cleanliness and hygiene,Health,4
Exposed wires near South Street pose a danger to residents,Electricity,2
Unsafe construction site near South Street lacks barricades,Public Safety,5
An officer at the counter is taking bribes for water connection approvals in Mylapore,Corruption,0
Road near MG Road has not been repaired after monsoon,Road Maintenance,7
No bus service available to Perambur after 8 pm,Public Transport,6
Mid day meal quality is poor at Block C school,Education,1
Live wire lying on School Lane poses electrocution risk,Public Safety,5
New electricity connection is delayed in Nungambakkam,Electricity,2
Deep pit left uncovered near Nehru Street in Adyar,Public Safety,5
Stray dogs are attacking residents in T Nagar,Public Safety,5
"Street lights remain on during daytime in Nungambakkam, wasting power",Street Lighting,8
Illegal parking is causing traffic jams on Station Road,Traffic,9
Open manhole causing danger on Ring Road in the industrial estate,Public Safety,5
Auto drivers are refusing to use the meter near Main Road,Public Transport,6
There is no drinking water in Porur for the past 8 days,Water Supply,11
Vaccination camp was cancelled without notice in Chromepet,Health,4
"Street lights remain on during daytime in T Nagar, wasting power",Street Lighting,8
Dead animal left uncollected on Park Avenue in the railway station road,Waste Management,10
Street light flickers continuously on Temple Street,Street Lighting,8
Construction debris left on Market Road blocking traffic,Road Maintenance,7
Open manhole causing danger on North Street in Pallavaram,Public Safety,5
No specialist doctor visits the Kolathur health center,Health,4
Mid day meal quality is poor at Kolathur school,Education,1
No waste collection service provided in Vadapalani colony,Waste Management,10
No waste collection service provided in Velachery colony,Waste Management,10
Electricity is unavailable in Egmore for the past 5 days,Electricity,2
Water supply has been irregular in Vadapalani for 4 weeks,Water Supply,11
School in Block C lacks proper toilet facilities,Education,1
There is no drinking water in Pallavaram for the past 5 days,Water Supply,11
Water supply has been irregular in the government school area for 8 weeks,Water Supply,11
School in Block C lacks proper toilet facilities,Education,1
Bus conductor misbehaved with passengers on Saidapet route,Public Transport,6
Dark stretch on Bypass Road due to broken street lights,Street Lighting,8
Deep pit left uncovered near Nehru Street in T Nagar,Public Safety,5
Deep pit left uncovered near South Street in Pallavaram,Public Safety,5
Construction debris left on Main Road blocking traffic,Road Maintenance,7
Open manhole causing danger on Main Road in Alwarpet,Public Safety,5
Street light flickers continuously on North Street,Street Lighting,8
Broken compound wall near MG Road is a safety hazard,Public Safety,5
Abandoned building near Park Avenue is unsafe for children,Public Safety,5
Water pipe burst near MG Road in Adyar,Water Supply,11
Water body near Adyar is being polluted by industrial waste,Environment,3
Public dustbin near Gandhi Street is broken and overflowing,Waste Management,10
Construction debris left on Temple Street blocking traffic,Road Maintenance,7
Illegal sand mining reported near Alwarpet,Environment,3
Money was demanded for processing a pension application in the industrial estate,Corruption,0
Hospital in the government school area lacks cleanliness and hygiene,Health,4
Illegal parking is causing traffic jams on Church Street,Traffic,9
There is no drinking water in Porur for the past 5 days,Water Supply,11
Newly laid road on South Street is already damaged,Road Maintenance,7
Street light flickers continuously on North Street,Street Lighting,8
School lacks drinking water facility in Chromepet,Education,1
Last bus timing has been cancelled for Vadapalani,Public Transport,6
Dumping ground near Alwarpet is causing bad odor,Waste Management,10
Transformer near Nehru Street in T Nagar is not working,Electricity,2
Noise pollution from construction near Market Road at night,Environment,3
Broken compound wall near Station Road is a safety hazard,Public Safety,5
Vaccination camp was cancelled without notice in Pallavaram,Health,4
Hospital in the main market road lacks cleanliness and hygiene,Health,4
Water tanker did not arrive in Pallavaram as scheduled,Water Supply,11
Illegal dumping of waste is happening near Church Street,Waste Management,10
Electricity is unavailable in Guindy for the past 4 days,Electricity,2
Billing error in electricity charges for Ward 12 residents,Electricity,2
Water supply has been irregular in the government school area for 5 weeks,Water Supply,11
Voltage fluctuation is damaging appliances in Anna Nagar,Electricity,2
Voltage fluctuation is damaging appliances in Nungambakkam,Electricity,2
No science teacher appointed at Ambattur school for 3 months,Education,1
A government official asked for extra money to process ration card in the government school area,Corruption,0
There is no drinking water in Saidapet for the past 15 days,Water Supply,11
Speed breakers are missing near the school on Station Road,Road Maintenance,7
8 street lights have been off for weeks near MG Road,Street Lighting,8
Encroachment on the lake near Chromepet is destroying wetlands,Environment,3
"Street lights remain on during daytime in Kodambakkam, wasting power",Street Lighting,8
Vaccination camp was cancelled without notice in Kolathur,Health,4
Water supply has been irregular in Phase 2 for 7 weeks,Water Supply,11
Street lights are not working on Nehru Street in Royapettah,Street Lighting,8
Streetside electric meter is sparking in the housing board colony,Electricity,2
Plastic waste dumped near the water body in the railway station road,Environment,3
Teacher is absent regularly at the Velachery government school,Education,1
Textbooks not distributed on time in Pallavaram schools,Education,1
Solar street lights installed in Pallavaram are non functional,Street Lighting,8
"No footpath available on Bypass Road, pedestrians face danger",Road Maintenance,7
Encroachment on the lake near Pallavaram is destroying wetlands,Environment,3
Open manhole causing danger on Main Road in Tambaram,Public Safety,5
Dumping ground near the panchayat office area is causing bad odor,Waste Management,10
Primary health center in Guindy is understaffed,Health,4
Speed breakers are missing near the school on South Street,Road Maintenance,7
Burning of waste is causing smoke in Perambur,Environment,3
Illegal tree cutting is happening near Station Road in the housing board colony,Environment,3
A local shopkeeper is taking bribes for water connection approvals in Anna Nagar,Corruption,0
Newly laid road on School Lane is already damaged,Road Maintenance,7
Overcrowded buses are running on the the government school area route,Public Transport,6
Mid day meal quality is poor at Kodambakkam school,Education,1
Garbage collection truck has not come to Phase 2 for 15 days,Waste Management,10
A contractor is taking bribes for water connection approvals in Ward 12,Corruption,0
Road divider near Main Road is broken,Road Maintenance,7
Signboards are missing at the Church Street intersection,Traffic,9
Dark stretch on Ring Road due to broken street lights,Street Lighting,8
Dark stretch on Main Road due to broken street lights,Street Lighting,8
Bribe was demanded for issuing a building permit in Egmore,Corruption,0
Mid day meal quality is poor at Pallavaram school,Education,1
School lacks drinking water facility in T Nagar,Education,1
Overhead tank in Sector 5 has not been cleaned in months,Water Supply,11
Dead animal left uncollected on Bazaar Street in Saidapet,Waste Management,10
Bus frequency has reduced drastically on Ambattur route,Public Transport,6
No water connection provided despite application in Guindy,Water Supply,11
Corruption reported in distribution of government scheme benefits in the railway station road,Corruption,0
Power supply tripped and not restored for 2 hours in the main market road,Electricity,2
Illegal sand mining reported near Vadapalani,Environment,3
Bribe was demanded for issuing a building permit in Alwarpet,Corruption,0
"Street lights remain on during daytime in the panchayat office area, wasting power",Street Lighting,8
Corruption reported in distribution of government scheme benefits in Velachery,Corruption,0
Road near School Lane has not been repaired after monsoon,Road Maintenance,7
Primary health center in Royapettah is understaffed,Health,4
School building near South Street needs urgent repair,Education,1
Burning of waste is causing smoke in Sector 5,Environment,3
Mid day meal quality is poor at the government school area school,Education,1
"Street lights remain on during daytime in the government school area, wasting power",Street Lighting,8
Money was demanded for processing a pension application in Velachery,Corruption,0
Water pipe burst near Bazaar Street in Sector 5,Water Supply,11
School lacks drinking water facility in Egmore,Education,1
"Traffic signal is damaged at Main Road junction, the panchayat office area",Traffic,9
8 street lights have been off for weeks near Temple Street,Street Lighting,8
Vaccination camp was cancelled without notice in Alwarpet,Health,4
Waterlogging occurs on School Lane during rains,Road Maintenance,7
Unsafe construction site near Church Street lacks barricades,Public Safety,5
New electricity connection is delayed in Mylapore,Electricity,2
Traffic signal timing is too short at Church Street,Traffic,9
Water body near near the temple is being polluted by industrial waste,Environment,3
Corruption reported in distribution of government scheme benefits in the government school area,Corruption,0
Power supply tripped and not restored for 14 hours in Vadapalani,Electricity,2
Dumping ground near the government school area is causing bad odor,Waste Management,10
Transformer near North Street in Ward 12 is not working,Electricity,2
Signboards are missing at the MG Road intersection,Traffic,9
Power supply tripped and not restored for 11 hours in Sector 5,Electricity,2
School lacks drinking water facility in the government school area,Education,1
Public dustbin near Main Road is broken and overflowing,Waste Management,10
Illegal dumping of waste is happening near Station Road,Waste Management,10
No science teacher appointed at Sector 5 school for 15 months,Education,1
Water body near Pallavaram is being polluted by industrial waste,Environment,3
"Street lights remain on during daytime in near the temple, wasting power",Street Lighting,8
"Street lights remain on during daytime in Tambaram, wasting power",Street Lighting,8
Overcrowded classrooms reported in Nungambakkam government school,Education,1
Overhead tank in the old bus stand area has not been cleaned in months,Water Supply,11
Noise pollution from construction near Bypass Road at night,Environment,3
Live wire lying on Bypass Road poses electrocution risk,Public Safety,5
Deep pit left uncovered near Church Street in the main market road,Public Safety,5
Traffic signal timing is too short at Bypass Road,Traffic,9
Dead animal left uncollected on Bazaar Street in Vadapalani,Waste Management,10
Long waiting times reported at Perambur government hospital,Health,4
Borewell in the housing board colony has run dry,Water Supply,11
Government hospital near Main Road lacks basic medicines,Health,4
Transformer near Ring Road in the panchayat office area is not working,Electricity,2
Traffic signal timing is too short at Ring Road,Traffic,9
Textbooks not distributed on time in the old bus stand area schools,Education,1
Garbage collection truck has not come to Adyar for 13 days,Waste Management,10
Leaking pipeline is wasting water on Park Avenue,Water Supply,11
"New street light pole is needed on South Street, Kolathur",Street Lighting,8
Traffic signal timing is too short at Market Road,Traffic,9
"Traffic signal is damaged at Nehru Street junction, Ward 12",Traffic,9
Power supply tripped and not restored for 6 hours in Perambur,Electricity,2
No specialist doctor visits the the housing board colony health center,Health,4
Public dustbin near Main Road is broken and overflowing,Waste Management,10
No security personnel at the public park in Ward 12,Public Safety,5
"No footpath available on Station Road, pedestrians face danger",Road Maintenance,7
Stray dogs are attacking residents in T Nagar,Public Safety,5
School lacks drinking water facility in Velachery,Education,1
Waterlogging occurs on Nehru Street during rains,Road Maintenance,7
Garbage collection truck has not come to Kolathur for 4 days,Waste Management,10
Voltage fluctuation is damaging appliances in Alwarpet,Electricity,2
Illegal parking is causing traffic jams on Bypass Road,Traffic,9
"No footpath available on Gandhi Street, pedestrians face danger",Road Maintenance,7
Signboards are missing at the Ring Road intersection,Traffic,9
Plastic waste dumped near the water body in T Nagar,Environment,3
Water pipe burst near Ring Road in Adyar,Water Supply,11
Water tanker did not arrive in Tambaram as scheduled,Water Supply,11
Bus stop shelter near MG Road is damaged,Public Transport,6
Official at the Kolathur office is demanding money for a certificate,Corruption,0
No waste collection service provided in Egmore colony,Waste Management,10
Someone demanded a bribe for approval of a document in the housing board colony,Corruption,0
Plastic waste dumped near the water body in the housing board colony,Environment,3
Garbage collection truck has not come to the old bus stand area for 13 days,Waste Management,10
Waterlogging occurs on School Lane during rains,Road Maintenance,7
7 street lights have been off for weeks near Bazaar Street,Street Lighting,8
No specialist doctor visits the Ambattur health center,Health,4
Broken compound wall near School Lane is a safety hazard,Public Safety,5
School in Ambattur lacks proper toilet facilities,Education,1
Illegal sand mining reported near the old bus stand area,Environment,3
Overcrowded buses are running on the Anna Nagar route,Public Transport,6
Live wire lying on Station Road poses electrocution risk,Public Safety,5
Road near Bazaar Street has not been repaired after monsoon,Road Maintenance,7
"Low water pressure reported near Market Road, Ambattur",Water Supply,11
"Traffic signal is damaged at Station Road junction, the housing board colony",Traffic,9
"New street light pole is needed on Bypass Road, the main market road",Street Lighting,8
Government hospital near Temple Street lacks basic medicines,Health,4
Corruption reported in distribution of government scheme benefits in the government school area,Corruption,0
"Street lights remain on during daytime in Phase 2, wasting power",Street Lighting,8
Overcrowded classrooms reported in Sector 5 government school,Education,1
Street light wiring is exposed and dangerous in Ward 12,Street Lighting,8
Hospital in the panchayat office area has no doctors available,Health,4
Leaking pipeline is wasting water on School Lane,Water Supply,11
Zebra crossing markings have faded on School Lane,Traffic,9
Overcrowded buses are running on the the railway station road route,Public Transport,6
Dead animal left uncollected on Bazaar Street in the housing board colony,Waste Management,10
No waste collection service provided in the main market road colony,Waste Management,10
Overhead tank in Mylapore has not been cleaned in months,Water Supply,11
Encroachment on the lake near the industrial estate is destroying wetlands,Environment,3
Huge potholes on Market Road in T Nagar,Road Maintenance,7
Power supply tripped and not restored for 15 hours in the government school area,Electricity,2
Road near School Lane has not been repaired after monsoon,Road Maintenance,7
Frequent power cuts are occurring in near the temple,Electricity,2
Government hospital near North Street lacks basic medicines,Health,4
Hospital in Velachery has no doctors available,Health,4
Construction debris left on Market Road blocking traffic,Road Maintenance,7
Power supply tripped and not restored for 7 hours in Adyar,Electricity,2
Signboards are missing at the Temple Street intersection,Traffic,9
Corruption reported in distribution of government scheme benefits in Royapettah,Corruption,0
Construction debris left on Bazaar Street blocking traffic,Road Maintenance,7
Water body near Ward 12 is being polluted by industrial waste,Environment,3
Ambulance service is delayed in Chromepet,Health,4
Frequent traffic congestion on MG Road during peak hours,Traffic,9
Primary health center in Anna Nagar is understaffed,Health,4
Illegal sand mining reported near Kolathur,Environment,3
Mid day meal quality is poor at the industrial estate school,Education,1
Electricity is unavailable in Mylapore for the past 7 days,Electricity,2
Road divider near North Street is broken,Road Maintenance,7
Huge potholes on Nehru Street in Saidapet,Road Maintenance,7
No water connection provided despite application in the panchayat office area,Water Supply,11
Dead animal left uncollected on Park Avenue in Anna Nagar,Waste Management,10
Bus service is irregular on the the government school area route,Public Transport,6
8 street lights have been off for weeks near Bypass Road,Street Lighting,8
Textbooks not distributed on time in Pallavaram schools,Education,1
Huge potholes on Bazaar Street in Royapettah,Road Maintenance,7
Garbage is overflowing near Bypass Road in Egmore,Waste Management,10
Dead animal left uncollected on Station Road in Block C,Waste Management,10
Contaminated water is being supplied in Vadapalani,Water Supply,11
Deep pit left uncovered near School Lane in Perambur,Public Safety,5
"Traffic signal is damaged at Station Road junction, Porur",Traffic,9
Road divider near North Street is broken,Road Maintenance,7
Road near Bypass Road has not been repaired after monsoon,Road Maintenance,7
No traffic police present at busy junction near Gandhi Street,Traffic,9
Transformer near Gandhi Street in Perambur is not working,Electricity,2
Billing error in electricity charges for Block C residents,Electricity,2
Bus stop shelter near North Street is damaged,Public Transport,6
Corruption reported in distribution of government scheme benefits in the old bus stand area,Corruption,0
Garbage collection truck has not come to Velachery for 5 days,Waste Management,10
Bribe was demanded for issuing a building permit in Chromepet,Corruption,0
Official at the the government school area office is demanding money for a certificate,Corruption,0
Road divider near Main Road is broken,Road Maintenance,7
Newly laid road on School Lane is already damaged,Road Maintenance,7
Auto drivers are refusing to use the meter near Main Road,Public Transport,6
10 street lights have been off for weeks near Station Road,Street Lighting,8
Money was demanded for processing a pension application in Kolathur,Corruption,0
Dark stretch on Park Avenue due to broken street lights,Street Lighting,8
Abandoned building near North Street is unsafe for children,Public Safety,5
Illegal dumping of waste is happening near Park Avenue,Waste Management,10
Huge potholes on Bypass Road in the industrial estate,Road Maintenance,7
Hospital in near the temple has no doctors available,Health,4
Government hospital near North Street lacks basic medicines,Health,4
Bribe was demanded for issuing a building permit in T Nagar,Corruption,0
Streetside electric meter is sparking in Alwarpet,Electricity,2
Long waiting times reported at Anna Nagar government hospital,Health,4
No traffic police present at busy junction near Bypass Road,Traffic,9
Bus frequency has reduced drastically on Pallavaram route,Public Transport,6
Frequent traffic congestion on Ring Road during peak hours,Traffic,9
Contaminated water is being supplied in Pallavaram,Water Supply,11
"No footpath available on Station Road, pedestrians face danger",Road Maintenance,7
Deep pit left uncovered near Station Road in Ambattur,Public Safety,5
Open manhole causing danger on Ring Road in Chromepet,Public Safety,5
"No signal at the school crossing near North Street, the railway station road",Traffic,9
Last bus timing has been cancelled for Porur,Public Transport,6
Public dustbin near Station Road is broken and overflowing,Waste Management,10
An officer at the counter is taking bribes for water connection approvals in Porur,Corruption,0
Street lights are not working on Main Road in Block C,Street Lighting,8
Segregated waste is being mixed by collection staff in Tambaram,Waste Management,10
Corruption reported in distribution of government scheme benefits in the housing board colony,Corruption,0
Public dustbin near Bypass Road is broken and overflowing,Waste Management,10
Someone demanded a bribe for approval of a document in Phase 2,Corruption,0
"New street light pole is needed on Church Street, Royapettah",Street Lighting,8
Someone demanded a bribe for approval of a document in Anna Nagar,Corruption,0
Traffic signal timing is too short at Main Road,Traffic,9
Garbage collection truck has not come to Alwarpet for 11 days,Waste Management,10
Waterlogging occurs on Park Avenue during rains,Road Maintenance,7
Frequent traffic congestion on Temple Street during peak hours,Traffic,9
Traffic signal timing is too short at Bypass Road,Traffic,9
Ambulance service is delayed in the government school area,Health,4
Dark stretch on South Street due to broken street lights,Street Lighting,8
Construction debris left on Station Road blocking traffic,Road Maintenance,7
Illegal dumping of waste is happening near Bazaar Street,Waste Management,10
Dead animal left uncollected on Church Street in Vadapalani,Waste Management,10
Speed breakers are missing near the school on South Street,Road Maintenance,7
No bus service available to Pallavaram after 8 pm,Public Transport,6
Road divider near Main Road is broken,Road Maintenance,7
No traffic police present at busy junction near Temple Street,Traffic,9
Auto drivers are refusing to use the meter near Church Street,Public Transport,6
Electricity is unavailable in the government school area for the past 6 days,Electricity,2
Zebra crossing markings have faded on Main Road,Traffic,9
No security personnel at the public park in Adyar,Public Safety,5
New electricity connection is delayed in Pallavaram,Electricity,2
Official at the Egmore office is demanding money for a certificate,Corruption,0
Garbage is overflowing near Temple Street in Nungambakkam,Waste Management,10
Deep pit left uncovered near Bazaar Street in Saidapet,Public Safety,5
School lacks drinking water facility in Block C,Education,1
Bus service is irregular on the Block C route,Public Transport,6
Electric pole near Ring Road is leaning dangerously,Electricity,2
Overhead tank in the panchayat office area has not been cleaned in months,Water Supply,11
Frequent power cuts are occurring in the industrial estate,Electricity,2
No science teacher appointed at the housing board colony school for 15 months,Education,1
Government hospital near Church Street lacks basic medicines,Health,4
Water tanker did not arrive in the housing board colony as scheduled,Water Supply,11
School building near Bypass Road needs urgent repair,Education,1
Teacher is absent regularly at the Nungambakkam government school,Education,1
Auto drivers are refusing to use the meter near Gandhi Street,Public Transport,6
Illegal dumping of waste is happening near Nehru Street,Waste Management,10
Billing error in electricity charges for Block C residents,Electricity,2
Waterlogging occurs on South Street during rains,Road Maintenance,7
Overcrowded classrooms reported in Egmore government school,Education,1
Water tanker did not arrive in Alwarpet as scheduled,Water Supply,11
A middleman asked for extra money to process ration card in Phase 2,Corruption,0
Unsafe construction site near North Street lacks barricades,Public Safety,5
Speed breakers are missing near the school on Station Road,Road Maintenance,7
Traffic signal timing is too short at Bazaar Street,Traffic,9
Overcrowded buses are running on the Alwarpet route,Public Transport,6
"New street light pole is needed on Gandhi Street, Chromepet",Street Lighting,8
Broken compound wall near Market Road is a safety hazard,Public Safety,5
Abandoned building near Station Road is unsafe for children,Public Safety,5
New electricity connection is delayed in Mylapore,Electricity,2
"No footpath available on Temple Street, pedestrians face danger",Road Maintenance,7
Last bus timing has been cancelled for the panchayat office area,Public Transport,6
Street lights are not working on Church Street in Porur,Street Lighting,8
Garbage is overflowing near Main Road in near the temple,Waste Management,10
Bus frequency has reduced drastically on Phase 2 route,Public Transport,6
Garbage is overflowing near Temple Street in Ambattur,Waste Management,10
New electricity connection is delayed in Velachery,Electricity,2
Textbooks not distributed on time in the industrial estate schools,Education,1
Illegal parking is causing traffic jams on School Lane,Traffic,9
School lacks drinking water facility in Porur,Education,1
15 street lights have been off for weeks near Church Street,Street Lighting,8
Waterlogging occurs on Park Avenue during rains,Road Maintenance,7
Live wire lying on South Street poses electrocution risk,Public Safety,5
Abandoned building near Main Road is unsafe for children,Public Safety,5
Overhead tank in the housing board colony has not been cleaned in months,Water Supply,11
Overcrowded buses are running on the the panchayat office area route,Public Transport,6
Water tanker did not arrive in Vadapalani as scheduled,Water Supply,11
Teacher is absent regularly at the Alwarpet government school,Education,1
No bus service available to Block C after 8 pm,Public Transport,6
Garbage collection truck has not come to the government school area for 15 days,Waste Management,10
Exposed wires near School Lane pose a danger to residents,Electricity,2
Teacher is absent regularly at the Chromepet government school,Education,1
No water connection provided despite application in Velachery,Water Supply,11
Transformer near Market Road in Guindy is not working,Electricity,2
Long waiting times reported at T Nagar government hospital,Health,4
Transformer near Gandhi Street in Chromepet is not working,Electricity,2
Deep pit left uncovered near Main Road in the main market road,Public Safety,5
Road near Nehru Street has not been repaired after monsoon,Road Maintenance,7
A clerk is taking bribes for water connection approvals in Phase 2,Corruption,0
Noise pollution from construction near Nehru Street at night,Environment,3
Signboards are missing at the Station Road intersection,Traffic,9
Power supply tripped and not restored for 14 hours in Anna Nagar,Electricity,2
Broken compound wall near Temple Street is a safety hazard,Public Safety,5
Speed breakers are missing near the school on Church Street,Road Maintenance,7
No traffic police present at busy junction near Bypass Road,Traffic,9
Water tanker did not arrive in Pallavaram as scheduled,Water Supply,11
Zebra crossing markings have faded on Nehru Street,Traffic,9
Long waiting times reported at the government school area government hospital,Health,4
Bus frequency has reduced drastically on Guindy route,Public Transport,6
No science teacher appointed at Phase 2 school for 9 months,Education,1
Open manhole causing danger on Bypass Road in near the temple,Public Safety,5
Frequent power cuts are occurring in Nungambakkam,Electricity,2
Streetside electric meter is sparking in Ambattur,Electricity,2
No bus service available to Pallavaram after 8 pm,Public Transport,6
"No signal at the school crossing near Station Road, the industrial estate",Traffic,9
No science teacher appointed at Alwarpet school for 8 months,Education,1
Newly laid road on Nehru Street is already damaged,Road Maintenance,7
"New street light pole is needed on Temple Street, Anna Nagar",Street Lighting,8
Zebra crossing markings have faded on North Street,Traffic,9
Burning of waste is causing smoke in Porur,Environment,3
Stray dogs are attacking residents in the government school area,Public Safety,5
Dumping ground near the old bus stand area is causing bad odor,Waste Management,10
No specialist doctor visits the Nungambakkam health center,Health,4
No waste collection service provided in the panchayat office area colony,Waste Management,10
Textbooks not distributed on time in Tambaram schools,Education,1
Garbage is overflowing near North Street in near the temple,Waste Management,10
Bribe was demanded for issuing a building permit in Chromepet,Corruption,0
No water connection provided despite application in the main market road,Water Supply,11
Transformer near Temple Street in Porur is not working,Electricity,2
Segregated waste is being mixed by collection staff in Porur,Waste Management,10
"Traffic signal is damaged at Bazaar Street junction, Adyar",Traffic,9
Street light flickers continuously on Station Road,Street Lighting,8
Waterlogging occurs on Nehru Street during rains,Road Maintenance,7
Construction debris left on School Lane blocking traffic,Road Maintenance,7
Solar street lights installed in Adyar are non functional,Street Lighting,8
Auto drivers are refusing to use the meter near Temple Street,Public Transport,6
No bus service available to Kodambakkam after 8 pm,Public Transport,6
Garbage is overflowing near Main Road in Royapettah,Waste Management,10
Power supply tripped and not restored for 11 hours in Perambur,Electricity,2
Money was demanded for processing a pension application in Phase 2,Corruption,0
Vaccination camp was cancelled without notice in the panchayat office area,Health,4
"Traffic signal is damaged at Church Street junction, Phase 2",Traffic,9
Bus frequency has reduced drastically on Tambaram route,Public Transport,6
Dark stretch on Ring Road due to broken street lights,Street Lighting,8
A contractor is taking bribes for water connection approvals in T Nagar,Corruption,0
Ambulance service is delayed in Egmore,Health,4
Street light wiring is exposed and dangerous in Mylapore,Street Lighting,8
Newly laid road on Park Avenue is already damaged,Road Maintenance,7
Someone demanded a bribe for approval of a document in Mylapore,Corruption,0
Frequent traffic congestion on Nehru Street during peak hours,Traffic,9
A government official asked for extra money to process ration card in Anna Nagar,Corruption,0
Teacher is absent regularly at the the government school area government school,Education,1
Official at the Guindy office is demanding money for a certificate,Corruption,0
Solar street lights installed in the government school area are non functional,Street Lighting,8
Water body near near the temple is being polluted by industrial waste,Environment,3
Stray dogs are attacking residents in Kodambakkam,Public Safety,5
Traffic signal timing is too short at Church Street,Traffic,9
"Street lights remain on during daytime in the old bus stand area, wasting power",Street Lighting,8
Traffic signal timing is too short at Bypass Road,Traffic,9
Official at the the old bus stand area office is demanding money for a certificate,Corruption,0
Primary health center in the panchayat office area is understaffed,Health,4
"Traffic signal is damaged at MG Road junction, Egmore",Traffic,9
Deep pit left uncovered near Station Road in Sector 5,Public Safety,5
Bus service is irregular on the Royapettah route,Public Transport,6
Streetside electric meter is sparking in Pallavaram,Electricity,2
Illegal parking is causing traffic jams on Market Road,Traffic,9
No traffic police present at busy junction near South Street,Traffic,9
Illegal sand mining reported near Saidapet,Environment,3
Signboards are missing at the Temple Street intersection,Traffic,9
Voltage fluctuation is damaging appliances in the government school area,Electricity,2
Hospital in the panchayat office area has no doctors available,Health,4
Solar street lights installed in Royapettah are non functional,Street Lighting,8
Hospital in the main market road has no doctors available,Health,4
"Low water pressure reported near Nehru Street, Ambattur",Water Supply,11
Electric pole near Bazaar Street is leaning dangerously,Electricity,2
Street light flickers continuously on Gandhi Street,Street Lighting,8
Water pipe burst near Ring Road in Block C,Water Supply,11
Huge potholes on Ring Road in the main market road,Road Maintenance,7
Dumping ground near Alwarpet is causing bad odor,Waste Management,10
Auto drivers are refusing to use the meter near Gandhi Street,Public Transport,6
Waterlogging occurs on Bypass Road during rains,Road Maintenance,7
14 street lights have been off for weeks near School Lane,Street Lighting,8
Long waiting times reported at Vadapalani government hospital,Health,4
Illegal dumping of waste is happening near School Lane,Waste Management,10
Deep pit left uncovered near Temple Street in Ward 12,Public Safety,5
Teacher is absent regularly at the the industrial estate government school,Education,1
"No footpath available on South Street, pedestrians face danger",Road Maintenance,7
Overcrowded buses are running on the Egmore route,Public Transport,6
Huge potholes on Ring Road in Porur,Road Maintenance,7
Overcrowded classrooms reported in Chromepet government school,Education,1
Huge potholes on Station Road in Guindy,Road Maintenance,7
Auto drivers are refusing to use the meter near Ring Road,Public Transport,6
Teacher is absent regularly at the Porur government school,Education,1
Water pipe burst near Bypass Road in the main market road,Water Supply,11
Last bus timing has been cancelled for the industrial estate,Public Transport,6
Teacher is absent regularly at the Saidapet government school,Education,1
Bus frequency has reduced drastically on the panchayat office area route,Public Transport,6
Dumping ground near Egmore is causing bad odor,Waste Management,10
Corruption reported in distribution of government scheme benefits in Sector 5,Corruption,0
No traffic police present at busy junction near School Lane,Traffic,9
Street lights are not working on Bazaar Street in Pallavaram,Street Lighting,8
Electric pole near School Lane is leaning dangerously,Electricity,2
Broken compound wall near Ring Road is a safety hazard,Public Safety,5
Huge potholes on South Street in the main market road,Road Maintenance,7
Illegal parking is causing traffic jams on Church Street,Traffic,9
Teacher is absent regularly at the Block C government school,Education,1
Ambulance service is delayed in the panchayat office area,Health,4
Voltage fluctuation is damaging appliances in Vadapalani,Electricity,2
Broken compound wall near Church Street is a safety hazard,Public Safety,5
Open manhole causing danger on Gandhi Street in Pallavaram,Public Safety,5
Plastic waste dumped near the water body in Ambattur,Environment,3
No traffic police present at busy junction near Market Road,Traffic,9
Stray dogs are attacking residents in Velachery,Public Safety,5
Open manhole causing danger on School Lane in Velachery,Public Safety,5
Teacher is absent regularly at the Kodambakkam government school,Education,1
Bribe was demanded for issuing a building permit in Porur,Corruption,0
Official at the Nungambakkam office is demanding money for a certificate,Corruption,0
School lacks drinking water facility in Sector 5,Education,1
Water pipe burst near MG Road in the industrial estate,Water Supply,11
Teacher is absent regularly at the Mylapore government school,Education,1
Street light wiring is exposed and dangerous in Porur,Street Lighting,8
Traffic signal timing is too short at South Street,Traffic,9
Illegal dumping of waste is happening near MG Road,Waste Management,10
Public dustbin near Nehru Street is broken and overflowing,Waste Management,10
Burning of waste is causing smoke in Nungambakkam,Environment,3
Billing error in electricity charges for Nungambakkam residents,Electricity,2
Overcrowded buses are running on the Velachery route,Public Transport,6
Public dustbin near Bazaar Street is broken and overflowing,Waste Management,10
Water body near the housing board colony is being polluted by industrial waste,Environment,3
Bribe was demanded for issuing a building permit in Block C,Corruption,0
Frequent traffic congestion on Church Street during peak hours,Traffic,9
School building near North Street needs urgent repair,Education,1
Illegal sand mining reported near Alwarpet,Environment,3
Bus frequency has reduced drastically on Porur route,Public Transport,6
Dead animal left uncollected on Church Street in the main market road,Waste Management,10
No waste collection service provided in Porur colony,Waste Management,10
Air pollution levels are high near the factory in Phase 2,Environment,3
Illegal tree cutting is happening near Market Road in Egmore,Environment,3
Bribe was demanded for issuing a building permit in Ward 12,Corruption,0
Electricity is unavailable in Phase 2 for the past 5 days,Electricity,2
Electric pole near Station Road is leaning dangerously,Electricity,2
Money was demanded for processing a pension application in Guindy,Corruption,0
Bus frequency has reduced drastically on the panchayat office area route,Public Transport,6
School lacks drinking water facility in Kolathur,Education,1
Public dustbin near Bazaar Street is broken and overflowing,Waste Management,10
Street lights are not working on MG Road in Adyar,Street Lighting,8
Bus stop shelter near Church Street is damaged,Public Transport,6
Primary health center in the industrial estate is understaffed,Health,4
Speed breakers are missing near the school on Market Road,Road Maintenance,7
Mid day meal quality is poor at the old bus stand area school,Education,1
Electric pole near Gandhi Street is leaning dangerously,Electricity,2
No traffic police present at busy junction near Bypass Road,Traffic,9
Live wire lying on Bypass Road poses electrocution risk,Public Safety,5
Road divider near Gandhi Street is broken,Road Maintenance,7
Auto drivers are refusing to use the meter near North Street,Public Transport,6
Overcrowded buses are running on the Mylapore route,Public Transport,6
Water pipe burst near South Street in Perambur,Water Supply,11
Bus stop shelter near MG Road is damaged,Public Transport,6
Power supply tripped and not restored for 5 hours in Sector 5,Electricity,2
Solar street lights installed in Ward 12 are non functional,Street Lighting,8
Garbage collection truck has not come to Chromepet for 9 days,Waste Management,10
Huge potholes on Main Road in Porur,Road Maintenance,7
There is no drinking water in Guindy for the past 10 days,Water Supply,11
School building near School Lane needs urgent repair,Education,1
"Street lights remain on during daytime in Ward 12, wasting power",Street Lighting,8
Street light wiring is exposed and dangerous in Velachery,Street Lighting,8
Street light wiring is exposed and dangerous in Royapettah,Street Lighting,8
Official at the Kolathur office is demanding money for a certificate,Corruption,0
Illegal dumping of waste is happening near MG Road,Waste Management,10
Bribe was demanded for issuing a building permit in the panchayat office area,Corruption,0
Government hospital near Bazaar Street lacks basic medicines,Health,4
Dead animal left uncollected on Ring Road in the main market road,Waste Management,10
Overcrowded buses are running on the Adyar route,Public Transport,6
Dumping ground near Ambattur is causing bad odor,Waste Management,10
Public dustbin near Market Road is broken and overflowing,Waste Management,10
Last bus timing has been cancelled for Vadapalani,Public Transport,6
Zebra crossing markings have faded on North Street,Traffic,9
Corruption reported in distribution of government scheme benefits in T Nagar,Corruption,0
Contaminated water is being supplied in the old bus stand area,Water Supply,11
Overcrowded buses are running on the T Nagar route,Public Transport,6
Road near Station Road has not been repaired after monsoon,Road Maintenance,7
Money was demanded for processing a pension application in Adyar,Corruption,0
Government hospital near North Street lacks basic medicines,Health,4
New electricity connection is delayed in Nungambakkam,Electricity,2
Billing error in electricity charges for Adyar residents,Electricity,2
Electric pole near Nehru Street is leaning dangerously,Electricity,2
"Street lights remain on during daytime in Nungambakkam, wasting power",Street Lighting,8
Speed breakers are missing near the school on Bazaar Street,Road Maintenance,7
Someone demanded a bribe for approval of a document in Kolathur,Corruption,0
Bus frequency has reduced drastically on Block C route,Public Transport,6
Auto drivers are refusing to use the meter near Bazaar Street,Public Transport,6
Street light wiring is exposed and dangerous in Pallavaram,Street Lighting,8
Frequent power cuts are occurring in the old bus stand area,Electricity,2
Corruption reported in distribution of government scheme benefits in Nungambakkam,Corruption,0
No science teacher appointed at Anna Nagar school for 14 months,Education,1
Overhead tank in T Nagar has not been cleaned in months,Water Supply,11
Segregated waste is being mixed by collection staff in Tambaram,Waste Management,10
Primary health center in Egmore is understaffed,Health,4
Abandoned building near Bazaar Street is unsafe for children,Public Safety,5
Zebra crossing markings have faded on Market Road,Traffic,9
Illegal tree cutting is happening near Bypass Road in the housing board colony,Environment,3
Burning of waste is causing smoke in Velachery,Environment,3
Water pipe burst near Nehru Street in Porur,Water Supply,11
Abandoned building near North Street is unsafe for children,Public Safety,5
Mid day meal quality is poor at the railway station road school,Education,1
A clerk asked for extra money to process ration card in Alwarpet,Corruption,0
Air pollution levels are high near the factory in the housing board colony,Environment,3
Traffic signal timing is too short at MG Road,Traffic,9
No bus service available to Vadapalani after 8 pm,Public Transport,6
A contractor is taking bribes for water connection approvals in Royapettah,Corruption,0
Dumping ground near Saidapet is causing bad odor,Waste Management,10
Mid day meal quality is poor at Ambattur school,Education,1
Street light wiring is exposed and dangerous in Vadapalani,Street Lighting,8
School in the industrial estate lacks proper toilet facilities,Education,1
Water tanker did not arrive in the industrial estate as scheduled,Water Supply,11
Water pipe burst near Main Road in Egmore,Water Supply,11
Overhead tank in T Nagar has not been cleaned in months,Water Supply,11
Road near South Street has not been repaired after monsoon,Road Maintenance,7
A clerk asked for extra money to process ration card in near the temple,Corruption,0
Abandoned building near Main Road is unsafe for children,Public Safety,5
Abandoned building near Park Avenue is unsafe for children,Public Safety,5
"Low water pressure reported near Bazaar Street, Block C",Water Supply,11
Overcrowded classrooms reported in Porur government school,Education,1
Water tanker did not arrive in Tambaram as scheduled,Water Supply,11
Long waiting times reported at the government school area government hospital,Health,4
Road near Ring Road has not been repaired after monsoon,Road Maintenance,7
Illegal tree cutting is happening near MG Road in the housing board colony,Environment,3
No water connection provided despite application in the old bus stand area,Water Supply,11
Broken compound wall near Temple Street is a safety hazard,Public Safety,5
School lacks drinking water facility in the industrial estate,Education,1
Electric pole near Nehru Street is leaning dangerously,Electricity,2
Bus conductor misbehaved with passengers on Anna Nagar route,Public Transport,6
Power supply tripped and not restored for 5 hours in the main market road,Electricity,2
No traffic police present at busy junction near Bypass Road,Traffic,9
Dark stretch on Park Avenue due to broken street lights,Street Lighting,8
Exposed wires near South Street pose a danger to residents,Electricity,2
"New street light pole is needed on North Street, the main market road",Street Lighting,8
Street light wiring is exposed and dangerous in Guindy,Street Lighting,8
Plastic waste dumped near the water body in Sector 5,Environment,3
A government official is taking bribes for water connection approvals in Ward 12,Corruption,0
Traffic signal timing is too short at Nehru Street,Traffic,9
Street light flickers continuously on Church Street,Street Lighting,8
Corruption reported in distribution of government scheme benefits in Kolathur,Corruption,0
Overcrowded buses are running on the T Nagar route,Public Transport,6
There is no drinking water in near the temple for the past 9 days,Water Supply,11
"No footpath available on Temple Street, pedestrians face danger",Road Maintenance,7
Bus conductor misbehaved with passengers on T Nagar route,Public Transport,6
Zebra crossing markings have faded on Gandhi Street,Traffic,9
Official at the Anna Nagar office is demanding money for a certificate,Corruption,0
Power supply tripped and not restored for 11 hours in Adyar,Electricity,2
New electricity connection is delayed in Chromepet,Electricity,2
Bus frequency has reduced drastically on Adyar route,Public Transport,6
Illegal tree cutting is happening near Temple Street in Phase 2,Environment,3
Ambulance service is delayed in Adyar,Health,4
Auto drivers are refusing to use the meter near Nehru Street,Public Transport,6
Garbage collection truck has not come to Ambattur for 6 days,Waste Management,10
Plastic waste dumped near the water body in the main market road,Environment,3
Voltage fluctuation is damaging appliances in Nungambakkam,Electricity,2
Billing error in electricity charges for the railway station road residents,Electricity,2
A municipal worker is taking bribes for water connection approvals in Royapettah,Corruption,0
Hospital in the railway station road lacks cleanliness and hygiene,Health,4
"No signal at the school crossing near Bazaar Street, the industrial estate",Traffic,9
Official at the Phase 2 office is demanding money for a certificate,Corruption,0
Vaccination camp was cancelled without notice in Vadapalani,Health,4
Noise pollution from construction near Main Road at night,Environment,3
Contaminated water is being supplied in the government school area,Water Supply,11
Money was demanded for processing a pension application in Royapettah,Corruption,0
Live wire lying on North Street poses electrocution risk,Public Safety,5
There is no drinking water in Nungambakkam for the past 5 days,Water Supply,11
No traffic police present at busy junction near Gandhi Street,Traffic,9
Exposed wires near Gandhi Street pose a danger to residents,Electricity,2
Government hospital near Ring Road lacks basic medicines,Health,4
Leaking pipeline is wasting water on Station Road,Water Supply,11
Frequent traffic congestion on Bazaar Street during peak hours,Traffic,9
Abandoned building near Ring Road is unsafe for children,Public Safety,5
Street light wiring is exposed and dangerous in Pallavaram,Street Lighting,8
Burning of waste is causing smoke in Mylapore,Environment,3
Illegal dumping of waste is happening near Church Street,Waste Management,10
Road divider near Gandhi Street is broken,Road Maintenance,7
Bus frequency has reduced drastically on Kodambakkam route,Public Transport,6
Construction debris left on Station Road blocking traffic,Road Maintenance,7
"Low water pressure reported near School Lane, the industrial estate",Water Supply,11
Road near Temple Street has not been repaired after monsoon,Road Maintenance,7
Huge potholes on Ring Road in Porur,Road Maintenance,7
Zebra crossing markings have faded on North Street,Traffic,9
Water pipe burst near North Street in Sector 5,Water Supply,11
School in Chromepet lacks proper toilet facilities,Education,1
Burning of waste is causing smoke in Block C,Environment,3
Hospital in Vadapalani lacks cleanliness and hygiene,Health,4
Overhead tank in Kodambakkam has not been cleaned in months,Water Supply,11
Noise pollution from construction near Main Road at night,Environment,3
Bus frequency has reduced drastically on Saidapet route,Public Transport,6
Textbooks not distributed on time in Perambur schools,Education,1
Speed breakers are missing near the school on Church Street,Road Maintenance,7
Primary health center in Ambattur is understaffed,Health,4
Street light wiring is exposed and dangerous in the railway station road,Street Lighting,8
Open manhole causing danger on South Street in Alwarpet,Public Safety,5
Newly laid road on Gandhi Street is already damaged,Road Maintenance,7
Dead animal left uncollected on MG Road in Ward 12,Waste Management,10
No specialist doctor visits the Kolathur health center,Health,4
Auto drivers are refusing to use the meter near Gandhi Street,Public Transport,6
Air pollution levels are high near the factory in Tambaram,Environment,3
"New street light pole is needed on South Street, Kodambakkam",Street Lighting,8
Plastic waste dumped near the water body in the panchayat office area,Environment,3
Speed breakers are missing near the school on Market Road,Road Maintenance,7
"No footpath available on School Lane, pedestrians face danger",Road Maintenance,7
Street light wiring is exposed and dangerous in T Nagar,Street Lighting,8
Road near Main Road has not been repaired after monsoon,Road Maintenance,7
Public dustbin near School Lane is broken and overflowing,Waste Management,10
An officer at the counter is taking bribes for water connection approvals in near the temple,Corruption,0
Open manhole causing danger on Station Road in the railway station road,Public Safety,5
Public dustbin near Station Road is broken and overflowing,Waste Management,10
"No signal at the school crossing near Bypass Road, Royapettah",Traffic,9
Dark stretch on Market Road due to broken street lights,Street Lighting,8
A municipal worker is taking bribes for water connection approvals in Nungambakkam,Corruption,0
Overcrowded classrooms reported in Tambaram government school,Education,1
Illegal parking is causing traffic jams on School Lane,Traffic,9
Bus conductor misbehaved with passengers on Ward 12 route,Public Transport,6
"No signal at the school crossing near Station Road, near the temple",Traffic,9
School building near MG Road needs urgent repair,Education,1
No science teacher appointed at near the temple school for 13 months,Education,1
Official at the Ambattur office is demanding money for a certificate,Corruption,0
Frequent power cuts are occurring in Nungambakkam,Electricity,2
School lacks drinking water facility in Ambattur,Education,1
Newly laid road on Gandhi Street is already damaged,Road Maintenance,7
Textbooks not distributed on time in the main market road schools,Education,1
Frequent traffic congestion on Bazaar Street during peak hours,Traffic,9
Abandoned building near School Lane is unsafe for children,Public Safety,5
Noise pollution from construction near Main Road at night,Environment,3
Street lights are not working on Bypass Road in Egmore,Street Lighting,8
School building near Bazaar Street needs urgent repair,Education,1
No waste collection service provided in Perambur colony,Waste Management,10
Frequent power cuts are occurring in Guindy,Electricity,2
A municipal worker asked for extra money to process ration card in the government school area,Corruption,0
Road near Bazaar Street has not been repaired after monsoon,Road Maintenance,7
Vaccination camp was cancelled without notice in Ward 12,Health,4
Government hospital near Ring Road lacks basic medicines,Health,4
Dark stretch on Nehru Street due to broken street lights,Street Lighting,8
Government hospital near Nehru Street lacks basic medicines,Health,4
"No signal at the school crossing near North Street, Tambaram",Traffic,9
Transformer near South Street in the industrial estate is not working,Electricity,2
A middleman asked for extra money to process ration card in Anna Nagar,Corruption,0
"Traffic signal is damaged at Church Street junction, Saidapet",Traffic,9
Long waiting times reported at Chromepet government hospital,Health,4
Transformer near South Street in Sector 5 is not working,Electricity,2
Dumping ground near Kolathur is causing bad odor,Waste Management,10
Bribe was demanded for issuing a building permit in Guindy,Corruption,0
Ambulance service is delayed in Perambur,Health,4
Overhead tank in Egmore has not been cleaned in months,Water Supply,11
"No signal at the school crossing near Market Road, Vadapalani",Traffic,9
Unsafe construction site near Main Road lacks barricades,Public Safety,5
Textbooks not distributed on time in Velachery schools,Education,1
Auto drivers are refusing to use the meter near Temple Street,Public Transport,6
Dead animal left uncollected on Bazaar Street in Kodambakkam,Waste Management,10
Water pipe burst near Park Avenue in the old bus stand area,Water Supply,11
No security personnel at the public park in Anna Nagar,Public Safety,5
"New street light pole is needed on Station Road, Guindy",Street Lighting,8
Street lights are not working on Market Road in Anna Nagar,Street Lighting,8
"Street lights remain on during daytime in Egmore, wasting power",Street Lighting,8
Open manhole causing danger on MG Road in Guindy,Public Safety,5
Water pipe burst near Station Road in Guindy,Water Supply,11
Last bus timing has been cancelled for Phase 2,Public Transport,6
Solar street lights installed in Vadapalani are non functional,Street Lighting,8
Public dustbin near Church Street is broken and overflowing,Waste Management,10
Long waiting times reported at Mylapore government hospital,Health,4
Illegal parking is causing traffic jams on North Street,Traffic,9
Last bus timing has been cancelled for Vadapalani,Public Transport,6
Newly laid road on South Street is already damaged,Road Maintenance,7
Overhead tank in the industrial estate has not been cleaned in months,Water Supply,11
Zebra crossing markings have faded on Bypass Road,Traffic,9
Garbage is overflowing near Bypass Road in Ambattur,Waste Management,10
School building near South Street needs urgent repair,Education,1
Dead animal left uncollected on Bypass Road in the housing board colony,Waste Management,10
Last bus timing has been cancelled for the government school area,Public Transport,6
Abandoned building near Nehru Street is unsafe for children,Public Safety,5
Someone demanded a bribe for approval of a document in Guindy,Corruption,0
Electric pole near Church Street is leaning dangerously,Electricity,2
Primary health center in Ward 12 is understaffed,Health,4
No security personnel at the public park in the housing board colony,Public Safety,5
Segregated waste is being mixed by collection staff in Anna Nagar,Waste Management,10
Plastic waste dumped near the water body in Nungambakkam,Environment,3
Bus conductor misbehaved with passengers on Alwarpet route,Public Transport,6
Illegal tree cutting is happening near Park Avenue in the panchayat office area,Environment,3
Transformer near Church Street in Chromepet is not working,Electricity,2
Water body near Porur is being polluted by industrial waste,Environment,3
Water pipe burst near School Lane in Adyar,Water Supply,11
School in Saidapet lacks proper toilet facilities,Education,1
Electricity is unavailable in Ambattur for the past 9 days,Electricity,2
Water pipe burst near School Lane in Alwarpet,Water Supply,11
Water supply has been irregular in Block C for 12 weeks,Water Supply,11
Garbage is overflowing near Gandhi Street in the housing board colony,Waste Management,10
Public dustbin near School Lane is broken and overflowing,Waste Management,10
Speed breakers are missing near the school on MG Road,Road Maintenance,7
Newly laid road on Market Road is already damaged,Road Maintenance,7
Teacher is absent regularly at the Block C government school,Education,1
Bus frequency has reduced drastically on the railway station road route,Public Transport,6
Segregated waste is being mixed by collection staff in Block C,Waste Management,10
Public dustbin near South Street is broken and overflowing,Waste Management,10
Illegal parking is causing traffic jams on Market Road,Traffic,9
Huge potholes on Main Road in Ambattur,Road Maintenance,7
Segregated waste is being mixed by collection staff in the railway station road,Waste Management,10
Last bus timing has been cancelled for Saidapet,Public Transport,6
Open manhole causing danger on MG Road in the industrial estate,Public Safety,5
Bus stop shelter near Station Road is damaged,Public Transport,6
No bus service available to Kodambakkam after 8 pm,Public Transport,6
Transformer near Temple Street in Perambur is not working,Electricity,2
Contaminated water is being supplied in Mylapore,Water Supply,11
Last bus timing has been cancelled for Anna Nagar,Public Transport,6
There is no drinking water in Egmore for the past 2 days,Water Supply,11
No security personnel at the public park in Tambaram,Public Safety,5
"No footpath available on Gandhi Street, pedestrians face danger",Road Maintenance,7
Official at the the railway station road office is demanding money for a certificate,Corruption,0
A middleman asked for extra money to process ration card in Porur,Corruption,0
Bribe was demanded for issuing a building permit in Pallavaram,Corruption,0
Teacher is absent regularly at the Vadapalani government school,Education,1
Dark stretch on Park Avenue due to broken street lights,Street Lighting,8
Exposed wires near Main Road pose a danger to residents,Electricity,2
Leaking pipeline is wasting water on Main Road,Water Supply,11
Transformer near Gandhi Street in near the temple is not working,Electricity,2
Encroachment on the lake near Velachery is destroying wetlands,Environment,3
Textbooks not distributed on time in Velachery schools,Education,1
Long waiting times reported at Block C government hospital,Health,4
Government hospital near Temple Street lacks basic medicines,Health,4
Garbage is overflowing near Church Street in the old bus stand area,Waste Management,10
Traffic signal timing is too short at Market Road,Traffic,9
Bus stop shelter near Park Avenue is damaged,Public Transport,6
Waterlogging occurs on Temple Street during rains,Road Maintenance,7
Someone demanded a bribe for approval of a document in Egmore,Corruption,0
Open manhole causing danger on Main Road in Ward 12,Public Safety,5
"New street light pole is needed on Ring Road, Vadapalani",Street Lighting,8
Street lights are not working on Bazaar Street in Kodambakkam,Street Lighting,8
"New street light pole is needed on Gandhi Street, Egmore",Street Lighting,8
A contractor is taking bribes for water connection approvals in Kodambakkam,Corruption,0
Teacher is absent regularly at the Kolathur government school,Education,1
Stray dogs are attacking residents in Egmore,Public Safety,5
Streetside electric meter is sparking in Adyar,Electricity,2
No specialist doctor visits the Egmore health center,Health,4
Bus conductor misbehaved with passengers on the housing board colony route,Public Transport,6
Government hospital near Bypass Road lacks basic medicines,Health,4
Bribe was demanded for issuing a building permit in Block C,Corruption,0
Transformer near School Lane in Kodambakkam is not working,Electricity,2
Dumping ground near Adyar is causing bad odor,Waste Management,10
No waste collection service provided in Block C colony,Waste Management,10
Bus frequency has reduced drastically on Egmore route,Public Transport,6
Frequent power cuts are occurring in Royapettah,Electricity,2
"No footpath available on Nehru Street, pedestrians face danger",Road Maintenance,7
A contractor asked for extra money to process ration card in the old bus stand area,Corruption,0
Teacher is absent regularly at the the old bus stand area government school,Education,1
Solar street lights installed in Velachery are non functional,Street Lighting,8
New electricity connection is delayed in Porur,Electricity,2
School in Vadapalani lacks proper toilet facilities,Education,1
Corruption reported in distribution of government scheme benefits in Ward 12,Corruption,0
Teacher is absent regularly at the Phase 2 government school,Education,1
Hospital in Anna Nagar has no doctors available,Health,4
Plastic waste dumped near the water body in Perambur,Environment,3
Official at the the railway station road office is demanding money for a certificate,Corruption,0
Water pipe burst near South Street in Pallavaram,Water Supply,11
Bribe was demanded for issuing a building permit in the panchayat office area,Corruption,0
Bus stop shelter near North Street is damaged,Public Transport,6
Newly laid road on Station Road is already damaged,Road Maintenance,7
Teacher is absent regularly at the Sector 5 government school,Education,1
Garbage collection truck has not come to Nungambakkam for 15 days,Waste Management,10
Speed breakers are missing near the school on Bazaar Street,Road Maintenance,7
Illegal sand mining reported near Porur,Environment,3
No security personnel at the public park in Adyar,Public Safety,5
Water supply has been irregular in Block C for 7 weeks,Water Supply,11
Street lights are not working on North Street in the government school area,Street Lighting,8
School lacks drinking water facility in Phase 2,Education,1
Broken compound wall near Main Road is a safety hazard,Public Safety,5
Overhead tank in Vadapalani has not been cleaned in months,Water Supply,11
Overcrowded classrooms reported in Egmore government school,Education,1
Garbage collection truck has not come to Anna Nagar for 2 days,Waste Management,10
No waste collection service provided in Guindy colony,Waste Management,10
Overhead tank in the housing board colony has not been cleaned in months,Water Supply,11
Someone demanded a bribe for approval of a document in Perambur,Corruption,0
No bus service available to Chromepet after 8 pm,Public Transport,6
Someone demanded a bribe for approval of a document in Mylapore,Corruption,0
New electricity connection is delayed in Block C,Electricity,2
Deep pit left uncovered near Bypass Road in near the temple,Public Safety,5
Signboards are missing at the Nehru Street intersection,Traffic,9
Frequent traffic congestion on Temple Street during peak hours,Traffic,9
No traffic police present at busy junction near Church Street,Traffic,9
Bribe was demanded for issuing a building permit in Pallavaram,Corruption,0
Someone demanded a bribe for approval of a document in Royapettah,Corruption,0
Vaccination camp was cancelled without notice in Mylapore,Health,4
Street lights are not working on Church Street in Alwarpet,Street Lighting,8
Bribe was demanded for issuing a building permit in Ward 12,Corruption,0
Huge potholes on Church Street in Nungambakkam,Road Maintenance,7
Voltage fluctuation is damaging appliances in Perambur,Electricity,2
No science teacher appointed at Phase 2 school for 12 months,Education,1
Contaminated water is being supplied in Velachery,Water Supply,11
Money was demanded for processing a pension application in Phase 2,Corruption,0
An officer at the counter is taking bribes for water connection approvals in Pallavaram,Corruption,0
Dead animal left uncollected on Bazaar Street in Tambaram,Waste Management,10
Water supply has been irregular in the panchayat office area for 8 weeks,Water Supply,11
Dead animal left uncollected on Park Avenue in Sector 5,Waste Management,10
Speed breakers are missing near the school on South Street,Road Maintenance,7
Zebra crossing markings have faded on Park Avenue,Traffic,9
Plastic waste dumped near the water body in Nungambakkam,Environment,3
Signboards are missing at the Church Street intersection,Traffic,9
Water body near T Nagar is being polluted by industrial waste,Environment,3
Electricity is unavailable in Egmore for the past 14 days,Electricity,2
No traffic police present at busy junction near Nehru Street,Traffic,9
Leaking pipeline is wasting water on Market Road,Water Supply,11
Encroachment on the lake near Chromepet is destroying wetlands,Environment,3
No science teacher appointed at Anna Nagar school for 9 months,Education,1
Segregated waste is being mixed by collection staff in Velachery,Waste Management,10
"No footpath available on Market Road, pedestrians face danger",Road Maintenance,7
Garbage collection truck has not come to the railway station road for 7 days,Waste Management,10
Unsafe construction site near South Street lacks barricades,Public Safety,5
Someone demanded a bribe for approval of a document in Pallavaram,Corruption,0
"No footpath available on Church Street, pedestrians face danger",Road Maintenance,7
Segregated waste is being mixed by collection staff in near the temple,Waste Management,10
6 street lights have been off for weeks near Church Street,Street Lighting,8
There is no drinking water in Kolathur for the past 10 days,Water Supply,11
Traffic signal timing is too short at North Street,Traffic,9
Construction debris left on Station Road blocking traffic,Road Maintenance,7
Speed breakers are missing near the school on North Street,Road Maintenance,7
Transformer near Nehru Street in near the temple is not working,Electricity,2
Electricity is unavailable in Block C for the past 9 days,Electricity,2
Traffic signal timing is too short at Nehru Street,Traffic,9
Vaccination camp was cancelled without notice in Adyar,Health,4
Someone demanded a bribe for approval of a document in the railway station road,Corruption,0
Segregated waste is being mixed by collection staff in Chromepet,Waste Management,10
Road divider near Ring Road is broken,Road Maintenance,7
Overcrowded classrooms reported in Guindy government school,Education,1
Broken compound wall near School Lane is a safety hazard,Public Safety,5
Dark stretch on Bazaar Street due to broken street lights,Street Lighting,8
Construction debris left on Gandhi Street blocking traffic,Road Maintenance,7
A municipal worker asked for extra money to process ration card in near the temple,Corruption,0
Borewell in Sector 5 has run dry,Water Supply,11
Dead animal left uncollected on Nehru Street in the housing board colony,Waste Management,10
Bus stop shelter near School Lane is damaged,Public Transport,6
Traffic signal timing is too short at Church Street,Traffic,9
Borewell in Kolathur has run dry,Water Supply,11
"No footpath available on Bazaar Street, pedestrians face danger",Road Maintenance,7
No security personnel at the public park in Kolathur,Public Safety,5
8 street lights have been off for weeks near Nehru Street,Street Lighting,8
Leaking pipeline is wasting water on Gandhi Street,Water Supply,11
Illegal tree cutting is happening near MG Road in Sector 5,Environment,3
Dark stretch on Bazaar Street due to broken street lights,Street Lighting,8
Textbooks not distributed on time in the railway station road schools,Education,1
Dark stretch on Park Avenue due to broken street lights,Street Lighting,8
Street lights are not working on Temple Street in Ward 12,Street Lighting,8
Mid day meal quality is poor at Phase 2 school,Education,1
Textbooks not distributed on time in Egmore schools,Education,1
Traffic signal timing is too short at Bypass Road,Traffic,9
12 street lights have been off for weeks near Ring Road,Street Lighting,8
Road divider near Market Road is broken,Road Maintenance,7
No specialist doctor visits the Tambaram health center,Health,4
Air pollution levels are high near the factory in the housing board colony,Environment,3
Illegal dumping of waste is happening near School Lane,Waste Management,10
Leaking pipeline is wasting water on Bazaar Street,Water Supply,11
Billing error in electricity charges for Guindy residents,Electricity,2
Dead animal left uncollected on Ring Road in the government school area,Waste Management,10
Illegal tree cutting is happening near Park Avenue in the railway station road,Environment,3
Speed breakers are missing near the school on School Lane,Road Maintenance,7
Stray dogs are attacking residents in Phase 2,Public Safety,5
Construction debris left on MG Road blocking traffic,Road Maintenance,7
Deep pit left uncovered near Station Road in Chromepet,Public Safety,5
Street light flickers continuously on MG Road,Street Lighting,8
Bus service is irregular on the Egmore route,Public Transport,6
Speed breakers are missing near the school on School Lane,Road Maintenance,7
School building near Ring Road needs urgent repair,Education,1
Bus frequency has reduced drastically on Mylapore route,Public Transport,6
Broken compound wall near MG Road is a safety hazard,Public Safety,5
Broken compound wall near School Lane is a safety hazard,Public Safety,5
13 street lights have been off for weeks near Church Street,Street Lighting,8
Zebra crossing markings have faded on Ring Road,Traffic,9
Road divider near Church Street is broken,Road Maintenance,7
No science teacher appointed at Nungambakkam school for 13 months,Education,1
Live wire lying on Bazaar Street poses electrocution risk,Public Safety,5
Illegal parking is causing traffic jams on Main Road,Traffic,9
Voltage fluctuation is damaging appliances in Sector 5,Electricity,2
Corruption reported in distribution of government scheme benefits in Guindy,Corruption,0
Garbage collection truck has not come to Porur for 4 days,Waste Management,10
Open manhole causing danger on School Lane in the government school area,Public Safety,5
Streetside electric meter is sparking in Chromepet,Electricity,2
Bribe was demanded for issuing a building permit in Chromepet,Corruption,0
7 street lights have been off for weeks near Gandhi Street,Street Lighting,8
Dumping ground near the main market road is causing bad odor,Waste Management,10
School in Anna Nagar lacks proper toilet facilities,Education,1
Primary health center in Velachery is understaffed,Health,4
Bus stop shelter near Park Avenue is damaged,Public Transport,6
Public dustbin near North Street is broken and overflowing,Waste Management,10
Abandoned building near Gandhi Street is unsafe for children,Public Safety,5
Electric pole near Church Street is leaning dangerously,Electricity,2
Huge potholes on Station Road in Egmore,Road Maintenance,7
Public dustbin near MG Road is broken and overflowing,Waste Management,10
Newly laid road on Market Road is already damaged,Road Maintenance,7
Plastic waste dumped near the water body in Anna Nagar,Environment,3
Water pipe burst near Park Avenue in Saidapet,Water Supply,11
Deep pit left uncovered near Bazaar Street in Tambaram,Public Safety,5
Stray dogs are attacking residents in Perambur,Public Safety,5
"No signal at the school crossing near School Lane, the housing board colony",Traffic,9
Overcrowded classrooms reported in Anna Nagar government school,Education,1
Broken compound wall near North Street is a safety hazard,Public Safety,5
"Street lights remain on during daytime in Pallavaram, wasting power",Street Lighting,8
Noise pollution from construction near Main Road at night,Environment,3
Corruption reported in distribution of government scheme benefits in Adyar,Corruption,0
School building near Bazaar Street needs urgent repair,Education,1
Mid day meal quality is poor at Ward 12 school,Education,1
Burning of waste is causing smoke in the main market road,Environment,3
Bus frequency has reduced drastically on the industrial estate route,Public Transport,6
Primary health center in Tambaram is understaffed,Health,4
Mid day meal quality is poor at Vadapalani school,Education,1
Bus frequency has reduced drastically on the panchayat office area route,Public Transport,6
Streetside electric meter is sparking in the old bus stand area,Electricity,2
Huge potholes on Bazaar Street in the government school area,Road Maintenance,7
Water tanker did not arrive in Mylapore as scheduled,Water Supply,11
Bus frequency has reduced drastically on Mylapore route,Public Transport,6
Illegal parking is causing traffic jams on Temple Street,Traffic,9
Bus service is irregular on the Alwarpet route,Public Transport,6
Signboards are missing at the MG Road intersection,Traffic,9
Bus frequency has reduced drastically on Vadapalani route,Public Transport,6
Speed breakers are missing near the school on Park Avenue,Road Maintenance,7
Illegal dumping of waste is happening near Main Road,Waste Management,10
Street light wiring is exposed and dangerous in Phase 2,Street Lighting,8
Money was demanded for processing a pension application in Guindy,Corruption,0
Electric pole near Ring Road is leaning dangerously,Electricity,2
Electricity is unavailable in Alwarpet for the past 5 days,Electricity,2
Transformer near Gandhi Street in Egmore is not working,Electricity,2
Auto drivers are refusing to use the meter near Market Road,Public Transport,6
Garbage collection truck has not come to the panchayat office area for 12 days,Waste Management,10
Burning of waste is causing smoke in Egmore,Environment,3
Garbage collection truck has not come to Ambattur for 3 days,Waste Management,10
No science teacher appointed at Guindy school for 7 months,Education,1
Corruption reported in distribution of government scheme benefits in Block C,Corruption,0
Bribe was demanded for issuing a building permit in Saidapet,Corruption,0
No security personnel at the public park in Mylapore,Public Safety,5
Water supply has been irregular in Tambaram for 14 weeks,Water Supply,11
Textbooks not distributed on time in Ward 12 schools,Education,1
Encroachment on the lake near Tambaram is destroying wetlands,Environment,3
Hospital in the housing board colony has no doctors available,Health,4
No security personnel at the public park in T Nagar,Public Safety,5
Waterlogging occurs on South Street during rains,Road Maintenance,7
Government hospital near Park Avenue lacks basic medicines,Health,4
"Street lights remain on during daytime in Saidapet, wasting power",Street Lighting,8
School building near Main Road needs urgent repair,Education,1
Textbooks not distributed on time in T Nagar schools,Education,1
No waste collection service provided in Nungambakkam colony,Waste Management,10
Contaminated water is being supplied in Adyar,Water Supply,11
Huge potholes on Park Avenue in Ambattur,Road Maintenance,7
Stray dogs are attacking residents in Phase 2,Public Safety,5
A municipal worker asked for extra money to process ration card in the government school area,Corruption,0
Deep pit left uncovered near North Street in Kolathur,Public Safety,5
Money was demanded for processing a pension application in Nungambakkam,Corruption,0
"Street lights remain on during daytime in Kodambakkam, wasting power",Street Lighting,8
Teacher is absent regularly at the Kolathur government school,Education,1
A municipal worker asked for extra money to process ration card in Chromepet,Corruption,0
Auto drivers are refusing to use the meter near Temple Street,Public Transport,6
Primary health center in Perambur is understaffed,Health,4
Waterlogging occurs on Bypass Road during rains,Road Maintenance,7
Illegal tree cutting is happening near Temple Street in Phase 2,Environment,3
School lacks drinking water facility in Anna Nagar,Education,1
Live wire lying on Bazaar Street poses electrocution risk,Public Safety,5
Hospital in Ward 12 has no doctors available,Health,4
Signboards are missing at the Bazaar Street intersection,Traffic,9
Waterlogging occurs on Ring Road during rains,Road Maintenance,7
Illegal sand mining reported near Porur,Environment,3
Garbage is overflowing near Park Avenue in Kolathur,Waste Management,10
Someone demanded a bribe for approval of a document in Adyar,Corruption,0
Long waiting times reported at the main market road government hospital,Health,4
Overhead tank in the industrial estate has not been cleaned in months,Water Supply,11
Ambulance service is delayed in Anna Nagar,Health,4
Traffic signal timing is too short at MG Road,Traffic,9
Garbage collection truck has not come to Kodambakkam for 3 days,Waste Management,10
Abandoned building near Bazaar Street is unsafe for children,Public Safety,5
Last bus timing has been cancelled for Block C,Public Transport,6
There is no drinking water in Pallavaram for the past 9 days,Water Supply,11
Long waiting times reported at Nungambakkam government hospital,Health,4
Open manhole causing danger on Gandhi Street in Royapettah,Public Safety,5
Leaking pipeline is wasting water on Main Road,Water Supply,11
Bribe was demanded for issuing a building permit in Block C,Corruption,0
Signboards are missing at the Temple Street intersection,Traffic,9
"No signal at the school crossing near Church Street, Sector 5",Traffic,9
No science teacher appointed at Tambaram school for 5 months,Education,1
Air pollution levels are high near the factory in near the temple,Environment,3
Zebra crossing markings have faded on Ring Road,Traffic,9
Traffic signal timing is too short at Market Road,Traffic,9
No security personnel at the public park in Block C,Public Safety,5
Exposed wires near Church Street pose a danger to residents,Electricity,2
School lacks drinking water facility in Block C,Education,1
Voltage fluctuation is damaging appliances in Vadapalani,Electricity,2
Electricity is unavailable in Royapettah for the past 8 days,Electricity,2
Vaccination camp was cancelled without notice in Kolathur,Health,4
Frequent traffic congestion on South Street during peak hours,Traffic,9
Contaminated water is being supplied in Alwarpet,Water Supply,11
Garbage is overflowing near Temple Street in the housing board colony,Waste Management,10
Hospital in the industrial estate has no doctors available,Health,4
Electric pole near Gandhi Street is leaning dangerously,Electricity,2
"Traffic signal is damaged at Bypass Road junction, Mylapore",Traffic,9
Electricity is unavailable in Porur for the past 5 days,Electricity,2
Garbage is overflowing near Market Road in Mylapore,Waste Management,10
Deep pit left uncovered near Nehru Street in the panchayat office area,Public Safety,5
Public dustbin near MG Road is broken and overflowing,Waste Management,10
Open manhole causing danger on North Street in Guindy,Public Safety,5
Newly laid road on North Street is already damaged,Road Maintenance,7
Segregated waste is being mixed by collection staff in the government school area,Waste Management,10
Bus conductor misbehaved with passengers on the government school area route,Public Transport,6
Textbooks not distributed on time in Tambaram schools,Education,1
"New street light pole is needed on Main Road, Sector 5",Street Lighting,8
Auto drivers are refusing to use the meter near Bazaar Street,Public Transport,6
Abandoned building near Bazaar Street is unsafe for children,Public Safety,5
"New street light pole is needed on North Street, the old bus stand area",Street Lighting,8
Noise pollution from construction near Temple Street at night,Environment,3
Textbooks not distributed on time in Pallavaram schools,Education,1
Transformer near Ring Road in Perambur is not working,Electricity,2
Illegal dumping of waste is happening near Ring Road,Waste Management,10
"No footpath available on Bazaar Street, pedestrians face danger",Road Maintenance,7
Air pollution levels are high near the factory in Guindy,Environment,3
"Low water pressure reported near South Street, Egmore",Water Supply,11
Mid day meal quality is poor at Velachery school,Education,1
Government hospital near Nehru Street lacks basic medicines,Health,4
Dead animal left uncollected on Nehru Street in Phase 2,Waste Management,10
Voltage fluctuation is damaging appliances in Perambur,Electricity,2
Plastic waste dumped near the water body in Ambattur,Environment,3
No security personnel at the public park in the old bus stand area,Public Safety,5
Noise pollution from construction near Bypass Road at night,Environment,3
Hospital in Phase 2 lacks cleanliness and hygiene,Health,4
Textbooks not distributed on time in Nungambakkam schools,Education,1
Vaccination camp was cancelled without notice in Mylapore,Health,4
Street light flickers continuously on Gandhi Street,Street Lighting,8
Signboards are missing at the Park Avenue intersection,Traffic,9
No specialist doctor visits the the panchayat office area health center,Health,4
Construction debris left on Main Road blocking traffic,Road Maintenance,7
Newly laid road on North Street is already damaged,Road Maintenance,7
Bus frequency has reduced drastically on near the temple route,Public Transport,6
Water body near Porur is being polluted by industrial waste,Environment,3
Live wire lying on North Street poses electrocution risk,Public Safety,5
"New street light pole is needed on School Lane, Chromepet",Street Lighting,8
Frequent power cuts are occurring in Egmore,Electricity,2
Hospital in Vadapalani lacks cleanliness and hygiene,Health,4
No bus service available to Adyar after 8 pm,Public Transport,6
"Traffic signal is damaged at Main Road junction, Ward 12",Traffic,9
Electric pole near Bypass Road is leaning dangerously,Electricity,2
"No signal at the school crossing near Market Road, Sector 5",Traffic,9
Bus frequency has reduced drastically on Block C route,Public Transport,6
Transformer near Main Road in Ward 12 is not working,Electricity,2
No waste collection service provided in Anna Nagar colony,Waste Management,10
Unsafe construction site near Temple Street lacks barricades,Public Safety,5
Abandoned building near South Street is unsafe for children,Public Safety,5
Public dustbin near MG Road is broken and overflowing,Waste Management,10
"Street lights remain on during daytime in Ward 12, wasting power",Street Lighting,8
Open manhole causing danger on Gandhi Street in the main market road,Public Safety,5
No water connection provided despite application in Adyar,Water Supply,11
Air pollution levels are high near the factory in Guindy,Environment,3
Burning of waste is causing smoke in Vadapalani,Environment,3
Dumping ground near T Nagar is causing bad odor,Waste Management,10
Leaking pipeline is wasting water on Bypass Road,Water Supply,11
Open manhole causing danger on Ring Road in Velachery,Public Safety,5
"Low water pressure reported near Gandhi Street, the old bus stand area",Water Supply,11
Long waiting times reported at the panchayat office area government hospital,Health,4
Signboards are missing at the Bazaar Street intersection,Traffic,9
Live wire lying on MG Road poses electrocution risk,Public Safety,5
Voltage fluctuation is damaging appliances in Saidapet,Electricity,2
Illegal tree cutting is happening near Church Street in Mylapore,Environment,3
Waterlogging occurs on Main Road during rains,Road Maintenance,7
Abandoned building near MG Road is unsafe for children,Public Safety,5
Stray dogs are attacking residents in Anna Nagar,Public Safety,5
Bus service is irregular on the Ward 12 route,Public Transport,6
8 street lights have been off for weeks near Gandhi Street,Street Lighting,8
"No signal at the school crossing near School Lane, Mylapore",Traffic,9
"No footpath available on Church Street, pedestrians face danger",Road Maintenance,7
Street lights are not working on School Lane in Porur,Street Lighting,8
Teacher is absent regularly at the Perambur government school,Education,1
Speed breakers are missing near the school on Bazaar Street,Road Maintenance,7
Overcrowded classrooms reported in Kolathur government school,Education,1
Segregated waste is being mixed by collection staff in Pallavaram,Waste Management,10
15 street lights have been off for weeks near Bazaar Street,Street Lighting,8
Public dustbin near Temple Street is broken and overflowing,Waste Management,10
Mid day meal quality is poor at Alwarpet school,Education,1
Stray dogs are attacking residents in Saidapet,Public Safety,5
Auto drivers are refusing to use the meter near Market Road,Public Transport,6
Newly laid road on Station Road is already damaged,Road Maintenance,7
Frequent power cuts are occurring in the panchayat office area,Electricity,2
"New street light pole is needed on Bazaar Street, Anna Nagar",Street Lighting,8
Noise pollution from construction near North Street at night,Environment,3
Segregated waste is being mixed by collection staff in Chromepet,Waste Management,10
Noise pollution from construction near Main Road at night,Environment,3
Water tanker did not arrive in Ward 12 as scheduled,Water Supply,11
Mid day meal quality is poor at Saidapet school,Education,1
Live wire lying on Ring Road poses electrocution risk,Public Safety,5
Billing error in electricity charges for Perambur residents,Electricity,2
Illegal parking is causing traffic jams on South Street,Traffic,9
No science teacher appointed at Phase 2 school for 12 months,Education,1
No waste collection service provided in Nungambakkam colony,Waste Management,10
Speed breakers are missing near the school on Gandhi Street,Road Maintenance,7
Money was demanded for processing a pension application in the housing board colony,Corruption,0
Illegal sand mining reported near the industrial estate,Environment,3
Street light flickers continuously on North Street,Street Lighting,8
Frequent traffic congestion on MG Road during peak hours,Traffic,9
Auto drivers are refusing to use the meter near Gandhi Street,Public Transport,6
Solar street lights installed in Tambaram are non functional,Street Lighting,8
Construction debris left on Ring Road blocking traffic,Road Maintenance,7
Textbooks not distributed on time in T Nagar schools,Education,1
Solar street lights installed in Kodambakkam are non functional,Street Lighting,8
Billing error in electricity charges for Nungambakkam residents,Electricity,2
An officer at the counter asked for extra money to process ration card in Kolathur,Corruption,0
Overcrowded classrooms reported in Kodambakkam government school,Education,1
Unsafe construction site near Gandhi Street lacks barricades,Public Safety,5
Bus service is irregular on the Kolathur route,Public Transport,6
Vaccination camp was cancelled without notice in near the temple,Health,4
Last bus timing has been cancelled for the government school area,Public Transport,6
Water supply has been irregular in the railway station road for 9 weeks,Water Supply,11
Corruption reported in distribution of government scheme benefits in Tambaram,Corruption,0
Zebra crossing markings have faded on Park Avenue,Traffic,9
Deep pit left uncovered near School Lane in Nungambakkam,Public Safety,5
Street light wiring is exposed and dangerous in T Nagar,Street Lighting,8
Hospital in Sector 5 lacks cleanliness and hygiene,Health,4
Live wire lying on Bazaar Street poses electrocution risk,Public Safety,5
No traffic police present at busy junction near Main Road,Traffic,9
Someone demanded a bribe for approval of a document in Phase 2,Corruption,0
Live wire lying on South Street poses electrocution risk,Public Safety,5
Vaccination camp was cancelled without notice in the industrial estate,Health,4
Illegal sand mining reported near Kolathur,Environment,3
Illegal dumping of waste is happening near Bypass Road,Waste Management,10
Unsafe construction site near Bypass Road lacks barricades,Public Safety,5
Zebra crossing markings have faded on North Street,Traffic,9
Air pollution levels are high near the factory in Tambaram,Environment,3
Broken compound wall near Bazaar Street is a safety hazard,Public Safety,5
Air pollution levels are high near the factory in the housing board colony,Environment,3
Plastic waste dumped near the water body in Chromepet,Environment,3
Open manhole causing danger on North Street in Phase 2,Public Safety,5
Water tanker did not arrive in the old bus stand area as scheduled,Water Supply,11
Money was demanded for processing a pension application in the old bus stand area,Corruption,0
Open manhole causing danger on Park Avenue in Anna Nagar,Public Safety,5
No science teacher appointed at Ward 12 school for 5 months,Education,1
Hospital in T Nagar lacks cleanliness and hygiene,Health,4
Solar street lights installed in Perambur are non functional,Street Lighting,8
Newly laid road on Bazaar Street is already damaged,Road Maintenance,7
Deep pit left uncovered near Gandhi Street in Vadapalani,Public Safety,5
Burning of waste is causing smoke in Kolathur,Environment,3
Hospital in Saidapet has no doctors available,Health,4
Bus service is irregular on the Velachery route,Public Transport,6
Billing error in electricity charges for Nungambakkam residents,Electricity,2
Burning of waste is causing smoke in Perambur,Environment,3
Primary health center in Nungambakkam is understaffed,Health,4
Street lights are not working on Temple Street in Phase 2,Street Lighting,8
Money was demanded for processing a pension application in Adyar,Corruption,0
Overcrowded classrooms reported in Egmore government school,Education,1
Water tanker did not arrive in the old bus stand area as scheduled,Water Supply,11
Noise pollution from construction near North Street at night,Environment,3
Last bus timing has been cancelled for Ambattur,Public Transport,6
Huge potholes on Gandhi Street in Royapettah,Road Maintenance,7
Vaccination camp was cancelled without notice in Saidapet,Health,4
Solar street lights installed in Velachery are non functional,Street Lighting,8
Illegal tree cutting is happening near Nehru Street in near the temple,Environment,3
"Low water pressure reported near Market Road, Vadapalani",Water Supply,11
Power supply tripped and not restored for 15 hours in Phase 2,Electricity,2
Ambulance service is delayed in Anna Nagar,Health,4
Bus stop shelter near Market Road is damaged,Public Transport,6
Bus conductor misbehaved with passengers on Kolathur route,Public Transport,6
Frequent traffic congestion on Main Road during peak hours,Traffic,9
Road near Market Road has not been repaired after monsoon,Road Maintenance,7
Someone demanded a bribe for approval of a document in Adyar,Corruption,0
Illegal tree cutting is happening near Ring Road in Kolathur,Environment,3
Illegal tree cutting is happening near Bypass Road in Nungambakkam,Environment,3
No science teacher appointed at near the temple school for 5 months,Education,1
There is no drinking water in Sector 5 for the past 2 days,Water Supply,11
Illegal parking is causing traffic jams on North Street,Traffic,9
Dead animal left uncollected on South Street in Egmore,Waste Management,10
Last bus timing has been cancelled for Vadapalani,Public Transport,6
Newly laid road on Park Avenue is already damaged,Road Maintenance,7
Overhead tank in Kolathur has not been cleaned in months,Water Supply,11
Burning of waste is causing smoke in Phase 2,Environment,3
Air pollution levels are high near the factory in Mylapore,Environment,3
Borewell in T Nagar has run dry,Water Supply,11
Segregated waste is being mixed by collection staff in Kolathur,Waste Management,10
Plastic waste dumped near the water body in Alwarpet,Environment,3
Teacher is absent regularly at the Adyar government school,Education,1
Zebra crossing markings have faded on School Lane,Traffic,9
Bus stop shelter near MG Road is damaged,Public Transport,6
Textbooks not distributed on time in the industrial estate schools,Education,1
Burning of waste is causing smoke in near the temple,Environment,3
Burning of waste is causing smoke in Egmore,Environment,3
Frequent power cuts are occurring in Anna Nagar,Electricity,2
Frequent traffic congestion on Church Street during peak hours,Traffic,9
No security personnel at the public park in near the temple,Public Safety,5
Open manhole causing danger on Nehru Street in near the temple,Public Safety,5
Dead animal left uncollected on Nehru Street in Nungambakkam,Waste Management,10
New electricity connection is delayed in Ambattur,Electricity,2
Bus conductor misbehaved with passengers on the railway station road route,Public Transport,6
Teacher is absent regularly at the Mylapore government school,Education,1
School building near South Street needs urgent repair,Education,1
"Traffic signal is damaged at MG Road junction, Royapettah",Traffic,9
Street light wiring is exposed and dangerous in the old bus stand area,Street Lighting,8
"New street light pole is needed on Station Road, the railway station road",Street Lighting,8
Government hospital near Nehru Street lacks basic medicines,Health,4
Overcrowded classrooms reported in Guindy government school,Education,1
No science teacher appointed at the government school area school for 8 months,Education,1
Burning of waste is causing smoke in Vadapalani,Environment,3
Noise pollution from construction near Market Road at night,Environment,3
Bus stop shelter near Gandhi Street is damaged,Public Transport,6
Overcrowded buses are running on the Chromepet route,Public Transport,6
11 street lights have been off for weeks near Main Road,Street Lighting,8
Billing error in electricity charges for Ambattur residents,Electricity,2
A municipal worker is taking bribes for water connection approvals in Kolathur,Corruption,0
There is no drinking water in near the temple for the past 9 days,Water Supply,11
No traffic police present at busy junction near Temple Street,Traffic,9
Construction debris left on Market Road blocking traffic,Road Maintenance,7
Illegal dumping of waste is happening near Gandhi Street,Waste Management,10
Street lights are not working on Main Road in Ambattur,Street Lighting,8
Dead animal left uncollected on Market Road in Alwarpet,Waste Management,10
Primary health center in T Nagar is understaffed,Health,4
Open manhole causing danger on Bazaar Street in Adyar,Public Safety,5
Overcrowded classrooms reported in Phase 2 government school,Education,1
School in the government school area lacks proper toilet facilities,Education,1
"Street lights remain on during daytime in Perambur, wasting power",Street Lighting,8
Stray dogs are attacking residents in Sector 5,Public Safety,5
Overcrowded buses are running on the Tambaram route,Public Transport,6
Solar street lights installed in the government school area are non functional,Street Lighting,8
Water body near the main market road is being polluted by industrial waste,Environment,3
Teacher is absent regularly at the Royapettah government school,Education,1
Someone demanded a bribe for approval of a document in Anna Nagar,Corruption,0
No science teacher appointed at Egmore school for 6 months,Education,1
Hospital in Phase 2 lacks cleanliness and hygiene,Health,4
Abandoned building near Ring Road is unsafe for children,Public Safety,5
Exposed wires near Market Road pose a danger to residents,Electricity,2
"Low water pressure reported near Station Road, Kodambakkam",Water Supply,11
School building near North Street needs urgent repair,Education,1
Zebra crossing markings have faded on School Lane,Traffic,9
Water tanker did not arrive in the old bus stand area as scheduled,Water Supply,11
Water pipe burst near South Street in Kolathur,Water Supply,11
No waste collection service provided in the main market road colony,Waste Management,10
Auto drivers are refusing to use the meter near MG Road,Public Transport,6
Hospital in Saidapet lacks cleanliness and hygiene,Health,4
Hospital in Guindy lacks cleanliness and hygiene,Health,4
Speed breakers are missing near the school on Ring Road,Road Maintenance,7
Bus frequency has reduced drastically on Ward 12 route,Public Transport,6
Illegal dumping of waste is happening near North Street,Waste Management,10
New electricity connection is delayed in Alwarpet,Electricity,2
Overcrowded classrooms reported in Egmore government school,Education,1
Long waiting times reported at Saidapet government hospital,Health,4
Dumping ground near T Nagar is causing bad odor,Waste Management,10
Road near Nehru Street has not been repaired after monsoon,Road Maintenance,7
School building near School Lane needs urgent repair,Education,1
Electricity is unavailable in Guindy for the past 3 days,Electricity,2
No specialist doctor visits the Guindy health center,Health,4
No water connection provided despite application in Sector 5,Water Supply,11
Billing error in electricity charges for Sector 5 residents,Electricity,2
School building near Bypass Road needs urgent repair,Education,1
A clerk is taking bribes for water connection approvals in the old bus stand area,Corruption,0
Exposed wires near Main Road pose a danger to residents,Electricity,2
Signboards are missing at the Gandhi Street intersection,Traffic,9
A clerk is taking bribes for water connection approvals in Porur,Corruption,0
School in the main market road lacks proper toilet facilities,Education,1
Signboards are missing at the Main Road intersection,Traffic,9
Overhead tank in Tambaram has not been cleaned in months,Water Supply,11
Road near Temple Street has not been repaired after monsoon,Road Maintenance,7
Vaccination camp was cancelled without notice in the old bus stand area,Health,4
Long waiting times reported at Sector 5 government hospital,Health,4
"No footpath available on Church Street, pedestrians face danger",Road Maintenance,7
Voltage fluctuation is damaging appliances in the housing board colony,Electricity,2
Road near School Lane has not been repaired after monsoon,Road Maintenance,7
Traffic signal timing is too short at Bazaar Street,Traffic,9
Huge potholes on Bypass Road in Alwarpet,Road Maintenance,7
"Low water pressure reported near Temple Street, Nungambakkam",Water Supply,11
No science teacher appointed at Pallavaram school for 3 months,Education,1
Bus stop shelter near Bypass Road is damaged,Public Transport,6
Overhead tank in Egmore has not been cleaned in months,Water Supply,11
Transformer near Bypass Road in Tambaram is not working,Electricity,2
Plastic waste dumped near the water body in Guindy,Environment,3
No traffic police present at busy junction near Market Road,Traffic,9
Road divider near School Lane is broken,Road Maintenance,7
Vaccination camp was cancelled without notice in Perambur,Health,4
Garbage is overflowing near Station Road in the government school area,Waste Management,10
Textbooks not distributed on time in Mylapore schools,Education,1
Traffic signal timing is too short at Ring Road,Traffic,9
Frequent traffic congestion on Main Road during peak hours,Traffic,9
Billing error in electricity charges for T Nagar residents,Electricity,2
No security personnel at the public park in Perambur,Public Safety,5
Traffic signal timing is too short at Station Road,Traffic,9
Overhead tank in Anna Nagar has not been cleaned in months,Water Supply,11
New electricity connection is delayed in Block C,Electricity,2
"No signal at the school crossing near Main Road, Vadapalani",Traffic,9
Corruption reported in distribution of government scheme benefits in Sector 5,Corruption,0
Government hospital near Market Road lacks basic medicines,Health,4
Broken compound wall near Station Road is a safety hazard,Public Safety,5
Segregated waste is being mixed by collection staff in the main market road,Waste Management,10
Someone demanded a bribe for approval of a document in T Nagar,Corruption,0
Garbage collection truck has not come to T Nagar for 8 days,Waste Management,10
Street lights are not working on MG Road in Tambaram,Street Lighting,8
Traffic signal timing is too short at North Street,Traffic,9
Hospital in Mylapore lacks cleanliness and hygiene,Health,4
Hospital in the panchayat office area lacks cleanliness and hygiene,Health,4
New electricity connection is delayed in Velachery,Electricity,2
Textbooks not distributed on time in the industrial estate schools,Education,1
Dark stretch on Bypass Road due to broken street lights,Street Lighting,8
A contractor is taking bribes for water connection approvals in Perambur,Corruption,0
No bus service available to Mylapore after 8 pm,Public Transport,6
Broken compound wall near South Street is a safety hazard,Public Safety,5
Deep pit left uncovered near Nehru Street in Ambattur,Public Safety,5
Bus service is irregular on the Mylapore route,Public Transport,6
Last bus timing has been cancelled for Block C,Public Transport,6
Streetside electric meter is sparking in Alwarpet,Electricity,2
Contaminated water is being supplied in Egmore,Water Supply,11
Streetside electric meter is sparking in Adyar,Electricity,2
Speed breakers are missing near the school on MG Road,Road Maintenance,7
Exposed wires near Temple Street pose a danger to residents,Electricity,2
Solar street lights installed in Porur are non functional,Street Lighting,8
Water tanker did not arrive in the housing board colony as scheduled,Water Supply,11
A middleman asked for extra money to process ration card in Kolathur,Corruption,0
"New street light pole is needed on Church Street, the panchayat office area",Street Lighting,8
Garbage collection truck has not come to Mylapore for 11 days,Waste Management,10
School lacks drinking water facility in the main market road,Education,1
Dead animal left uncollected on Church Street in Alwarpet,Waste Management,10
Garbage collection truck has not come to Tambaram for 5 days,Waste Management,10
Road divider near Church Street is broken,Road Maintenance,7
Public dustbin near Temple Street is broken and overflowing,Waste Management,10
Bus stop shelter near Temple Street is damaged,Public Transport,6
Dark stretch on Market Road due to broken street lights,Street Lighting,8
No water connection provided despite application in Mylapore,Water Supply,11
Illegal parking is causing traffic jams on Bypass Road,Traffic,9
No specialist doctor visits the Royapettah health center,Health,4
Deep pit left uncovered near Temple Street in the main market road,Public Safety,5
There is no drinking water in Egmore for the past 11 days,Water Supply,11
Streetside electric meter is sparking in Phase 2,Electricity,2
Long waiting times reported at Anna Nagar government hospital,Health,4
School lacks drinking water facility in near the temple,Education,1
No bus service available to Perambur after 8 pm,Public Transport,6
Electric pole near South Street is leaning dangerously,Electricity,2
Borewell in Guindy has run dry,Water Supply,11
No bus service available to T Nagar after 8 pm,Public Transport,6
No security personnel at the public park in Guindy,Public Safety,5
Last bus timing has been cancelled for Ambattur,Public Transport,6
"Traffic signal is damaged at Temple Street junction, Block C",Traffic,9
Garbage collection truck has not come to Egmore for 9 days,Waste Management,10
Segregated waste is being mixed by collection staff in the industrial estate,Waste Management,10
Signboards are missing at the Nehru Street intersection,Traffic,9
Noise pollution from construction near School Lane at night,Environment,3
No specialist doctor visits the Block C health center,Health,4
Last bus timing has been cancelled for Perambur,Public Transport,6
Abandoned building near Park Avenue is unsafe for children,Public Safety,5
Hospital in Mylapore lacks cleanliness and hygiene,Health,4
Open manhole causing danger on Ring Road in Nungambakkam,Public Safety,5
No specialist doctor visits the near the temple health center,Health,4
Billing error in electricity charges for T Nagar residents,Electricity,2
Unsafe construction site near North Street lacks barricades,Public Safety,5
No traffic police present at busy junction near Gandhi Street,Traffic,9
"Street lights remain on during daytime in Mylapore, wasting power",Street Lighting,8
Electric pole near North Street is leaning dangerously,Electricity,2
Traffic signal timing is too short at Main Road,Traffic,9
Encroachment on the lake near Egmore is destroying wetlands,Environment,3
Frequent traffic congestion on North Street during peak hours,Traffic,9
Broken compound wall near Main Road is a safety hazard,Public Safety,5
Construction debris left on South Street blocking traffic,Road Maintenance,7
Traffic signal timing is too short at Station Road,Traffic,9
There is no drinking water in Guindy for the past 9 days,Water Supply,11
Waterlogging occurs on Main Road during rains,Road Maintenance,7
Bus conductor misbehaved with passengers on Guindy route,Public Transport,6
Open manhole causing danger on MG Road in Alwarpet,Public Safety,5
Auto drivers are refusing to use the meter near School Lane,Public Transport,6
Transformer near Church Street in Ward 12 is not working,Electricity,2
Leaking pipeline is wasting water on MG Road,Water Supply,11
Water supply has been irregular in Saidapet for 8 weeks,Water Supply,11
Noise pollution from construction near Station Road at night,Environment,3
Corruption reported in distribution of government scheme benefits in the old bus stand area,Corruption,0
Dead animal left uncollected on South Street in Nungambakkam,Waste Management,10
Water tanker did not arrive in Adyar as scheduled,Water Supply,11
Teacher is absent regularly at the Ambattur government school,Education,1
Billing error in electricity charges for Alwarpet residents,Electricity,2
Bus conductor misbehaved with passengers on the government school area route,Public Transport,6
Water body near the main market road is being polluted by industrial waste,Environment,3
Encroachment on the lake near Perambur is destroying wetlands,Environment,3
Overhead tank in Chromepet has not been cleaned in months,Water Supply,11
No traffic police present at busy junction near School Lane,Traffic,9
Street lights are not working on Temple Street in Sector 5,Street Lighting,8
"No signal at the school crossing near Temple Street, near the temple",Traffic,9
Bus stop shelter near Station Road is damaged,Public Transport,6
Streetside electric meter is sparking in the main market road,Electricity,2
Illegal dumping of waste is happening near Church Street,Waste Management,10
School lacks drinking water facility in Vadapalani,Education,1
Auto drivers are refusing to use the meter near Nehru Street,Public Transport,6
Newly laid road on MG Road is already damaged,Road Maintenance,7
Street light wiring is exposed and dangerous in Alwarpet,Street Lighting,8
A government official is taking bribes for water connection approvals in Alwarpet,Corruption,0
Plastic waste dumped near the water body in the old bus stand area,Environment,3
"No signal at the school crossing near Temple Street, Anna Nagar",Traffic,9
Illegal dumping of waste is happening near Station Road,Waste Management,10
Overhead tank in Guindy has not been cleaned in months,Water Supply,11
Auto drivers are refusing to use the meter near South Street,Public Transport,6
Air pollution levels are high near the factory in near the temple,Environment,3
9 street lights have been off for weeks near Main Road,Street Lighting,8
Bus service is irregular on the Anna Nagar route,Public Transport,6
Air pollution levels are high near the factory in Chromepet,Environment,3
Money was demanded for processing a pension application in the railway station road,Corruption,0
Voltage fluctuation is damaging appliances in the industrial estate,Electricity,2
Air pollution levels are high near the factory in the industrial estate,Environment,3
Illegal sand mining reported near Royapettah,Environment,3
Teacher is absent regularly at the the housing board colony government school,Education,1
Signboards are missing at the Bypass Road intersection,Traffic,9
Textbooks not distributed on time in T Nagar schools,Education,1
Encroachment on the lake near Saidapet is destroying wetlands,Environment,3
Electricity is unavailable in Pallavaram for the past 12 days,Electricity,2
Segregated waste is being mixed by collection staff in Nungambakkam,Waste Management,10
Illegal dumping of waste is happening near School Lane,Waste Management,10
Huge potholes on Park Avenue in Sector 5,Road Maintenance,7
Mid day meal quality is poor at Vadapalani school,Education,1
Electricity is unavailable in the main market road for the past 6 days,Electricity,2
Overhead tank in Ambattur has not been cleaned in months,Water Supply,11
Zebra crossing markings have faded on North Street,Traffic,9
Signboards are missing at the School Lane intersection,Traffic,9
Dark stretch on South Street due to broken street lights,Street Lighting,8
Hospital in near the temple lacks cleanliness and hygiene,Health,4
Transformer near North Street in Anna Nagar is not working,Electricity,2
Hospital in Kodambakkam lacks cleanliness and hygiene,Health,4
Encroachment on the lake near Alwarpet is destroying wetlands,Environment,3
Construction debris left on MG Road blocking traffic,Road Maintenance,7
Mid day meal quality is poor at Kodambakkam school,Education,1
Water supply has been irregular in Velachery for 12 weeks,Water Supply,11
Illegal parking is causing traffic jams on Temple Street,Traffic,9
Water tanker did not arrive in Sector 5 as scheduled,Water Supply,11
Vaccination camp was cancelled without notice in Anna Nagar,Health,4
Last bus timing has been cancelled for near the temple,Public Transport,6
Textbooks not distributed on time in T Nagar schools,Education,1
Billing error in electricity charges for Nungambakkam residents,Electricity,2
Money was demanded for processing a pension application in Tambaram,Corruption,0
"New street light pole is needed on Bypass Road, Ward 12",Street Lighting,8
"Low water pressure reported near Ring Road, Royapettah",Water Supply,11
Encroachment on the lake near Mylapore is destroying wetlands,Environment,3
No specialist doctor visits the T Nagar health center,Health,4
Money was demanded for processing a pension application in Pallavaram,Corruption,0
No bus service available to Kolathur after 8 pm,Public Transport,6
No traffic police present at busy junction near Temple Street,Traffic,9
Textbooks not distributed on time in Pallavaram schools,Education,1
No specialist doctor visits the the main market road health center,Health,4
A local shopkeeper is taking bribes for water connection approvals in Pallavaram,Corruption,0
Government hospital near Gandhi Street lacks basic medicines,Health,4
Bus frequency has reduced drastically on the government school area route,Public Transport,6
Road near Temple Street has not been repaired after monsoon,Road Maintenance,7
Dark stretch on North Street due to broken street lights,Street Lighting,8
School lacks drinking water facility in Velachery,Education,1
Public dustbin near South Street is broken and overflowing,Waste Management,10
Teacher is absent regularly at the Egmore government school,Education,1
Plastic waste dumped near the water body in Alwarpet,Environment,3
School in Sector 5 lacks proper toilet facilities,Education,1
Segregated waste is being mixed by collection staff in Pallavaram,Waste Management,10
"No signal at the school crossing near Temple Street, Velachery",Traffic,9
A contractor is taking bribes for water connection approvals in the panchayat office area,Corruption,0
Bus stop shelter near North Street is damaged,Public Transport,6
"Street lights remain on during daytime in Mylapore, wasting power",Street Lighting,8
Air pollution levels are high near the factory in Porur,Environment,3
Overhead tank in Ward 12 has not been cleaned in months,Water Supply,11
Street light wiring is exposed and dangerous in Anna Nagar,Street Lighting,8
School building near Market Road needs urgent repair,Education,1
Live wire lying on Temple Street poses electrocution risk,Public Safety,5
Streetside electric meter is sparking in Tambaram,Electricity,2
Noise pollution from construction near Bypass Road at night,Environment,3
Contaminated water is being supplied in Royapettah,Water Supply,11
Street light wiring is exposed and dangerous in Vadapalani,Street Lighting,8
A clerk asked for extra money to process ration card in the panchayat office area,Corruption,0
Illegal tree cutting is happening near MG Road in the government school area,Environment,3
Frequent power cuts are occurring in Pallavaram,Electricity,2
Bus service is irregular on the Block C route,Public Transport,6
Abandoned building near Main Road is unsafe for children,Public Safety,5
School building near MG Road needs urgent repair,Education,1
Newly laid road on South Street is already damaged,Road Maintenance,7
Bus conductor misbehaved with passengers on T Nagar route,Public Transport,6
Segregated waste is being mixed by collection staff in the main market road,Waste Management,10
Noise pollution from construction near Market Road at night,Environment,3
Bus service is irregular on the the railway station road route,Public Transport,6
Textbooks not distributed on time in Anna Nagar schools,Education,1
Water tanker did not arrive in Alwarpet as scheduled,Water Supply,11
Hospital in Kodambakkam has no doctors available,Health,4
Electricity is unavailable in Nungambakkam for the past 9 days,Electricity,2
Live wire lying on Bypass Road poses electrocution risk,Public Safety,5
Solar street lights installed in Kodambakkam are non functional,Street Lighting,8
"Low water pressure reported near MG Road, Ambattur",Water Supply,11
Encroachment on the lake near Egmore is destroying wetlands,Environment,3
Overhead tank in Porur has not been cleaned in months,Water Supply,11
Speed breakers are missing near the school on Ring Road,Road Maintenance,7
Water body near Mylapore is being polluted by industrial waste,Environment,3
Encroachment on the lake near Kolathur is destroying wetlands,Environment,3
Street lights are not working on School Lane in Saidapet,Street Lighting,8
Road divider near South Street is broken,Road Maintenance,7
Garbage collection truck has not come to Porur for 10 days,Waste Management,10
Illegal tree cutting is happening near Church Street in the railway station road,Environment,3
No specialist doctor visits the Nungambakkam health center,Health,4
School building near North Street needs urgent repair,Education,1
Auto drivers are refusing to use the meter near MG Road,Public Transport,6
Overcrowded classrooms reported in T Nagar government school,Education,1
"No footpath available on Bypass Road, pedestrians face danger",Road Maintenance,7
Road near Bypass Road has not been repaired after monsoon,Road Maintenance,7
Broken compound wall near Market Road is a safety hazard,Public Safety,5
Signboards are missing at the Main Road intersection,Traffic,9
Burning of waste is causing smoke in Ambattur,Environment,3
Illegal tree cutting is happening near Gandhi Street in near the temple,Environment,3
Streetside electric meter is sparking in Adyar,Electricity,2
Overhead tank in Vadapalani has not been cleaned in months,Water Supply,11
Water supply has been irregular in the old bus stand area for 15 weeks,Water Supply,11
No specialist doctor visits the the old bus stand area health center,Health,4
Street lights are not working on Main Road in Ambattur,Street Lighting,8
A local shopkeeper asked for extra money to process ration card in Adyar,Corruption,0
Water body near the housing board colony is being polluted by industrial waste,Environment,3
Mid day meal quality is poor at Kolathur school,Education,1
Zebra crossing markings have faded on Nehru Street,Traffic,9
School lacks drinking water facility in the railway station road,Education,1
Last bus timing has been cancelled for the government school area,Public Transport,6
Overcrowded classrooms reported in Porur government school,Education,1
Bribe was demanded for issuing a building permit in Nungambakkam,Corruption,0
"No signal at the school crossing near Market Road, Phase 2",Traffic,9
"New street light pole is needed on South Street, Anna Nagar",Street Lighting,8
Signboards are missing at the Main Road intersection,Traffic,9
Street light flickers continuously on Ring Road,Street Lighting,8
School lacks drinking water facility in near the temple,Education,1
Garbage collection truck has not come to Phase 2 for 13 days,Waste Management,10
New electricity connection is delayed in T Nagar,Electricity,2
Streetside electric meter is sparking in Perambur,Electricity,2
Abandoned building near Temple Street is unsafe for children,Public Safety,5
No waste collection service provided in T Nagar colony,Waste Management,10
Abandoned building near Temple Street is unsafe for children,Public Safety,5
Water body near the government school area is being polluted by industrial waste,Environment,3
Mid day meal quality is poor at Egmore school,Education,1
Overcrowded buses are running on the T Nagar route,Public Transport,6
Frequent traffic congestion on School Lane during peak hours,Traffic,9
Open manhole causing danger on South Street in Anna Nagar,Public Safety,5
Air pollution levels are high near the factory in Alwarpet,Environment,3
No specialist doctor visits the the railway station road health center,Health,4
Ambulance service is delayed in Saidapet,Health,4
A contractor asked for extra money to process ration card in Kolathur,Corruption,0
Overcrowded buses are running on the the industrial estate route,Public Transport,6
Overcrowded buses are running on the the industrial estate route,Public Transport,6
Deep pit left uncovered near North Street in the panchayat office area,Public Safety,5
Broken compound wall near North Street is a safety hazard,Public Safety,5
Ambulance service is delayed in the housing board colony,Health,4
Bus stop shelter near MG Road is damaged,Public Transport,6
New electricity connection is delayed in Kolathur,Electricity,2
Construction debris left on MG Road blocking traffic,Road Maintenance,7
Frequent power cuts are occurring in Ambattur,Electricity,2
Leaking pipeline is wasting water on Main Road,Water Supply,11
Transformer near North Street in Egmore is not working,Electricity,2
Solar street lights installed in the railway station road are non functional,Street Lighting,8
Noise pollution from construction near Church Street at night,Environment,3
Teacher is absent regularly at the Pallavaram government school,Education,1
Electricity is unavailable in Anna Nagar for the past 4 days,Electricity,2
Overcrowded buses are running on the the government school area route,Public Transport,6
"Low water pressure reported near School Lane, Velachery",Water Supply,11
Power supply tripped and not restored for 3 hours in Sector 5,Electricity,2
Exposed wires near Bazaar Street pose a danger to residents,Electricity,2
Leaking pipeline is wasting water on Station Road,Water Supply,11
"Low water pressure reported near Gandhi Street, the government school area",Water Supply,11
Overhead tank in Anna Nagar has not been cleaned in months,Water Supply,11
Bus conductor misbehaved with passengers on Chromepet route,Public Transport,6
Bus stop shelter near MG Road is damaged,Public Transport,6
Bribe was demanded for issuing a building permit in Ambattur,Corruption,0
Street light flickers continuously on School Lane,Street Lighting,8
Exposed wires near School Lane pose a danger to residents,Electricity,2
Auto drivers are refusing to use the meter near Nehru Street,Public Transport,6
No security personnel at the public park in Pallavaram,Public Safety,5
Last bus timing has been cancelled for Nungambakkam,Public Transport,6
Last bus timing has been cancelled for the main market road,Public Transport,6
Bus conductor misbehaved with passengers on Kodambakkam route,Public Transport,6
Garbage collection truck has not come to Guindy for 14 days,Waste Management,10
No specialist doctor visits the near the temple health center,Health,4
Waterlogging occurs on Bypass Road during rains,Road Maintenance,7
Speed breakers are missing near the school on South Street,Road Maintenance,7
"Street lights remain on during daytime in Phase 2, wasting power",Street Lighting,8
Leaking pipeline is wasting water on Station Road,Water Supply,11
Illegal tree cutting is happening near South Street in Kolathur,Environment,3
Abandoned building near Church Street is unsafe for children,Public Safety,5
"No footpath available on MG Road, pedestrians face danger",Road Maintenance,7
No security personnel at the public park in Perambur,Public Safety,5
Bus service is irregular on the Block C route,Public Transport,6
Huge potholes on South Street in Velachery,Road Maintenance,7
"No footpath available on Temple Street, pedestrians face danger",Road Maintenance,7
Zebra crossing markings have faded on MG Road,Traffic,9
Abandoned building near Ring Road is unsafe for children,Public Safety,5
Illegal dumping of waste is happening near Bypass Road,Waste Management,10
Air pollution levels are high near the factory in T Nagar,Environment,3
School building near Park Avenue needs urgent repair,Education,1
No security personnel at the public park in Pallavaram,Public Safety,5
Newly laid road on Bazaar Street is already damaged,Road Maintenance,7
Encroachment on the lake near near the temple is destroying wetlands,Environment,3
Frequent traffic congestion on School Lane during peak hours,Traffic,9
Overcrowded buses are running on the Mylapore route,Public Transport,6
Water pipe burst near South Street in T Nagar,Water Supply,11
Open manhole causing danger on Station Road in the industrial estate,Public Safety,5
Open manhole causing danger on Ring Road in Chromepet,Public Safety,5
Street light flickers continuously on Bazaar Street,Street Lighting,8
Road divider near Main Road is broken,Road Maintenance,7
Solar street lights installed in the government school area are non functional,Street Lighting,8
Signboards are missing at the Market Road intersection,Traffic,9
Waterlogging occurs on Gandhi Street during rains,Road Maintenance,7
Street light flickers continuously on Church Street,Street Lighting,8
Textbooks not distributed on time in Porur schools,Education,1
Long waiting times reported at Saidapet government hospital,Health,4
Bus frequency has reduced drastically on Chromepet route,Public Transport,6
Overhead tank in Perambur has not been cleaned in months,Water Supply,11
"No footpath available on Gandhi Street, pedestrians face danger",Road Maintenance,7
No waste collection service provided in the government school area colony,Waste Management,10
Encroachment on the lake near the industrial estate is destroying wetlands,Environment,3
Abandoned building near Temple Street is unsafe for children,Public Safety,5
Someone demanded a bribe for approval of a document in the main market road,Corruption,0
School in the industrial estate lacks proper toilet facilities,Education,1
Bus stop shelter near Ring Road is damaged,Public Transport,6
Hospital in the industrial estate has no doctors available,Health,4
Bribe was demanded for issuing a building permit in Vadapalani,Corruption,0
Traffic signal timing is too short at MG Road,Traffic,9
"No footpath available on South Street, pedestrians face danger",Road Maintenance,7
Bus service is irregular on the T Nagar route,Public Transport,6
Open manhole causing danger on Ring Road in Sector 5,Public Safety,5
Textbooks not distributed on time in Kolathur schools,Education,1
A clerk is taking bribes for water connection approvals in the industrial estate,Corruption,0
Open manhole causing danger on Bypass Road in Mylapore,Public Safety,5
There is no drinking water in Anna Nagar for the past 4 days,Water Supply,11
Teacher is absent regularly at the Vadapalani government school,Education,1
Newly laid road on Market Road is already damaged,Road Maintenance,7
Illegal parking is causing traffic jams on Bazaar Street,Traffic,9
"Street lights remain on during daytime in Anna Nagar, wasting power",Street Lighting,8
Garbage collection truck has not come to Tambaram for 4 days,Waste Management,10
Water pipe burst near Market Road in Phase 2,Water Supply,11
Vaccination camp was cancelled without notice in Guindy,Health,4
8 street lights have been off for weeks near MG Road,Street Lighting,8
Huge potholes on Church Street in Egmore,Road Maintenance,7
Voltage fluctuation is damaging appliances in Mylapore,Electricity,2
Open manhole causing danger on Station Road in near the temple,Public Safety,5
Water tanker did not arrive in Porur as scheduled,Water Supply,11
Bus service is irregular on the Sector 5 route,Public Transport,6
Power supply tripped and not restored for 12 hours in near the temple,Electricity,2
"Traffic signal is damaged at Nehru Street junction, Chromepet",Traffic,9
Ambulance service is delayed in Royapettah,Health,4
Billing error in electricity charges for Guindy residents,Electricity,2
Open manhole causing danger on Nehru Street in Mylapore,Public Safety,5
Borewell in the housing board colony has run dry,Water Supply,11
Auto drivers are refusing to use the meter near Main Road,Public Transport,6
Encroachment on the lake near Adyar is destroying wetlands,Environment,3
Bus frequency has reduced drastically on Block C route,Public Transport,6
Transformer near School Lane in the old bus stand area is not working,Electricity,2
Noise pollution from construction near Ring Road at night,Environment,3
Broken compound wall near Park Avenue is a safety hazard,Public Safety,5
Garbage is overflowing near South Street in Nungambakkam,Waste Management,10
A middleman asked for extra money to process ration card in Vadapalani,Corruption,0
School building near South Street needs urgent repair,Education,1
Overhead tank in Anna Nagar has not been cleaned in months,Water Supply,11
No specialist doctor visits the Porur health center,Health,4
Water tanker did not arrive in the railway station road as scheduled,Water Supply,11
Dark stretch on Gandhi Street due to broken street lights,Street Lighting,8
Waterlogging occurs on South Street during rains,Road Maintenance,7
Encroachment on the lake near Phase 2 is destroying wetlands,Environment,3
Streetside electric meter is sparking in Nungambakkam,Electricity,2
Illegal parking is causing traffic jams on Temple Street,Traffic,9
Signboards are missing at the Nehru Street intersection,Traffic,9
Garbage is overflowing near Church Street in Anna Nagar,Waste Management,10
Bus stop shelter near Ring Road is damaged,Public Transport,6
Water supply has been irregular in Guindy for 6 weeks,Water Supply,11
Someone demanded a bribe for approval of a document in Kolathur,Corruption,0
Broken compound wall near Ring Road is a safety hazard,Public Safety,5
Speed breakers are missing near the school on Church Street,Road Maintenance,7
Borewell in the old bus stand area has run dry,Water Supply,11
No bus service available to Kolathur after 8 pm,Public Transport,6
Dead animal left uncollected on Bypass Road in Kodambakkam,Waste Management,10
Voltage fluctuation is damaging appliances in the old bus stand area,Electricity,2
Overcrowded buses are running on the Kodambakkam route,Public Transport,6
"Traffic signal is damaged at Bazaar Street junction, Kodambakkam",Traffic,9
Exposed wires near Park Avenue pose a danger to residents,Electricity,2
Garbage collection truck has not come to Sector 5 for 15 days,Waste Management,10
"Low water pressure reported near Station Road, Nungambakkam",Water Supply,11
Bribe was demanded for issuing a building permit in Phase 2,Corruption,0
Auto drivers are refusing to use the meter near South Street,Public Transport,6
Illegal sand mining reported near T Nagar,Environment,3
Bribe was demanded for issuing a building permit in near the temple,Corruption,0
Frequent traffic congestion on Nehru Street during peak hours,Traffic,9
Corruption reported in distribution of government scheme benefits in Guindy,Corruption,0
Official at the Nungambakkam office is demanding money for a certificate,Corruption,0
There is no drinking water in Block C for the past 3 days,Water Supply,11
No traffic police present at busy junction near Ring Road,Traffic,9
Open manhole causing danger on North Street in Kolathur,Public Safety,5
Illegal dumping of waste is happening near Church Street,Waste Management,10
Public dustbin near Nehru Street is broken and overflowing,Waste Management,10
Bus service is irregular on the Kolathur route,Public Transport,6
Textbooks not distributed on time in Anna Nagar schools,Education,1
Someone demanded a bribe for approval of a document in Pallavaram,Corruption,0
Primary health center in Ambattur is understaffed,Health,4
Speed breakers are missing near the school on Park Avenue,Road Maintenance,7
Huge potholes on MG Road in Royapettah,Road Maintenance,7
Bus stop shelter near Market Road is damaged,Public Transport,6
Illegal sand mining reported near Royapettah,Environment,3
Construction debris left on Bazaar Street blocking traffic,Road Maintenance,7
Bus frequency has reduced drastically on Chromepet route,Public Transport,6
Bus frequency has reduced drastically on Phase 2 route,Public Transport,6
Deep pit left uncovered near South Street in Mylapore,Public Safety,5
Street lights are not working on Park Avenue in Mylapore,Street Lighting,8
Money was demanded for processing a pension application in Alwarpet,Corruption,0
Huge potholes on South Street in the industrial estate,Road Maintenance,7
"No signal at the school crossing near Church Street, Kodambakkam",Traffic,9
School lacks drinking water facility in Nungambakkam,Education,1
Segregated waste is being mixed by collection staff in Ward 12,Waste Management,10
"New street light pole is needed on School Lane, Ambattur",Street Lighting,8
Waterlogging occurs on Main Road during rains,Road Maintenance,7
Construction debris left on South Street blocking traffic,Road Maintenance,7
Someone demanded a bribe for approval of a document in Adyar,Corruption,0
New electricity connection is delayed in Mylapore,Electricity,2
Overcrowded buses are running on the Guindy route,Public Transport,6
Encroachment on the lake near Perambur is destroying wetlands,Environment,3
Construction debris left on North Street blocking traffic,Road Maintenance,7
Bus service is irregular on the T Nagar route,Public Transport,6
No bus service available to Chromepet after 8 pm,Public Transport,6
Encroachment on the lake near T Nagar is destroying wetlands,Environment,3
Bribe was demanded for issuing a building permit in the main market road,Corruption,0
Borewell in T Nagar has run dry,Water Supply,11
Overcrowded buses are running on the Guindy route,Public Transport,6
Illegal sand mining reported near Adyar,Environment,3
Money was demanded for processing a pension application in the panchayat office area,Corruption,0
Road divider near Main Road is broken,Road Maintenance,7
Primary health center in the government school area is understaffed,Health,4
Street light flickers continuously on Bypass Road,Street Lighting,8
Abandoned building near Bypass Road is unsafe for children,Public Safety,5
Broken compound wall near Market Road is a safety hazard,Public Safety,5
Electricity is unavailable in Block C for the past 4 days,Electricity,2
Corruption reported in distribution of government scheme benefits in Ambattur,Corruption,0
Road divider near Nehru Street is broken,Road Maintenance,7
No bus service available to Nungambakkam after 8 pm,Public Transport,6
Frequent traffic congestion on Station Road during peak hours,Traffic,9
Electric pole near Temple Street is leaning dangerously,Electricity,2
Signboards are missing at the Nehru Street intersection,Traffic,9
Public dustbin near South Street is broken and overflowing,Waste Management,10
Street light wiring is exposed and dangerous in the panchayat office area,Street Lighting,8
No science teacher appointed at Block C school for 2 months,Education,1
Overcrowded buses are running on the Saidapet route,Public Transport,6
"No signal at the school crossing near Church Street, Perambur",Traffic,9
Teacher is absent regularly at the the industrial estate government school,Education,1
Borewell in Velachery has run dry,Water Supply,11
Overcrowded buses are running on the Nungambakkam route,Public Transport,6
Long waiting times reported at the government school area government hospital,Health,4
"No signal at the school crossing near Ring Road, Anna Nagar",Traffic,9
Someone demanded a bribe for approval of a document in Guindy,Corruption,0
No specialist doctor visits the the industrial estate health center,Health,4
Waterlogging occurs on MG Road during rains,Road Maintenance,7
Illegal dumping of waste is happening near South Street,Waste Management,10
Power supply tripped and not restored for 3 hours in the railway station road,Electricity,2
Unsafe construction site near Gandhi Street lacks barricades,Public Safety,5
A clerk is taking bribes for water connection approvals in Royapettah,Corruption,0
Contaminated water is being supplied in Perambur,Water Supply,11
Street light wiring is exposed and dangerous in Ward 12,Street Lighting,8
Illegal dumping of waste is happening near Main Road,Waste Management,10
No waste collection service provided in Kodambakkam colony,Waste Management,10
Electricity is unavailable in Perambur for the past 8 days,Electricity,2
Voltage fluctuation is damaging appliances in Vadapalani,Electricity,2
"No footpath available on North Street, pedestrians face danger",Road Maintenance,7
Huge potholes on Gandhi Street in Ambattur,Road Maintenance,7
12 street lights have been off for weeks near Main Road,Street Lighting,8
Money was demanded for processing a pension application in Adyar,Corruption,0
Hospital in Kodambakkam lacks cleanliness and hygiene,Health,4
Government hospital near Church Street lacks basic medicines,Health,4
Leaking pipeline is wasting water on Ring Road,Water Supply,11
Burning of waste is causing smoke in Adyar,Environment,3
Street light wiring is exposed and dangerous in the main market road,Street Lighting,8
Garbage is overflowing near Gandhi Street in Tambaram,Waste Management,10
Hospital in the old bus stand area has no doctors available,Health,4
"Street lights remain on during daytime in the railway station road, wasting power",Street Lighting,8
Vaccination camp was cancelled without notice in Egmore,Health,4
Bus service is irregular on the Anna Nagar route,Public Transport,6
Deep pit left uncovered near North Street in Vadapalani,Public Safety,5
"New street light pole is needed on Temple Street, Velachery",Street Lighting,8
"Traffic signal is damaged at Station Road junction, Kodambakkam",Traffic,9
Plastic waste dumped near the water body in the panchayat office area,Environment,3
There is no drinking water in Nungambakkam for the past 11 days,Water Supply,11
Bus service is irregular on the the old bus stand area route,Public Transport,6
Water supply has been irregular in Saidapet for 13 weeks,Water Supply,11
School in Egmore lacks proper toilet facilities,Education,1
9 street lights have been off for weeks near Temple Street,Street Lighting,8
"Traffic signal is damaged at School Lane junction, the government school area",Traffic,9
Street lights are not working on North Street in Royapettah,Street Lighting,8
Live wire lying on School Lane poses electrocution risk,Public Safety,5
Borewell in Nungambakkam has run dry,Water Supply,11
An officer at the counter asked for extra money to process ration card in Velachery,Corruption,0
Dark stretch on South Street due to broken street lights,Street Lighting,8
School building near North Street needs urgent repair,Education,1
Teacher is absent regularly at the Perambur government school,Education,1
Stray dogs are attacking residents in Guindy,Public Safety,5
Contaminated water is being supplied in Block C,Water Supply,11
Textbooks not distributed on time in near the temple schools,Education,1
Hospital in Egmore has no doctors available,Health,4
Textbooks not distributed on time in Pallavaram schools,Education,1
Overcrowded buses are running on the Royapettah route,Public Transport,6
Illegal sand mining reported near the government school area,Environment,3
Garbage is overflowing near MG Road in Egmore,Waste Management,10
Money was demanded for processing a pension application in Phase 2,Corruption,0
Auto drivers are refusing to use the meter near Station Road,Public Transport,6
Road divider near Park Avenue is broken,Road Maintenance,7
Street lights are not working on Bazaar Street in Chromepet,Street Lighting,8
Overcrowded classrooms reported in the panchayat office area government school,Education,1
Plastic waste dumped near the water body in Ambattur,Environment,3
Air pollution levels are high near the factory in Perambur,Environment,3
Money was demanded for processing a pension application in Kodambakkam,Corruption,0
No waste collection service provided in Velachery colony,Waste Management,10
Borewell in Royapettah has run dry,Water Supply,11
Construction debris left on Main Road blocking traffic,Road Maintenance,7
Water supply has been irregular in Porur for 4 weeks,Water Supply,11
3 street lights have been off for weeks near Temple Street,Street Lighting,8
Live wire lying on Main Road poses electrocution risk,Public Safety,5
Huge potholes on Bypass Road in Nungambakkam,Road Maintenance,7
New electricity connection is delayed in Adyar,Electricity,2
Dark stretch on Bazaar Street due to broken street lights,Street Lighting,8
Bus conductor misbehaved with passengers on near the temple route,Public Transport,6
Burning of waste is causing smoke in Egmore,Environment,3
Waterlogging occurs on Gandhi Street during rains,Road Maintenance,7
"Street lights remain on during daytime in Porur, wasting power",Street Lighting,8
Mid day meal quality is poor at Adyar school,Education,1
Mid day meal quality is poor at the government school area school,Education,1
Waterlogging occurs on Temple Street during rains,Road Maintenance,7
Exposed wires near Main Road pose a danger to residents,Electricity,2
Long waiting times reported at Royapettah government hospital,Health,4
Power supply tripped and not restored for 6 hours in Adyar,Electricity,2
Street light flickers continuously on Park Avenue,Street Lighting,8
Street light wiring is exposed and dangerous in Egmore,Street Lighting,8
"Street lights remain on during daytime in Adyar, wasting power",Street Lighting,8
Bus conductor misbehaved with passengers on Saidapet route,Public Transport,6
No waste collection service provided in Anna Nagar colony,Waste Management,10
Last bus timing has been cancelled for Egmore,Public Transport,6
Last bus timing has been cancelled for Kolathur,Public Transport,6
Water supply has been irregular in Nungambakkam for 2 weeks,Water Supply,11
Newly laid road on Nehru Street is already damaged,Road Maintenance,7
Bribe was demanded for issuing a building permit in Block C,Corruption,0
Exposed wires near Gandhi Street pose a danger to residents,Electricity,2
Someone demanded a bribe for approval of a document in Phase 2,Corruption,0
Garbage is overflowing near Bypass Road in Anna Nagar,Waste Management,10
Road near Gandhi Street has not been repaired after monsoon,Road Maintenance,7
Solar street lights installed in Kodambakkam are non functional,Street Lighting,8
Broken compound wall near Ring Road is a safety hazard,Public Safety,5
Garbage collection truck has not come to the main market road for 12 days,Waste Management,10
No science teacher appointed at Ward 12 school for 8 months,Education,1
Borewell in the railway station road has run dry,Water Supply,11
"No footpath available on Nehru Street, pedestrians face danger",Road Maintenance,7
Bus conductor misbehaved with passengers on the panchayat office area route,Public Transport,6
Transformer near Ring Road in the housing board colony is not working,Electricity,2
No waste collection service provided in the old bus stand area colony,Waste Management,10
Illegal tree cutting is happening near Station Road in the government school area,Environment,3
Plastic waste dumped near the water body in Porur,Environment,3
Garbage collection truck has not come to Velachery for 11 days,Waste Management,10
No science teacher appointed at the main market road school for 2 months,Education,1
Construction debris left on Park Avenue blocking traffic,Road Maintenance,7
"No footpath available on South Street, pedestrians face danger",Road Maintenance,7
No traffic police present at busy junction near MG Road,Traffic,9
Long waiting times reported at Saidapet government hospital,Health,4
No traffic police present at busy junction near MG Road,Traffic,9
Long waiting times reported at Kodambakkam government hospital,Health,4
Hospital in Saidapet lacks cleanliness and hygiene,Health,4
"Traffic signal is damaged at Market Road junction, Chromepet",Traffic,9
Speed breakers are missing near the school on North Street,Road Maintenance,7
Open manhole causing danger on South Street in Velachery,Public Safety,5
Water body near Anna Nagar is being polluted by industrial waste,Environment,3
Waterlogging occurs on Station Road during rains,Road Maintenance,7
Leaking pipeline is wasting water on North Street,Water Supply,11
Last bus timing has been cancelled for Perambur,Public Transport,6
Solar street lights installed in the panchayat office area are non functional,Street Lighting,8
Hospital in Block C lacks cleanliness and hygiene,Health,4
Illegal dumping of waste is happening near North Street,Waste Management,10
Power supply tripped and not restored for 10 hours in the panchayat office area,Electricity,2
12 street lights have been off for weeks near North Street,Street Lighting,8
School in the housing board colony lacks proper toilet facilities,Education,1
"Traffic signal is damaged at Gandhi Street junction, Mylapore",Traffic,9
Illegal parking is causing traffic jams on Ring Road,Traffic,9
Bus conductor misbehaved with passengers on Vadapalani route,Public Transport,6
Bus conductor misbehaved with passengers on Block C route,Public Transport,6
Plastic waste dumped near the water body in Anna Nagar,Environment,3
No specialist doctor visits the Sector 5 health center,Health,4
Overcrowded classrooms reported in Alwarpet government school,Education,1
Broken compound wall near Bazaar Street is a safety hazard,Public Safety,5
Garbage collection truck has not come to Sector 5 for 7 days,Waste Management,10
Solar street lights installed in the railway station road are non functional,Street Lighting,8
There is no drinking water in Chromepet for the past 10 days,Water Supply,11
Burning of waste is causing smoke in Porur,Environment,3
Electric pole near Park Avenue is leaning dangerously,Electricity,2
Official at the Phase 2 office is demanding money for a certificate,Corruption,0
School building near Main Road needs urgent repair,Education,1
Mid day meal quality is poor at Kolathur school,Education,1
Textbooks not distributed on time in Ambattur schools,Education,1
Burning of waste is causing smoke in T Nagar,Environment,3
Bus service is irregular on the Kodambakkam route,Public Transport,6
Street light wiring is exposed and dangerous in Kolathur,Street Lighting,8
Electricity is unavailable in Egmore for the past 14 days,Electricity,2
"Low water pressure reported near South Street, Pallavaram",Water Supply,11
Huge potholes on MG Road in Anna Nagar,Road Maintenance,7
New electricity connection is delayed in Kolathur,Electricity,2
Street light wiring is exposed and dangerous in the industrial estate,Street Lighting,8
Stray dogs are attacking residents in Block C,Public Safety,5
No security personnel at the public park in the housing board colony,Public Safety,5
